# Blender 4.1.1
# www.blender.org
mtllib caster_protonbeam.mtl
o Cube
v -0.006983 0.000000 -0.006983
v -0.006983 -0.000000 0.006983
v -10.666668 32.000004 -10.666666
v -10.666668 32.000004 10.666669
v 0.006983 0.000000 -0.006983
v 0.006983 -0.000000 0.006983
v 10.666668 32.000004 -10.666666
v 10.666668 32.000004 10.666669
v -0.008128 0.000000 -0.005524
v -0.008947 0.000000 -0.003819
v -0.009438 0.000000 -0.001950
v -0.009601 0.000000 0.000000
v -0.009438 -0.000000 0.001950
v -0.008947 -0.000000 0.003819
v -0.008128 -0.000000 0.005524
v -12.416667 32.000000 8.437502
v -13.666668 32.000004 5.833335
v -14.416667 32.000000 2.979169
v -14.666668 32.000004 0.000001
v -14.416669 32.000004 -2.979166
v -13.666668 32.000004 -5.833333
v -12.416668 32.000004 -8.437500
v 8.437501 32.000004 -12.416668
v 5.833334 32.000004 -13.666666
v 2.979167 32.000004 -14.416667
v 0.000000 32.000004 -14.666667
v -2.979167 32.000004 -14.416667
v -5.833334 32.000004 -13.666666
v -8.437501 32.000004 -12.416667
v -8.437500 32.000000 12.416669
v -5.833334 32.000004 13.666670
v -2.979167 32.000000 14.416669
v 0.000000 32.000004 14.666671
v 2.979167 32.000004 14.416670
v 5.833334 32.000004 13.666670
v 8.437501 32.000004 12.416670
v 12.416668 32.000004 8.437502
v 13.666668 32.000004 5.833335
v 14.416669 32.000004 2.979168
v 14.666668 32.000004 0.000001
v 14.416669 32.000004 -2.979166
v 13.666668 32.000004 -5.833333
v 12.416668 32.000004 -8.437500
v 9.334207 27.999998 -9.334206
v 8.001746 24.000004 -8.001745
v 6.669286 20.000004 -6.669285
v 5.336825 16.000002 -5.336824
v 4.004365 12.000002 -4.004365
v 2.671904 8.000001 -2.671904
v 1.339443 4.000000 -1.339443
v 0.008128 -0.000000 0.005524
v 0.008947 -0.000000 0.003819
v 0.009438 -0.000000 0.001950
v 0.009601 -0.000000 0.000000
v 0.009438 0.000000 -0.001950
v 0.008947 0.000000 -0.003819
v 0.008128 0.000000 -0.005524
v -0.005524 0.000000 -0.008128
v -0.003819 0.000000 -0.008947
v -0.001950 0.000000 -0.009438
v 0.000000 0.000000 -0.009601
v 0.001950 0.000000 -0.009438
v 0.003819 0.000000 -0.008947
v 0.005524 0.000000 -0.008128
v 0.005524 -0.000000 0.008128
v 0.003819 -0.000000 0.008947
v 0.001950 -0.000000 0.009438
v -0.000000 -0.000000 0.009601
v -0.001950 -0.000000 0.009438
v -0.003819 -0.000000 0.008947
v -0.005524 -0.000000 0.008128
v -1.339443 4.000000 1.339444
v -2.671904 8.000001 2.671905
v -4.004364 12.000001 4.004365
v -5.336825 16.000002 5.336826
v -6.669286 20.000002 6.669287
v -8.001746 24.000004 8.001748
v -9.334208 28.000004 9.334208
v 9.334207 27.999998 9.334208
v 8.001747 24.000004 8.001747
v 6.669286 20.000004 6.669287
v 5.336825 16.000002 5.336825
v 4.004365 12.000002 4.004365
v 2.671904 8.000001 2.671905
v 1.339443 4.000000 1.339444
v -9.334207 28.000002 -9.334206
v -8.001746 24.000004 -8.001745
v -6.669286 20.000000 -6.669285
v -5.336825 16.000002 -5.336825
v -4.004364 12.000000 -4.004364
v -2.671904 8.000001 -2.671904
v -1.339443 4.000000 -1.339443
v 10.865601 27.999998 -7.383502
v 11.959454 28.000004 -5.104643
v 12.615765 28.000000 -2.607014
v 12.834535 28.000004 0.000001
v 12.615765 28.000000 2.607016
v 11.959452 27.999998 5.104646
v 10.865601 27.999998 7.383504
v 9.314533 24.000004 -6.329506
v 10.252236 24.000004 -4.375954
v 10.814860 24.000004 -2.234862
v 11.002400 24.000004 0.000001
v 10.814860 24.000004 2.234864
v 10.252236 24.000004 4.375957
v 9.314533 24.000004 6.329508
v 7.763465 19.999996 -5.275508
v 8.545022 20.000004 -3.647265
v 9.013957 19.999996 -1.862710
v 9.170268 20.000004 0.000001
v 9.013955 19.999996 1.862712
v 8.545022 20.000004 3.647267
v 7.763466 19.999996 5.275510
v 6.212398 16.000002 -4.221511
v 6.837807 16.000002 -2.918576
v 7.213052 16.000002 -1.490558
v 7.338134 16.000002 0.000001
v 7.213052 16.000002 1.490559
v 6.837807 16.000002 2.918577
v 6.212398 16.000002 4.221513
v 4.661331 12.000000 -3.167514
v 5.130592 12.000002 -2.189887
v 5.412149 12.000000 -1.118406
v 5.506001 12.000002 0.000001
v 5.412149 12.000000 1.118407
v 5.130592 12.000002 2.189888
v 4.661331 12.000000 3.167516
v 3.110263 8.000001 -2.113517
v 3.423377 8.000001 -1.461197
v 3.611245 8.000001 -0.746254
v 3.673868 8.000001 0.000000
v 3.611245 8.000001 0.746255
v 3.423377 8.000001 1.461198
v 3.110264 8.000001 2.113518
v 1.559196 4.000000 -1.059520
v 1.716162 4.000000 -0.732508
v 1.810341 4.000000 -0.374102
v 1.841735 4.000000 0.000000
v 1.810341 4.000000 0.374103
v 1.716162 4.000000 0.732508
v 1.559196 4.000000 1.059521
v -1.559196 4.000000 -1.059520
v -1.716162 4.000000 -0.732508
v -1.810341 4.000000 -0.374102
v -1.841735 4.000000 0.000000
v -1.810342 4.000000 0.374103
v -1.716162 4.000001 0.732508
v -1.559196 4.000000 1.059521
v -3.110263 8.000000 -2.113518
v -3.423377 8.000001 -1.461197
v -3.611245 8.000000 -0.746254
v -3.673868 8.000001 0.000000
v -3.611246 8.000001 0.746255
v -3.423377 8.000001 1.461198
v -3.110264 8.000001 2.113518
v -4.661330 12.000001 -3.167515
v -5.130592 12.000000 -2.189887
v -5.412149 12.000001 -1.118406
v -5.506001 12.000001 0.000001
v -5.412148 12.000000 1.118407
v -5.130592 12.000001 2.189887
v -4.661331 12.000000 3.167515
v -6.212398 16.000002 -4.221512
v -6.837807 16.000002 -2.918576
v -7.213052 16.000002 -1.490558
v -7.338135 16.000002 0.000001
v -7.213053 16.000000 1.490559
v -6.837807 16.000000 2.918577
v -6.212398 16.000000 4.221513
v -7.763464 20.000002 -5.275509
v -8.545022 20.000000 -3.647265
v -9.013956 20.000002 -1.862710
v -9.170268 20.000002 0.000001
v -9.013956 20.000002 1.862712
v -8.545023 20.000002 3.647267
v -7.763466 20.000000 5.275510
v -9.314533 24.000004 -6.329505
v -10.252237 24.000002 -4.375954
v -10.814860 24.000002 -2.234862
v -11.002402 24.000004 0.000001
v -10.814860 24.000004 2.234864
v -10.252237 24.000000 4.375956
v -9.314533 24.000002 6.329508
v -10.865601 28.000002 -7.383502
v -11.959454 28.000004 -5.104644
v -12.615764 28.000000 -2.607013
v -12.834536 28.000004 0.000001
v -12.615765 28.000004 2.607016
v -11.959453 28.000002 5.104646
v -10.865601 28.000002 7.383505
v 7.383504 28.000002 -10.865600
v 6.329506 24.000004 -9.314532
v 5.275509 20.000000 -7.763464
v 4.221512 16.000002 -6.212397
v 3.167515 12.000001 -4.661330
v 2.113518 8.000001 -3.110263
v 1.059521 4.000000 -1.559196
v 5.104645 28.000004 -11.959453
v 4.375955 24.000006 -10.252236
v 3.647266 20.000002 -8.545021
v 2.918576 16.000002 -6.837806
v 2.189887 12.000001 -5.130592
v 1.461197 8.000001 -3.423377
v 0.732508 4.000000 -1.716162
v 2.607015 28.000000 -12.615763
v 2.234863 24.000004 -10.814859
v 1.862711 20.000000 -9.013956
v 1.490559 16.000002 -7.213052
v 1.118406 12.000001 -5.412148
v 0.746254 8.000001 -3.611245
v 0.374102 4.000000 -1.810341
v -0.000000 28.000004 -12.834534
v 0.000000 24.000006 -11.002400
v -0.000000 20.000002 -9.170267
v -0.000000 16.000002 -7.338134
v -0.000000 12.000001 -5.506001
v -0.000000 8.000001 -3.673867
v -0.000000 4.000000 -1.841735
v -2.607015 28.000000 -12.615764
v -2.234863 24.000004 -10.814860
v -1.862711 20.000000 -9.013955
v -1.490559 16.000002 -7.213052
v -1.118407 12.000001 -5.412149
v -0.746254 8.000001 -3.611245
v -0.374102 4.000000 -1.810341
v -5.104645 28.000002 -11.959451
v -4.375955 24.000006 -10.252235
v -3.647266 20.000002 -8.545021
v -2.918576 16.000002 -6.837807
v -2.189887 12.000001 -5.130592
v -1.461197 8.000001 -3.423377
v -0.732508 4.000000 -1.716162
v -7.383503 28.000002 -10.865600
v -6.329506 24.000004 -9.314532
v -5.275509 20.000000 -7.763464
v -4.221512 16.000002 -6.212398
v -3.167515 12.000001 -4.661330
v -2.113518 8.000001 -3.110263
v -1.059521 4.000000 -1.559196
v -7.383503 28.000004 10.865602
v -6.329507 24.000004 9.314534
v -5.275509 20.000002 7.763467
v -4.221511 16.000002 6.212399
v -3.167515 12.000000 4.661331
v -2.113518 8.000001 3.110264
v -1.059521 4.000000 1.559196
v -5.104645 28.000000 11.959455
v -4.375955 24.000002 10.252238
v -3.647266 20.000002 8.545023
v -2.918576 16.000002 6.837808
v -2.189887 12.000001 5.130593
v -1.461197 8.000001 3.423378
v -0.732508 4.000000 1.716162
v -2.607015 28.000002 12.615767
v -2.234863 24.000002 10.814862
v -1.862711 20.000002 9.013959
v -1.490559 16.000002 7.213053
v -1.118407 12.000000 5.412149
v -0.746254 8.000001 3.611246
v -0.374102 4.000000 1.810342
v 0.000000 28.000004 12.834538
v -0.000000 24.000006 11.002402
v 0.000000 20.000002 9.170269
v 0.000000 16.000002 7.338135
v 0.000000 12.000001 5.506001
v 0.000000 8.000001 3.673868
v 0.000000 4.000000 1.841735
v 2.607015 28.000000 12.615766
v 2.234863 24.000004 10.814862
v 1.862711 20.000000 9.013957
v 1.490559 16.000002 7.213054
v 1.118407 12.000001 5.412150
v 0.746254 8.000001 3.611246
v 0.374102 4.000000 1.810342
v 5.104645 28.000002 11.959455
v 4.375955 24.000006 10.252239
v 3.647266 20.000002 8.545024
v 2.918576 16.000002 6.837808
v 2.189887 12.000001 5.130593
v 1.461197 8.000001 3.423378
v 0.732508 4.000000 1.716162
v 7.383503 28.000002 10.865602
v 6.329506 24.000004 9.314534
v 5.275509 20.000000 7.763466
v 4.221512 16.000002 6.212399
v 3.167515 12.000001 4.661331
v 2.113518 8.000001 3.110264
v 1.059521 4.000000 1.559196
v -0.006808 0.000000 -0.006808
v -0.006808 -0.000000 0.006808
v -10.400002 32.000004 -10.400000
v -10.400002 32.000004 10.400002
v 0.006808 0.000000 -0.006808
v 0.006808 -0.000000 0.006808
v 10.400002 32.000004 -10.400000
v 10.400002 32.000004 10.400002
v -0.007925 0.000000 -0.005385
v -0.008723 0.000000 -0.003723
v -0.009202 0.000000 -0.001902
v -0.009361 0.000000 0.000000
v -0.009202 -0.000000 0.001902
v -0.008723 -0.000000 0.003723
v -0.007925 -0.000000 0.005385
v -12.106251 32.000000 8.226564
v -13.325002 32.000004 5.687502
v -14.056251 32.000000 2.904690
v -14.300001 32.000004 0.000001
v -14.056252 32.000004 -2.904686
v -13.325002 32.000004 -5.687500
v -12.106252 32.000004 -8.226562
v 8.226563 32.000004 -12.106252
v 5.687501 32.000004 -13.325000
v 2.904688 32.000004 -14.056251
v 0.000000 32.000004 -14.300000
v -2.904688 32.000004 -14.056251
v -5.687501 32.000004 -13.325000
v -8.226563 32.000004 -12.106251
v -8.226562 32.000000 12.106253
v -5.687501 32.000004 13.325004
v -2.904688 32.000000 14.056252
v 0.000000 32.000004 14.300004
v 2.904688 32.000004 14.056253
v 5.687501 32.000004 13.325004
v 8.226563 32.000004 12.106254
v 12.106252 32.000004 8.226564
v 13.325002 32.000004 5.687502
v 14.056252 32.000004 2.904689
v 14.300001 32.000004 0.000001
v 14.056252 32.000004 -2.904686
v 13.325002 32.000004 -5.687500
v 12.106252 32.000004 -8.226562
v 9.100852 27.999998 -9.100851
v 7.801702 24.000004 -7.801702
v 6.502554 20.000004 -6.502553
v 5.203404 16.000002 -5.203404
v 3.904256 12.000002 -3.904256
v 2.605107 8.000001 -2.605106
v 1.305957 4.000000 -1.305957
v 0.007925 -0.000000 0.005385
v 0.008723 -0.000000 0.003723
v 0.009202 -0.000000 0.001902
v 0.009361 -0.000000 0.000000
v 0.009202 0.000000 -0.001902
v 0.008723 0.000000 -0.003723
v 0.007925 0.000000 -0.005385
v -0.005385 0.000000 -0.007925
v -0.003723 0.000000 -0.008723
v -0.001902 0.000000 -0.009202
v 0.000000 0.000000 -0.009361
v 0.001902 0.000000 -0.009202
v 0.003723 0.000000 -0.008723
v 0.005385 0.000000 -0.007925
v 0.005385 -0.000000 0.007925
v 0.003723 -0.000000 0.008723
v 0.001902 -0.000000 0.009202
v -0.000000 -0.000000 0.009361
v -0.001902 -0.000000 0.009202
v -0.003723 -0.000000 0.008723
v -0.005385 -0.000000 0.007925
v -1.305957 4.000000 1.305958
v -2.605107 8.000001 2.605107
v -3.904255 12.000001 3.904256
v -5.203405 16.000002 5.203406
v -6.502554 20.000002 6.502555
v -7.801702 24.000004 7.801704
v -9.100853 28.000004 9.100854
v 9.100852 27.999998 9.100853
v 7.801703 24.000004 7.801703
v 6.502554 20.000004 6.502555
v 5.203404 16.000002 5.203405
v 3.904256 12.000002 3.904256
v 2.605107 8.000001 2.605107
v 1.305957 4.000000 1.305958
v -9.100852 28.000002 -9.100851
v -7.801702 24.000004 -7.801702
v -6.502554 20.000000 -6.502553
v -5.203405 16.000002 -5.203404
v -3.904255 12.000000 -3.904255
v -2.605106 8.000001 -2.605106
v -1.305957 4.000000 -1.305957
v 10.593961 27.999998 -7.198915
v 11.660467 28.000004 -4.977027
v 12.300371 28.000000 -2.541838
v 12.513672 28.000004 0.000001
v 12.300371 28.000000 2.541841
v 11.660465 27.999998 4.977030
v 10.593961 27.999998 7.198917
v 9.081670 24.000004 -6.171268
v 9.995931 24.000004 -4.266555
v 10.544489 24.000004 -2.178990
v 10.727341 24.000004 0.000001
v 10.544489 24.000004 2.178993
v 9.995931 24.000004 4.266558
v 9.081670 24.000004 6.171270
v 7.569378 19.999996 -5.143621
v 8.331397 20.000004 -3.556084
v 8.788609 19.999996 -1.816142
v 8.941011 20.000004 0.000001
v 8.788607 19.999996 1.816144
v 8.331397 20.000004 3.556085
v 7.569379 19.999996 5.143623
v 6.057088 16.000002 -4.115973
v 6.666862 16.000002 -2.845611
v 7.032726 16.000002 -1.453294
v 7.154681 16.000002 0.000001
v 7.032726 16.000002 1.453295
v 6.666862 16.000002 2.845613
v 6.057088 16.000002 4.115975
v 4.544798 12.000000 -3.088326
v 5.002327 12.000002 -2.135139
v 5.276846 12.000000 -1.090446
v 5.368351 12.000002 0.000001
v 5.276846 12.000000 1.090447
v 5.002327 12.000002 2.135141
v 4.544797 12.000000 3.088328
v 3.032507 8.000001 -2.060679
v 3.337792 8.000001 -1.424667
v 3.520964 8.000001 -0.727598
v 3.582021 8.000001 0.000000
v 3.520964 8.000001 0.727598
v 3.337793 8.000001 1.424668
v 3.032507 8.000001 2.060680
v 1.520216 4.000000 -1.033032
v 1.673258 4.000000 -0.714195
v 1.765083 4.000000 -0.364750
v 1.795692 4.000000 0.000000
v 1.765083 4.000000 0.364750
v 1.673258 4.000000 0.714196
v 1.520216 4.000000 1.033033
v -1.520216 4.000000 -1.033033
v -1.673258 4.000000 -0.714195
v -1.765083 4.000000 -0.364750
v -1.795692 4.000000 0.000000
v -1.765083 4.000000 0.364750
v -1.673258 4.000001 0.714196
v -1.520216 4.000000 1.033033
v -3.032506 8.000000 -2.060680
v -3.337792 8.000001 -1.424667
v -3.520964 8.000000 -0.727598
v -3.582021 8.000001 0.000000
v -3.520965 8.000001 0.727598
v -3.337793 8.000001 1.424668
v -3.032507 8.000001 2.060680
v -4.544797 12.000001 -3.088327
v -5.002327 12.000000 -2.135139
v -5.276845 12.000001 -1.090446
v -5.368351 12.000001 0.000001
v -5.276845 12.000000 1.090447
v -5.002327 12.000001 2.135140
v -4.544797 12.000000 3.088327
v -6.057088 16.000002 -4.115974
v -6.666862 16.000002 -2.845611
v -7.032726 16.000002 -1.453294
v -7.154682 16.000002 0.000001
v -7.032727 16.000000 1.453295
v -6.666862 16.000000 2.845613
v -6.057088 16.000000 4.115975
v -7.569378 20.000002 -5.143621
v -8.331397 20.000000 -3.556083
v -8.788608 20.000002 -1.816142
v -8.941011 20.000002 0.000001
v -8.788608 20.000002 1.816144
v -8.331398 20.000002 3.556085
v -7.569379 20.000000 5.143622
v -9.081670 24.000004 -6.171268
v -9.995932 24.000002 -4.266555
v -10.544489 24.000002 -2.178990
v -10.727343 24.000004 0.000001
v -10.544489 24.000004 2.178993
v -9.995932 24.000000 4.266557
v -9.081670 24.000002 6.171270
v -10.593961 28.000002 -7.198915
v -11.660467 28.000004 -4.977028
v -12.300370 28.000000 -2.541838
v -12.513673 28.000004 0.000001
v -12.300371 28.000004 2.541841
v -11.660466 28.000002 4.977030
v -10.593961 28.000002 7.198917
v 7.198916 28.000002 -10.593960
v 6.171269 24.000004 -9.081669
v 5.143621 20.000000 -7.569377
v 4.115974 16.000002 -6.057087
v 3.088327 12.000001 -4.544797
v 2.060680 8.000001 -3.032506
v 1.033033 4.000000 -1.520216
v 4.977029 28.000004 -11.660466
v 4.266556 24.000006 -9.995931
v 3.556084 20.000002 -8.331396
v 2.845612 16.000002 -6.666861
v 2.135140 12.000001 -5.002327
v 1.424667 8.000001 -3.337792
v 0.714195 4.000000 -1.673258
v 2.541839 28.000000 -12.300369
v 2.178991 24.000004 -10.544488
v 1.816143 20.000000 -8.788608
v 1.453295 16.000002 -7.032726
v 1.090446 12.000001 -5.276845
v 0.727598 8.000001 -3.520964
v 0.364750 4.000000 -1.765083
v -0.000000 28.000004 -12.513671
v 0.000000 24.000006 -10.727341
v -0.000000 20.000002 -8.941010
v -0.000000 16.000002 -7.154681
v -0.000000 12.000001 -5.368351
v -0.000000 8.000001 -3.582021
v -0.000000 4.000000 -1.795691
v -2.541840 28.000000 -12.300370
v -2.178991 24.000004 -10.544489
v -1.816143 20.000000 -8.788607
v -1.453295 16.000002 -7.032726
v -1.090446 12.000001 -5.276845
v -0.727598 8.000001 -3.520964
v -0.364750 4.000000 -1.765083
v -4.977029 28.000002 -11.660464
v -4.266556 24.000006 -9.995930
v -3.556084 20.000002 -8.331396
v -2.845612 16.000002 -6.666862
v -2.135140 12.000001 -5.002327
v -1.424668 8.000001 -3.337792
v -0.714195 4.000000 -1.673258
v -7.198916 28.000002 -10.593960
v -6.171269 24.000004 -9.081669
v -5.143622 20.000000 -7.569378
v -4.115974 16.000002 -6.057088
v -3.088327 12.000001 -4.544797
v -2.060680 8.000001 -3.032506
v -1.033033 4.000000 -1.520216
v -7.198915 28.000004 10.593962
v -6.171269 24.000004 9.081671
v -5.143622 20.000002 7.569380
v -4.115973 16.000002 6.057090
v -3.088327 12.000000 4.544798
v -2.060680 8.000001 3.032507
v -1.033033 4.000000 1.520216
v -4.977029 28.000000 11.660468
v -4.266556 24.000002 9.995933
v -3.556084 20.000002 8.331398
v -2.845612 16.000002 6.666863
v -2.135140 12.000001 5.002328
v -1.424667 8.000001 3.337793
v -0.714196 4.000000 1.673258
v -2.541840 28.000002 12.300373
v -2.178991 24.000002 10.544491
v -1.816143 20.000002 8.788610
v -1.453295 16.000002 7.032727
v -1.090446 12.000000 5.276846
v -0.727598 8.000001 3.520965
v -0.364750 4.000000 1.765083
v 0.000000 28.000004 12.513675
v -0.000000 24.000006 10.727343
v 0.000000 20.000002 8.941012
v 0.000000 16.000002 7.154682
v 0.000000 12.000001 5.368351
v 0.000000 8.000001 3.582022
v 0.000000 4.000000 1.795692
v 2.541840 28.000000 12.300372
v 2.178991 24.000004 10.544491
v 1.816143 20.000000 8.788609
v 1.453295 16.000002 7.032728
v 1.090446 12.000001 5.276847
v 0.727598 8.000001 3.520965
v 0.364750 4.000000 1.765083
v 4.977029 28.000002 11.660468
v 4.266556 24.000006 9.995934
v 3.556084 20.000002 8.331399
v 2.845612 16.000002 6.666863
v 2.135140 12.000001 5.002328
v 1.424668 8.000001 3.337793
v 0.714195 4.000000 1.673258
v 7.198916 28.000002 10.593962
v 6.171269 24.000004 9.081671
v 5.143622 20.000000 7.569380
v 4.115974 16.000002 6.057089
v 3.088327 12.000001 4.544798
v 2.060680 8.000001 3.032507
v 1.033033 4.000000 1.520216
v -0.006634 0.000000 -0.006634
v -0.006634 -0.000000 0.006634
v -10.133335 32.000004 -10.133333
v -10.133335 32.000004 10.133336
v 0.006634 0.000000 -0.006634
v 0.006634 -0.000000 0.006634
v 10.133335 32.000004 -10.133333
v 10.133335 32.000004 10.133336
v -0.007722 0.000000 -0.005247
v -0.008499 0.000000 -0.003628
v -0.008966 0.000000 -0.001853
v -0.009121 0.000000 0.000000
v -0.008966 -0.000000 0.001853
v -0.008499 -0.000000 0.003628
v -0.007722 -0.000000 0.005247
v -11.795835 32.000000 8.015627
v -12.983335 32.000004 5.541669
v -13.695834 32.000000 2.830210
v -13.933335 32.000004 0.000001
v -13.695836 32.000004 -2.830207
v -12.983335 32.000004 -5.541666
v -11.795835 32.000004 -8.015625
v 8.015626 32.000004 -11.795835
v 5.541667 32.000004 -12.983334
v 2.830209 32.000004 -13.695834
v 0.000000 32.000004 -13.933334
v -2.830209 32.000004 -13.695834
v -5.541668 32.000004 -12.983334
v -8.015626 32.000004 -11.795835
v -8.015625 32.000000 11.795836
v -5.541667 32.000004 12.983337
v -2.830209 32.000000 13.695836
v 0.000000 32.000004 13.933338
v 2.830209 32.000004 13.695837
v 5.541668 32.000004 12.983337
v 8.015626 32.000004 11.795837
v 11.795835 32.000004 8.015627
v 12.983335 32.000004 5.541669
v 13.695836 32.000004 2.830210
v 13.933335 32.000004 0.000001
v 13.695836 32.000004 -2.830207
v 12.983335 32.000004 -5.541666
v 11.795835 32.000004 -8.015625
v 8.867496 27.999998 -8.867496
v 7.601659 24.000004 -7.601658
v 6.335822 20.000004 -6.335821
v 5.069984 16.000002 -5.069983
v 3.804147 12.000002 -3.804147
v 2.538309 8.000001 -2.538309
v 1.272471 4.000000 -1.272471
v 0.007722 -0.000000 0.005247
v 0.008499 -0.000000 0.003628
v 0.008966 -0.000000 0.001853
v 0.009121 -0.000000 0.000000
v 0.008966 0.000000 -0.001853
v 0.008499 0.000000 -0.003628
v 0.007722 0.000000 -0.005247
v -0.005247 0.000000 -0.007722
v -0.003628 0.000000 -0.008499
v -0.001853 0.000000 -0.008966
v 0.000000 0.000000 -0.009121
v 0.001853 0.000000 -0.008966
v 0.003628 0.000000 -0.008499
v 0.005247 0.000000 -0.007722
v 0.005247 -0.000000 0.007722
v 0.003628 -0.000000 0.008499
v 0.001853 -0.000000 0.008966
v -0.000000 -0.000000 0.009121
v -0.001853 -0.000000 0.008966
v -0.003628 -0.000000 0.008499
v -0.005247 -0.000000 0.007722
v -1.272471 4.000000 1.272472
v -2.538309 8.000001 2.538310
v -3.804147 12.000001 3.804147
v -5.069984 16.000002 5.069985
v -6.335822 20.000002 6.335823
v -7.601659 24.000004 7.601661
v -8.867497 28.000004 8.867498
v 8.867496 27.999998 8.867497
v 7.601660 24.000004 7.601660
v 6.335822 20.000004 6.335823
v 5.069984 16.000002 5.069984
v 3.804147 12.000002 3.804147
v 2.538309 8.000001 2.538310
v 1.272471 4.000000 1.272471
v -8.867496 28.000002 -8.867496
v -7.601659 24.000004 -7.601658
v -6.335822 20.000000 -6.335821
v -5.069984 16.000002 -5.069984
v -3.804147 12.000000 -3.804147
v -2.538309 8.000001 -2.538309
v -1.272471 4.000000 -1.272471
v 10.322321 27.999998 -7.014327
v 11.361482 28.000004 -4.849411
v 11.984977 28.000000 -2.476663
v 12.192808 28.000004 0.000001
v 11.984977 28.000000 2.476665
v 11.361480 27.999998 4.849414
v 10.322321 27.999998 7.014329
v 8.848807 24.000004 -6.013031
v 9.739625 24.000004 -4.157156
v 10.274117 24.000004 -2.123119
v 10.452281 24.000004 0.000001
v 10.274117 24.000004 2.123121
v 9.739625 24.000004 4.157159
v 8.848807 24.000004 6.013033
v 7.375292 19.999996 -5.011733
v 8.117771 20.000004 -3.464902
v 8.563260 19.999996 -1.769574
v 8.711755 20.000004 0.000001
v 8.563258 19.999996 1.769576
v 8.117771 20.000004 3.464903
v 7.375293 19.999996 5.011735
v 5.901778 16.000002 -4.010436
v 6.495917 16.000002 -2.772647
v 6.852399 16.000002 -1.416030
v 6.971228 16.000002 0.000001
v 6.852400 16.000002 1.416031
v 6.495917 16.000002 2.772649
v 5.901778 16.000002 4.010438
v 4.428265 12.000000 -3.009139
v 4.874063 12.000002 -2.080392
v 5.141542 12.000000 -1.062486
v 5.230701 12.000002 0.000001
v 5.141542 12.000000 1.062487
v 4.874063 12.000002 2.080394
v 4.428265 12.000000 3.009140
v 2.954750 8.000001 -2.007842
v 3.252208 8.000001 -1.388137
v 3.430683 8.000001 -0.708941
v 3.490175 8.000001 0.000000
v 3.430683 8.000001 0.708942
v 3.252208 8.000001 1.388138
v 2.954751 8.000001 2.007843
v 1.481236 4.000000 -1.006544
v 1.630354 4.000000 -0.695883
v 1.719824 4.000000 -0.355397
v 1.749648 4.000000 0.000000
v 1.719824 4.000000 0.355397
v 1.630354 4.000000 0.695883
v 1.481236 4.000000 1.006545
v -1.481236 4.000000 -1.006544
v -1.630354 4.000000 -0.695883
v -1.719824 4.000000 -0.355397
v -1.749648 4.000000 0.000000
v -1.719825 4.000000 0.355397
v -1.630354 4.000001 0.695883
v -1.481236 4.000000 1.006545
v -2.954750 8.000000 -2.007842
v -3.252208 8.000001 -1.388137
v -3.430683 8.000000 -0.708941
v -3.490175 8.000001 0.000000
v -3.430684 8.000001 0.708942
v -3.252208 8.000001 1.388138
v -2.954751 8.000001 2.007843
v -4.428264 12.000001 -3.009139
v -4.874063 12.000000 -2.080392
v -5.141542 12.000001 -1.062486
v -5.230701 12.000001 0.000001
v -5.141541 12.000000 1.062487
v -4.874063 12.000001 2.080393
v -4.428265 12.000000 3.009140
v -5.901778 16.000002 -4.010437
v -6.495917 16.000002 -2.772647
v -6.852400 16.000002 -1.416030
v -6.971229 16.000002 0.000001
v -6.852401 16.000000 1.416031
v -6.495917 16.000000 2.772649
v -5.901778 16.000000 4.010437
v -7.375292 20.000002 -5.011734
v -8.117771 20.000000 -3.464902
v -8.563259 20.000002 -1.769575
v -8.711755 20.000002 0.000001
v -8.563259 20.000002 1.769576
v -8.117772 20.000002 3.464903
v -7.375293 20.000000 5.011734
v -8.848807 24.000004 -6.013031
v -9.739626 24.000002 -4.157156
v -10.274117 24.000002 -2.123119
v -10.452283 24.000004 0.000001
v -10.274117 24.000004 2.123121
v -9.739626 24.000000 4.157158
v -8.848807 24.000002 6.013033
v -10.322321 28.000002 -7.014327
v -11.361482 28.000004 -4.849412
v -11.984976 28.000000 -2.476663
v -12.192809 28.000004 0.000001
v -11.984977 28.000004 2.476666
v -11.361481 28.000002 4.849414
v -10.322321 28.000002 7.014330
v 7.014329 28.000002 -10.322320
v 6.013031 24.000004 -8.848806
v 5.011734 20.000000 -7.375291
v 4.010437 16.000002 -5.901777
v 3.009139 12.000001 -4.428264
v 2.007842 8.000001 -2.954750
v 1.006545 4.000000 -1.481236
v 4.849413 28.000004 -11.361481
v 4.157157 24.000006 -9.739625
v 3.464903 20.000002 -8.117770
v 2.772648 16.000002 -6.495916
v 2.080393 12.000001 -4.874063
v 1.388138 8.000001 -3.252208
v 0.695883 4.000000 -1.630354
v 2.476664 28.000000 -11.984975
v 2.123120 24.000004 -10.274117
v 1.769575 20.000000 -8.563259
v 1.416031 16.000002 -6.852399
v 1.062486 12.000001 -5.141541
v 0.708942 8.000001 -3.430683
v 0.355397 4.000000 -1.719824
v -0.000000 28.000004 -12.192807
v 0.000000 24.000006 -10.452281
v -0.000000 20.000002 -8.711754
v -0.000000 16.000002 -6.971228
v -0.000000 12.000001 -5.230701
v -0.000000 8.000001 -3.490174
v -0.000000 4.000000 -1.749648
v -2.476664 28.000000 -11.984976
v -2.123120 24.000004 -10.274117
v -1.769575 20.000000 -8.563258
v -1.416031 16.000002 -6.852400
v -1.062486 12.000001 -5.141542
v -0.708942 8.000001 -3.430683
v -0.355397 4.000000 -1.719824
v -4.849413 28.000002 -11.361479
v -4.157157 24.000006 -9.739624
v -3.464903 20.000002 -8.117770
v -2.772648 16.000002 -6.495917
v -2.080393 12.000001 -4.874063
v -1.388138 8.000001 -3.252208
v -0.695883 4.000000 -1.630354
v -7.014328 28.000002 -10.322320
v -6.013031 24.000004 -8.848806
v -5.011734 20.000000 -7.375292
v -4.010437 16.000002 -5.901778
v -3.009140 12.000001 -4.428264
v -2.007842 8.000001 -2.954750
v -1.006545 4.000000 -1.481236
v -7.014328 28.000004 10.322322
v -6.013032 24.000004 8.848808
v -5.011734 20.000002 7.375294
v -4.010436 16.000002 5.901780
v -3.009139 12.000000 4.428265
v -2.007842 8.000001 2.954751
v -1.006545 4.000000 1.481236
v -4.849413 28.000000 11.361483
v -4.157157 24.000002 9.739627
v -3.464903 20.000002 8.117772
v -2.772648 16.000002 6.495918
v -2.080393 12.000001 4.874063
v -1.388138 8.000001 3.252209
v -0.695883 4.000000 1.630354
v -2.476664 28.000002 11.984979
v -2.123120 24.000002 10.274119
v -1.769575 20.000002 8.563261
v -1.416031 16.000002 6.852401
v -1.062486 12.000000 5.141542
v -0.708942 8.000001 3.430684
v -0.355397 4.000000 1.719825
v 0.000000 28.000004 12.192811
v -0.000000 24.000006 10.452283
v 0.000000 20.000002 8.711756
v 0.000000 16.000002 6.971229
v 0.000000 12.000001 5.230701
v 0.000000 8.000001 3.490175
v 0.000000 4.000000 1.749648
v 2.476664 28.000000 11.984978
v 2.123120 24.000004 10.274119
v 1.769575 20.000000 8.563260
v 1.416031 16.000002 6.852401
v 1.062486 12.000001 5.141543
v 0.708942 8.000001 3.430684
v 0.355397 4.000000 1.719825
v 4.849413 28.000002 11.361483
v 4.157157 24.000006 9.739628
v 3.464903 20.000002 8.117773
v 2.772648 16.000002 6.495918
v 2.080393 12.000001 4.874063
v 1.388138 8.000001 3.252209
v 0.695883 4.000000 1.630354
v 7.014328 28.000002 10.322322
v 6.013031 24.000004 8.848808
v 5.011734 20.000000 7.375293
v 4.010437 16.000002 5.901779
v 3.009140 12.000001 4.428265
v 2.007842 8.000001 2.954751
v 1.006545 4.000000 1.481236
v -0.006459 0.000000 -0.006459
v -0.006459 -0.000000 0.006459
v -9.866669 32.000004 -9.866667
v -9.866669 32.000004 9.866670
v 0.006459 0.000000 -0.006459
v 0.006459 -0.000000 0.006459
v 9.866669 32.000004 -9.866667
v 9.866669 32.000004 9.866670
v -0.007519 0.000000 -0.005109
v -0.008276 0.000000 -0.003532
v -0.008730 0.000000 -0.001804
v -0.008881 0.000000 0.000000
v -0.008730 -0.000000 0.001804
v -0.008276 -0.000000 0.003532
v -0.007519 -0.000000 0.005109
v -11.485418 32.000000 7.804690
v -12.641669 32.000004 5.395836
v -13.335418 32.000000 2.755731
v -13.566669 32.000004 0.000001
v -13.335420 32.000004 -2.755728
v -12.641669 32.000004 -5.395833
v -11.485418 32.000004 -7.804688
v 7.804689 32.000004 -11.485418
v 5.395834 32.000004 -12.641667
v 2.755730 32.000004 -13.335418
v 0.000000 32.000004 -13.566668
v -2.755730 32.000004 -13.335418
v -5.395835 32.000004 -12.641667
v -7.804689 32.000004 -11.485418
v -7.804688 32.000000 11.485419
v -5.395834 32.000004 12.641670
v -2.755730 32.000000 13.335420
v 0.000000 32.000004 13.566671
v 2.755730 32.000004 13.335421
v 5.395835 32.000004 12.641670
v 7.804689 32.000004 11.485420
v 11.485418 32.000004 7.804690
v 12.641669 32.000004 5.395836
v 13.335420 32.000004 2.755731
v 13.566669 32.000004 0.000001
v 13.335420 32.000004 -2.755728
v 12.641669 32.000004 -5.395833
v 11.485418 32.000004 -7.804688
v 8.634142 27.999998 -8.634141
v 7.401616 24.000004 -7.401615
v 6.169090 20.000004 -6.169089
v 4.936563 16.000002 -4.936563
v 3.704038 12.000002 -3.704038
v 2.471511 8.000001 -2.471511
v 1.238985 4.000000 -1.238985
v 0.007519 -0.000000 0.005109
v 0.008276 -0.000000 0.003532
v 0.008730 -0.000000 0.001804
v 0.008881 -0.000000 0.000000
v 0.008730 0.000000 -0.001804
v 0.008276 0.000000 -0.003532
v 0.007519 0.000000 -0.005109
v -0.005109 0.000000 -0.007519
v -0.003532 0.000000 -0.008276
v -0.001804 0.000000 -0.008730
v 0.000000 0.000000 -0.008881
v 0.001804 0.000000 -0.008730
v 0.003532 0.000000 -0.008276
v 0.005109 0.000000 -0.007519
v 0.005109 -0.000000 0.007519
v 0.003532 -0.000000 0.008276
v 0.001804 -0.000000 0.008730
v -0.000000 -0.000000 0.008881
v -0.001804 -0.000000 0.008730
v -0.003532 -0.000000 0.008276
v -0.005109 -0.000000 0.007519
v -1.238985 4.000000 1.238986
v -2.471511 8.000001 2.471512
v -3.704037 12.000001 3.704038
v -4.936564 16.000002 4.936565
v -6.169090 20.000002 6.169091
v -7.401616 24.000004 7.401618
v -8.634143 28.000004 8.634144
v 8.634142 27.999998 8.634143
v 7.401617 24.000004 7.401617
v 6.169090 20.000004 6.169091
v 4.936563 16.000002 4.936564
v 3.704038 12.000002 3.704038
v 2.471511 8.000001 2.471512
v 1.238985 4.000000 1.238985
v -8.634142 28.000002 -8.634141
v -7.401616 24.000004 -7.401615
v -6.169090 20.000000 -6.169089
v -4.936564 16.000002 -4.936563
v -3.704037 12.000000 -3.704037
v -2.471511 8.000001 -2.471511
v -1.238985 4.000000 -1.238985
v 10.050681 27.999998 -6.829740
v 11.062495 28.000004 -4.721796
v 11.669583 28.000000 -2.411488
v 11.871945 28.000004 0.000001
v 11.669583 28.000000 2.411490
v 11.062493 27.999998 4.721797
v 10.050681 27.999998 6.829742
v 8.615944 24.000004 -5.854794
v 9.483319 24.000004 -4.047758
v 10.003747 24.000004 -2.067247
v 10.177221 24.000004 0.000001
v 10.003747 24.000004 2.067249
v 9.483319 24.000004 4.047760
v 8.615944 24.000004 5.854795
v 7.181206 19.999996 -4.879846
v 7.904146 20.000004 -3.373721
v 8.337911 19.999996 -1.723007
v 8.482498 20.000004 0.000001
v 8.337909 19.999996 1.723008
v 7.904146 20.000004 3.373722
v 7.181207 19.999996 4.879848
v 5.746468 16.000002 -3.904898
v 6.324972 16.000002 -2.699682
v 6.672073 16.000002 -1.378766
v 6.787774 16.000002 0.000001
v 6.672074 16.000002 1.378767
v 6.324972 16.000002 2.699684
v 5.746468 16.000002 3.904900
v 4.311732 12.000000 -2.929951
v 4.745798 12.000002 -2.025645
v 5.006238 12.000000 -1.034526
v 5.093052 12.000002 0.000000
v 5.006238 12.000000 1.034527
v 4.745798 12.000002 2.025646
v 4.311731 12.000000 2.929952
v 2.876994 8.000001 -1.955004
v 3.166624 8.000001 -1.351608
v 3.340402 8.000001 -0.690285
v 3.398328 8.000001 0.000000
v 3.340402 8.000001 0.690286
v 3.166624 8.000001 1.351608
v 2.876994 8.000001 1.955005
v 1.442256 4.000000 -0.980056
v 1.587450 4.000000 -0.677570
v 1.674566 4.000000 -0.346045
v 1.703605 4.000000 0.000000
v 1.674566 4.000000 0.346045
v 1.587450 4.000000 0.677570
v 1.442256 4.000000 0.980057
v -1.442256 4.000000 -0.980057
v -1.587450 4.000000 -0.677570
v -1.674566 4.000000 -0.346045
v -1.703605 4.000000 0.000000
v -1.674566 4.000000 0.346045
v -1.587450 4.000001 0.677570
v -1.442257 4.000000 0.980057
v -2.876993 8.000000 -1.955004
v -3.166624 8.000001 -1.351607
v -3.340402 8.000000 -0.690285
v -3.398328 8.000001 0.000000
v -3.340402 8.000001 0.690286
v -3.166624 8.000001 1.351608
v -2.876994 8.000001 1.955005
v -4.311731 12.000001 -2.929951
v -4.745798 12.000000 -2.025645
v -5.006238 12.000001 -1.034526
v -5.093052 12.000001 0.000000
v -5.006238 12.000000 1.034527
v -4.745798 12.000001 2.025646
v -4.311731 12.000000 2.929952
v -5.746468 16.000002 -3.904899
v -6.324972 16.000002 -2.699682
v -6.672074 16.000002 -1.378766
v -6.787776 16.000002 0.000001
v -6.672075 16.000000 1.378767
v -6.324972 16.000000 2.699684
v -5.746469 16.000000 3.904900
v -7.181205 20.000002 -4.879846
v -7.904146 20.000000 -3.373720
v -8.337910 20.000002 -1.723007
v -8.482498 20.000002 0.000001
v -8.337910 20.000002 1.723009
v -7.904147 20.000002 3.373722
v -7.181207 20.000000 4.879847
v -8.615944 24.000004 -5.854793
v -9.483320 24.000002 -4.047758
v -10.003747 24.000002 -2.067247
v -10.177223 24.000004 0.000001
v -10.003747 24.000004 2.067249
v -9.483320 24.000000 4.047760
v -8.615944 24.000002 5.854795
v -10.050681 28.000002 -6.829740
v -11.062495 28.000004 -4.721796
v -11.669582 28.000000 -2.411488
v -11.871946 28.000004 0.000001
v -11.669583 28.000004 2.411490
v -11.062494 28.000002 4.721798
v -10.050681 28.000002 6.829742
v 6.829741 28.000002 -10.050680
v 5.854794 24.000004 -8.615943
v 4.879846 20.000000 -7.181205
v 3.904899 16.000002 -5.746467
v 2.929951 12.000001 -4.311731
v 1.955004 8.000001 -2.876993
v 0.980057 4.000000 -1.442256
v 4.721797 28.000004 -11.062494
v 4.047759 24.000006 -9.483319
v 3.373721 20.000002 -7.904145
v 2.699683 16.000002 -6.324971
v 2.025645 12.000001 -4.745798
v 1.351608 8.000001 -3.166624
v 0.677570 4.000000 -1.587450
v 2.411489 28.000000 -11.669581
v 2.067248 24.000004 -10.003746
v 1.723008 20.000000 -8.337910
v 1.378767 16.000002 -6.672073
v 1.034526 12.000001 -5.006238
v 0.690285 8.000001 -3.340402
v 0.346045 4.000000 -1.674566
v -0.000000 28.000004 -11.871944
v 0.000000 24.000006 -10.177221
v -0.000000 20.000002 -8.482498
v -0.000000 16.000002 -6.787774
v -0.000000 12.000001 -5.093051
v -0.000000 8.000001 -3.398328
v -0.000000 4.000000 -1.703605
v -2.411489 28.000000 -11.669582
v -2.067248 24.000004 -10.003747
v -1.723008 20.000000 -8.337909
v -1.378767 16.000002 -6.672074
v -1.034526 12.000001 -5.006238
v -0.690285 8.000001 -3.340402
v -0.346045 4.000000 -1.674566
v -4.721797 28.000002 -11.062492
v -4.047759 24.000006 -9.483318
v -3.373721 20.000002 -7.904145
v -2.699683 16.000002 -6.324972
v -2.025646 12.000001 -4.745798
v -1.351608 8.000001 -3.166624
v -0.677570 4.000000 -1.587450
v -6.829741 28.000002 -10.050680
v -5.854794 24.000004 -8.615943
v -4.879847 20.000000 -7.181205
v -3.904899 16.000002 -5.746469
v -2.929952 12.000001 -4.311731
v -1.955004 8.000001 -2.876993
v -0.980057 4.000000 -1.442256
v -6.829741 28.000004 10.050682
v -5.854795 24.000004 8.615945
v -4.879847 20.000002 7.181207
v -3.904898 16.000002 5.746470
v -2.929951 12.000000 4.311732
v -1.955004 8.000001 2.876994
v -0.980057 4.000000 1.442257
v -4.721797 28.000000 11.062496
v -4.047759 24.000002 9.483321
v -3.373721 20.000002 7.904147
v -2.699683 16.000002 6.324973
v -2.025645 12.000001 4.745799
v -1.351608 8.000001 3.166625
v -0.677570 4.000000 1.587450
v -2.411489 28.000002 11.669585
v -2.067248 24.000002 10.003748
v -1.723008 20.000002 8.337913
v -1.378767 16.000002 6.672075
v -1.034526 12.000000 5.006238
v -0.690285 8.000001 3.340403
v -0.346045 4.000000 1.674566
v 0.000000 28.000004 11.871948
v -0.000000 24.000006 10.177223
v 0.000000 20.000002 8.482499
v 0.000000 16.000002 6.787776
v 0.000000 12.000001 5.093052
v 0.000000 8.000001 3.398329
v 0.000000 4.000000 1.703605
v 2.411489 28.000000 11.669584
v 2.067248 24.000004 10.003748
v 1.723008 20.000000 8.337911
v 1.378767 16.000002 6.672075
v 1.034526 12.000001 5.006239
v 0.690285 8.000001 3.340403
v 0.346045 4.000000 1.674566
v 4.721797 28.000002 11.062496
v 4.047759 24.000006 9.483322
v 3.373721 20.000002 7.904148
v 2.699683 16.000002 6.324973
v 2.025646 12.000001 4.745799
v 1.351608 8.000001 3.166625
v 0.677570 4.000000 1.587450
v 6.829741 28.000002 10.050682
v 5.854794 24.000004 8.615945
v 4.879847 20.000000 7.181207
v 3.904899 16.000002 5.746469
v 2.929952 12.000001 4.311732
v 1.955004 8.000001 2.876994
v 0.980057 4.000000 1.442256
v -0.006285 0.000000 -0.006285
v -0.006285 -0.000000 0.006285
v -9.600002 32.000004 -9.600000
v -9.600002 32.000004 9.600003
v 0.006285 0.000000 -0.006285
v 0.006285 -0.000000 0.006285
v 9.600002 32.000004 -9.600000
v 9.600002 32.000004 9.600003
v -0.007316 0.000000 -0.004971
v -0.008052 0.000000 -0.003437
v -0.008494 0.000000 -0.001755
v -0.008641 0.000000 0.000000
v -0.008494 -0.000000 0.001755
v -0.008052 -0.000000 0.003437
v -0.007316 -0.000000 0.004971
v -11.175001 32.000000 7.593752
v -12.300002 32.000004 5.250002
v -12.975001 32.000000 2.681252
v -13.200003 32.000004 0.000001
v -12.975003 32.000004 -2.681249
v -12.300002 32.000004 -5.250000
v -11.175002 32.000004 -7.593751
v 7.593751 32.000004 -11.175002
v 5.250001 32.000004 -12.300001
v 2.681251 32.000004 -12.975001
v 0.000000 32.000004 -13.200002
v -2.681251 32.000004 -12.975001
v -5.250001 32.000004 -12.300001
v -7.593751 32.000004 -11.175001
v -7.593751 32.000000 11.175003
v -5.250001 32.000004 12.300004
v -2.681251 32.000000 12.975003
v 0.000000 32.000004 13.200006
v 2.681251 32.000004 12.975004
v 5.250001 32.000004 12.300004
v 7.593751 32.000004 11.175004
v 11.175002 32.000004 7.593752
v 12.300002 32.000004 5.250002
v 12.975003 32.000004 2.681252
v 13.200003 32.000004 0.000001
v 12.975003 32.000004 -2.681249
v 12.300002 32.000004 -5.250000
v 11.175002 32.000004 -7.593751
v 8.400786 27.999998 -8.400786
v 7.201572 24.000004 -7.201571
v 6.002358 20.000004 -6.002357
v 4.803143 16.000002 -4.803143
v 3.603929 12.000002 -3.603929
v 2.404714 8.000001 -2.404713
v 1.205499 4.000000 -1.205499
v 0.007316 -0.000000 0.004971
v 0.008052 -0.000000 0.003437
v 0.008494 -0.000000 0.001755
v 0.008641 -0.000000 0.000000
v 0.008494 0.000000 -0.001755
v 0.008052 0.000000 -0.003437
v 0.007316 0.000000 -0.004971
v -0.004971 0.000000 -0.007316
v -0.003437 0.000000 -0.008052
v -0.001755 0.000000 -0.008494
v 0.000000 0.000000 -0.008641
v 0.001755 0.000000 -0.008494
v 0.003437 0.000000 -0.008052
v 0.004971 0.000000 -0.007316
v 0.004971 -0.000000 0.007316
v 0.003437 -0.000000 0.008052
v 0.001755 -0.000000 0.008494
v -0.000000 -0.000000 0.008641
v -0.001755 -0.000000 0.008494
v -0.003437 -0.000000 0.008052
v -0.004971 -0.000000 0.007316
v -1.205499 4.000000 1.205499
v -2.404714 8.000001 2.404714
v -3.603928 12.000001 3.603929
v -4.803144 16.000002 4.803144
v -6.002358 20.000002 6.002359
v -7.201572 24.000004 7.201574
v -8.400787 28.000004 8.400788
v 8.400786 27.999998 8.400787
v 7.201573 24.000004 7.201573
v 6.002358 20.000004 6.002359
v 4.803143 16.000002 4.803144
v 3.603929 12.000002 3.603929
v 2.404714 8.000001 2.404714
v 1.205499 4.000000 1.205499
v -8.400786 28.000002 -8.400786
v -7.201572 24.000004 -7.201571
v -6.002358 20.000000 -6.002357
v -4.803144 16.000002 -4.803143
v -3.603928 12.000000 -3.603928
v -2.404714 8.000001 -2.404713
v -1.205499 4.000000 -1.205499
v 9.779041 27.999998 -6.645153
v 10.763510 28.000004 -4.594180
v 11.354189 28.000000 -2.346313
v 11.551083 28.000004 0.000001
v 11.354189 28.000000 2.346315
v 10.763508 27.999998 4.594182
v 9.779041 27.999998 6.645154
v 8.383080 24.000004 -5.696556
v 9.227014 24.000004 -3.938359
v 9.733376 24.000004 -2.011376
v 9.902162 24.000004 0.000001
v 9.733376 24.000004 2.011378
v 9.227014 24.000004 3.938361
v 8.383080 24.000004 5.696558
v 6.987119 19.999996 -4.747958
v 7.690521 20.000004 -3.282539
v 8.112562 19.999996 -1.676439
v 8.253242 20.000004 0.000001
v 8.112560 19.999996 1.676441
v 7.690521 20.000004 3.282540
v 6.987120 19.999996 4.747960
v 5.591158 16.000002 -3.799361
v 6.154027 16.000002 -2.626718
v 6.491747 16.000002 -1.341502
v 6.604321 16.000002 0.000001
v 6.491748 16.000002 1.341504
v 6.154027 16.000002 2.626720
v 5.591158 16.000002 3.799362
v 4.195199 12.000000 -2.850763
v 4.617534 12.000002 -1.970898
v 4.870935 12.000000 -1.006566
v 4.955402 12.000002 0.000000
v 4.870935 12.000000 1.006567
v 4.617534 12.000002 1.970899
v 4.195198 12.000000 2.850765
v 2.799237 8.000001 -1.902166
v 3.081039 8.000001 -1.315078
v 3.250121 8.000001 -0.671629
v 3.306482 8.000001 0.000000
v 3.250121 8.000001 0.671629
v 3.081040 8.000001 1.315078
v 2.799237 8.000001 1.902167
v 1.403276 4.000000 -0.953568
v 1.544546 4.000000 -0.659257
v 1.629307 4.000000 -0.336692
v 1.657562 4.000000 0.000000
v 1.629307 4.000000 0.336692
v 1.544546 4.000000 0.659257
v 1.403276 4.000000 0.953569
v -1.403276 4.000000 -0.953569
v -1.544546 4.000000 -0.659257
v -1.629308 4.000000 -0.336692
v -1.657562 4.000000 0.000000
v -1.629308 4.000000 0.336692
v -1.544546 4.000001 0.659258
v -1.403277 4.000000 0.953569
v -2.799237 8.000000 -1.902166
v -3.081039 8.000001 -1.315078
v -3.250121 8.000000 -0.671629
v -3.306482 8.000001 0.000000
v -3.250121 8.000001 0.671629
v -3.081040 8.000001 1.315078
v -2.799237 8.000001 1.902167
v -4.195198 12.000001 -2.850763
v -4.617534 12.000000 -1.970898
v -4.870934 12.000001 -1.006565
v -4.955402 12.000001 0.000000
v -4.870934 12.000000 1.006567
v -4.617534 12.000001 1.970899
v -4.195198 12.000000 2.850764
v -5.591158 16.000002 -3.799361
v -6.154027 16.000002 -2.626718
v -6.491748 16.000002 -1.341502
v -6.604322 16.000002 0.000001
v -6.491749 16.000000 1.341504
v -6.154027 16.000000 2.626720
v -5.591159 16.000000 3.799362
v -6.987119 20.000002 -4.747959
v -7.690521 20.000000 -3.282539
v -8.112561 20.000002 -1.676439
v -8.253242 20.000002 0.000001
v -8.112561 20.000002 1.676441
v -7.690522 20.000002 3.282540
v -6.987120 20.000000 4.747959
v -8.383080 24.000004 -5.696556
v -9.227015 24.000002 -3.938359
v -9.733376 24.000002 -2.011376
v -9.902164 24.000004 0.000001
v -9.733376 24.000004 2.011378
v -9.227015 24.000000 3.938361
v -8.383080 24.000002 5.696558
v -9.779041 28.000002 -6.645153
v -10.763510 28.000004 -4.594180
v -11.354189 28.000000 -2.346312
v -11.551084 28.000004 0.000001
v -11.354189 28.000004 2.346315
v -10.763509 28.000002 4.594182
v -9.779041 28.000002 6.645155
v 6.645154 28.000002 -9.779040
v 5.696557 24.000004 -8.383080
v 4.747959 20.000000 -6.987118
v 3.799361 16.000002 -5.591157
v 2.850764 12.000001 -4.195198
v 1.902166 8.000001 -2.799237
v 0.953569 4.000000 -1.403276
v 4.594181 28.000004 -10.763509
v 3.938359 24.000006 -9.227014
v 3.282539 20.000002 -7.690520
v 2.626719 16.000002 -6.154026
v 1.970898 12.000001 -4.617533
v 1.315078 8.000001 -3.081039
v 0.659257 4.000000 -1.544546
v 2.346313 28.000000 -11.354188
v 2.011377 24.000004 -9.733375
v 1.676440 20.000000 -8.112561
v 1.341503 16.000002 -6.491747
v 1.006566 12.000001 -4.870934
v 0.671629 8.000001 -3.250121
v 0.336692 4.000000 -1.629307
v -0.000000 28.000004 -11.551082
v 0.000000 24.000006 -9.902162
v -0.000000 20.000002 -8.253242
v -0.000000 16.000002 -6.604321
v -0.000000 12.000001 -4.955401
v -0.000000 8.000001 -3.306481
v -0.000000 4.000000 -1.657561
v -2.346314 28.000000 -11.354189
v -2.011377 24.000004 -9.733376
v -1.676440 20.000000 -8.112560
v -1.341503 16.000002 -6.491748
v -1.006566 12.000001 -4.870934
v -0.671629 8.000001 -3.250121
v -0.336692 4.000000 -1.629307
v -4.594181 28.000002 -10.763507
v -3.938360 24.000006 -9.227013
v -3.282539 20.000002 -7.690520
v -2.626719 16.000002 -6.154027
v -1.970899 12.000001 -4.617533
v -1.315078 8.000001 -3.081039
v -0.659257 4.000000 -1.544546
v -6.645154 28.000002 -9.779040
v -5.696557 24.000004 -8.383080
v -4.747959 20.000000 -6.987119
v -3.799361 16.000002 -5.591159
v -2.850764 12.000001 -4.195198
v -1.902166 8.000001 -2.799237
v -0.953569 4.000000 -1.403276
v -6.645154 28.000004 9.779042
v -5.696557 24.000004 8.383081
v -4.747959 20.000002 6.987121
v -3.799361 16.000002 5.591160
v -2.850764 12.000000 4.195199
v -1.902166 8.000001 2.799238
v -0.953569 4.000000 1.403277
v -4.594181 28.000000 10.763510
v -3.938359 24.000002 9.227015
v -3.282540 20.000002 7.690522
v -2.626719 16.000002 6.154028
v -1.970898 12.000001 4.617534
v -1.315078 8.000001 3.081040
v -0.659257 4.000000 1.544546
v -2.346314 28.000002 11.354191
v -2.011377 24.000002 9.733377
v -1.676440 20.000002 8.112564
v -1.341503 16.000002 6.491749
v -1.006566 12.000000 4.870935
v -0.671629 8.000001 3.250122
v -0.336692 4.000000 1.629308
v 0.000000 28.000004 11.551085
v -0.000000 24.000006 9.902164
v 0.000000 20.000002 8.253243
v 0.000000 16.000002 6.604322
v 0.000000 12.000001 4.955402
v 0.000000 8.000001 3.306482
v 0.000000 4.000000 1.657562
v 2.346314 28.000000 11.354190
v 2.011377 24.000004 9.733377
v 1.676440 20.000000 8.112562
v 1.341503 16.000002 6.491749
v 1.006566 12.000001 4.870936
v 0.671629 8.000001 3.250122
v 0.336692 4.000000 1.629308
v 4.594181 28.000002 10.763510
v 3.938360 24.000006 9.227016
v 3.282539 20.000002 7.690522
v 2.626719 16.000002 6.154028
v 1.970899 12.000001 4.617534
v 1.315078 8.000001 3.081040
v 0.659257 4.000000 1.544546
v 6.645154 28.000002 9.779042
v 5.696557 24.000004 8.383081
v 4.747959 20.000000 6.987121
v 3.799361 16.000002 5.591160
v 2.850764 12.000001 4.195199
v 1.902166 8.000001 2.799238
v 0.953569 4.000000 1.403277
v -0.006110 0.000000 -0.006110
v -0.006110 -0.000000 0.006110
v -9.333336 32.000004 -9.333334
v -9.333336 32.000004 9.333337
v 0.006110 0.000000 -0.006110
v 0.006110 -0.000000 0.006110
v 9.333336 32.000004 -9.333334
v 9.333336 32.000004 9.333337
v -0.007112 0.000000 -0.004833
v -0.007828 0.000000 -0.003341
v -0.008258 0.000000 -0.001706
v -0.008401 0.000000 0.000000
v -0.008258 -0.000000 0.001706
v -0.007828 -0.000000 0.003341
v -0.007112 -0.000000 0.004833
v -10.864585 32.000000 7.382815
v -11.958336 32.000004 5.104169
v -12.614585 32.000000 2.606773
v -12.833336 32.000004 0.000001
v -12.614587 32.000004 -2.606770
v -11.958336 32.000004 -5.104167
v -10.864586 32.000004 -7.382813
v 7.382814 32.000004 -10.864586
v 5.104168 32.000004 -11.958334
v 2.606771 32.000004 -12.614585
v 0.000000 32.000004 -12.833335
v -2.606771 32.000004 -12.614585
v -5.104168 32.000004 -11.958334
v -7.382814 32.000004 -10.864585
v -7.382813 32.000000 10.864587
v -5.104168 32.000004 11.958338
v -2.606771 32.000000 12.614587
v 0.000000 32.000004 12.833339
v 2.606771 32.000004 12.614588
v 5.104168 32.000004 11.958338
v 7.382814 32.000004 10.864588
v 10.864586 32.000004 7.382815
v 11.958336 32.000004 5.104169
v 12.614587 32.000004 2.606773
v 12.833336 32.000004 0.000001
v 12.614587 32.000004 -2.606770
v 11.958336 32.000004 -5.104167
v 10.864586 32.000004 -7.382813
v 8.167432 27.999998 -8.167431
v 7.001529 24.000004 -7.001528
v 5.835626 20.000004 -5.835626
v 4.669723 16.000002 -4.669722
v 3.503820 12.000002 -3.503820
v 2.337916 8.000001 -2.337916
v 1.172013 4.000000 -1.172013
v 0.007112 -0.000000 0.004833
v 0.007828 -0.000000 0.003341
v 0.008258 -0.000000 0.001706
v 0.008401 -0.000000 0.000000
v 0.008258 0.000000 -0.001706
v 0.007828 0.000000 -0.003341
v 0.007112 0.000000 -0.004833
v -0.004833 0.000000 -0.007112
v -0.003341 0.000000 -0.007828
v -0.001706 0.000000 -0.008258
v 0.000000 0.000000 -0.008401
v 0.001706 0.000000 -0.008258
v 0.003341 0.000000 -0.007828
v 0.004833 0.000000 -0.007112
v 0.004833 -0.000000 0.007112
v 0.003341 -0.000000 0.007828
v 0.001706 -0.000000 0.008258
v -0.000000 -0.000000 0.008401
v -0.001706 -0.000000 0.008258
v -0.003341 -0.000000 0.007828
v -0.004833 -0.000000 0.007112
v -1.172013 4.000000 1.172013
v -2.337916 8.000001 2.337917
v -3.503819 12.000001 3.503820
v -4.669723 16.000002 4.669724
v -5.835626 20.000002 5.835627
v -7.001529 24.000004 7.001531
v -8.167433 28.000004 8.167434
v 8.167432 27.999998 8.167433
v 7.001530 24.000004 7.001530
v 5.835626 20.000004 5.835627
v 4.669723 16.000002 4.669723
v 3.503820 12.000002 3.503820
v 2.337916 8.000001 2.337917
v 1.172013 4.000000 1.172013
v -8.167432 28.000002 -8.167431
v -7.001529 24.000004 -7.001528
v -5.835626 20.000000 -5.835626
v -4.669723 16.000002 -4.669723
v -3.503819 12.000000 -3.503819
v -2.337916 8.000001 -2.337916
v -1.172013 4.000000 -1.172013
v 9.507401 27.999998 -6.460565
v 10.464523 28.000004 -4.466564
v 11.038795 28.000000 -2.281137
v 11.230219 28.000004 0.000001
v 11.038795 28.000000 2.281139
v 10.464521 27.999998 4.466566
v 9.507401 27.999998 6.460567
v 8.150218 24.000004 -5.538319
v 8.970708 24.000004 -3.828960
v 9.463004 24.000004 -1.955504
v 9.627102 24.000004 0.000001
v 9.463004 24.000004 1.955506
v 8.970708 24.000004 3.828963
v 8.150218 24.000004 5.538320
v 6.793033 19.999996 -4.616070
v 7.476895 20.000004 -3.191357
v 7.887214 19.999996 -1.629871
v 8.023986 20.000004 0.000001
v 7.887212 19.999996 1.629873
v 7.476895 20.000004 3.191359
v 6.793034 19.999996 4.616072
v 5.435849 16.000002 -3.693823
v 5.983082 16.000002 -2.553754
v 6.311421 16.000002 -1.304239
v 6.420868 16.000002 0.000001
v 6.311421 16.000002 1.304240
v 5.983082 16.000002 2.553755
v 5.435849 16.000002 3.693825
v 4.078665 12.000000 -2.771575
v 4.489269 12.000002 -1.916151
v 4.735631 12.000000 -0.978605
v 4.817752 12.000002 0.000000
v 4.735631 12.000000 0.978606
v 4.489269 12.000002 1.916152
v 4.078665 12.000000 2.771577
v 2.721481 8.000001 -1.849328
v 2.995455 8.000001 -1.278548
v 3.159840 8.000001 -0.652972
v 3.214635 8.000001 0.000000
v 3.159840 8.000001 0.652973
v 2.995455 8.000001 1.278548
v 2.721481 8.000001 1.849329
v 1.364296 4.000000 -0.927080
v 1.501642 4.000000 -0.640945
v 1.584049 4.000000 -0.327339
v 1.611518 4.000000 0.000000
v 1.584049 4.000000 0.327340
v 1.501642 4.000000 0.640945
v 1.364296 4.000000 0.927081
v -1.364297 4.000000 -0.927081
v -1.501642 4.000000 -0.640945
v -1.584049 4.000000 -0.327339
v -1.611518 4.000000 0.000000
v -1.584049 4.000000 0.327340
v -1.501642 4.000001 0.640945
v -1.364297 4.000000 0.927081
v -2.721480 8.000000 -1.849328
v -2.995455 8.000001 -1.278548
v -3.159840 8.000000 -0.652972
v -3.214635 8.000001 0.000000
v -3.159840 8.000001 0.652973
v -2.995455 8.000001 1.278548
v -2.721481 8.000001 1.849329
v -4.078664 12.000001 -2.771576
v -4.489269 12.000000 -1.916151
v -4.735631 12.000001 -0.978605
v -4.817752 12.000001 0.000000
v -4.735631 12.000000 0.978606
v -4.489269 12.000001 1.916152
v -4.078665 12.000000 2.771576
v -5.435849 16.000002 -3.693823
v -5.983082 16.000002 -2.553754
v -6.311421 16.000002 -1.304238
v -6.420869 16.000002 0.000001
v -6.311422 16.000000 1.304240
v -5.983082 16.000000 2.553756
v -5.435849 16.000000 3.693824
v -6.793032 20.000002 -4.616071
v -7.476895 20.000000 -3.191357
v -7.887213 20.000002 -1.629871
v -8.023986 20.000002 0.000001
v -7.887213 20.000002 1.629873
v -7.476896 20.000002 3.191359
v -6.793034 20.000000 4.616072
v -8.150218 24.000004 -5.538318
v -8.970709 24.000002 -3.828960
v -9.463004 24.000002 -1.955504
v -9.627104 24.000004 0.000001
v -9.463004 24.000004 1.955506
v -8.970709 24.000000 3.828962
v -8.150218 24.000002 5.538320
v -9.507401 28.000002 -6.460565
v -10.464523 28.000004 -4.466564
v -11.038795 28.000000 -2.281137
v -11.230220 28.000004 0.000001
v -11.038795 28.000004 2.281140
v -10.464522 28.000002 4.466566
v -9.507401 28.000002 6.460567
v 6.460567 28.000002 -9.507401
v 5.538319 24.000004 -8.150217
v 4.616071 20.000000 -6.793032
v 3.693824 16.000002 -5.435848
v 2.771576 12.000001 -4.078664
v 1.849328 8.000001 -2.721480
v 0.927081 4.000000 -1.364296
v 4.466565 28.000004 -10.464522
v 3.828961 24.000006 -8.970708
v 3.191358 20.000002 -7.476894
v 2.553755 16.000002 -5.983081
v 1.916151 12.000001 -4.489268
v 1.278548 8.000001 -2.995455
v 0.640945 4.000000 -1.501642
v 2.281138 28.000000 -11.038794
v 1.955505 24.000004 -9.463003
v 1.629872 20.000000 -7.887213
v 1.304239 16.000002 -6.311421
v 0.978606 12.000001 -4.735631
v 0.652973 8.000001 -3.159840
v 0.327340 4.000000 -1.584049
v -0.000000 28.000004 -11.230219
v 0.000000 24.000006 -9.627102
v -0.000000 20.000002 -8.023985
v -0.000000 16.000002 -6.420868
v -0.000000 12.000001 -4.817751
v -0.000000 8.000001 -3.214634
v -0.000000 4.000000 -1.611518
v -2.281138 28.000000 -11.038795
v -1.955505 24.000004 -9.463004
v -1.629872 20.000000 -7.887212
v -1.304239 16.000002 -6.311421
v -0.978606 12.000001 -4.735631
v -0.652973 8.000001 -3.159840
v -0.327340 4.000000 -1.584049
v -4.466565 28.000002 -10.464520
v -3.828961 24.000006 -8.970707
v -3.191358 20.000002 -7.476894
v -2.553755 16.000002 -5.983082
v -1.916151 12.000001 -4.489268
v -1.278548 8.000001 -2.995455
v -0.640945 4.000000 -1.501642
v -6.460567 28.000002 -9.507401
v -5.538319 24.000004 -8.150217
v -4.616071 20.000000 -6.793032
v -3.693823 16.000002 -5.435849
v -2.771576 12.000001 -4.078664
v -1.849329 8.000001 -2.721480
v -0.927081 4.000000 -1.364296
v -6.460566 28.000004 9.507402
v -5.538319 24.000004 8.150219
v -4.616071 20.000002 6.793035
v -3.693823 16.000002 5.435850
v -2.771576 12.000000 4.078665
v -1.849328 8.000001 2.721481
v -0.927081 4.000000 1.364297
v -4.466565 28.000000 10.464524
v -3.828961 24.000002 8.970710
v -3.191358 20.000002 7.476896
v -2.553755 16.000002 5.983083
v -1.916151 12.000001 4.489269
v -1.278548 8.000001 2.995456
v -0.640945 4.000000 1.501642
v -2.281138 28.000002 11.038797
v -1.955505 24.000002 9.463006
v -1.629872 20.000002 7.887215
v -1.304239 16.000002 6.311422
v -0.978606 12.000000 4.735631
v -0.652973 8.000001 3.159841
v -0.327340 4.000000 1.584049
v 0.000000 28.000004 11.230222
v -0.000000 24.000006 9.627104
v 0.000000 20.000002 8.023987
v 0.000000 16.000002 6.420869
v 0.000000 12.000001 4.817752
v 0.000000 8.000001 3.214635
v 0.000000 4.000000 1.611518
v 2.281138 28.000000 11.038796
v 1.955505 24.000004 9.463006
v 1.629872 20.000000 7.887214
v 1.304239 16.000002 6.311423
v 0.978606 12.000001 4.735632
v 0.652973 8.000001 3.159841
v 0.327340 4.000000 1.584049
v 4.466565 28.000002 10.464524
v 3.828961 24.000006 8.970711
v 3.191358 20.000002 7.476897
v 2.553755 16.000002 5.983083
v 1.916151 12.000001 4.489269
v 1.278548 8.000001 2.995456
v 0.640945 4.000000 1.501642
v 6.460567 28.000002 9.507402
v 5.538319 24.000004 8.150219
v 4.616071 20.000000 6.793034
v 3.693823 16.000002 5.435850
v 2.771576 12.000001 4.078665
v 1.849329 8.000001 2.721481
v 0.927081 4.000000 1.364297
v -0.005935 0.000000 -0.005935
v -0.005935 -0.000000 0.005935
v -9.066669 32.000004 -9.066668
v -9.066669 32.000004 9.066670
v 0.005935 0.000000 -0.005935
v 0.005935 -0.000000 0.005935
v 9.066669 32.000004 -9.066668
v 9.066669 32.000004 9.066670
v -0.006909 0.000000 -0.004695
v -0.007605 0.000000 -0.003246
v -0.008022 0.000000 -0.001658
v -0.008161 0.000000 0.000000
v -0.008022 -0.000000 0.001658
v -0.007605 -0.000000 0.003246
v -0.006909 -0.000000 0.004695
v -10.554169 32.000000 7.171878
v -11.616670 32.000004 4.958336
v -12.254169 32.000000 2.532294
v -12.466670 32.000004 0.000001
v -12.254170 32.000004 -2.532291
v -11.616670 32.000004 -4.958333
v -10.554170 32.000004 -7.171876
v 7.171877 32.000004 -10.554170
v 4.958335 32.000004 -11.616668
v 2.532292 32.000004 -12.254169
v 0.000000 32.000004 -12.466669
v -2.532292 32.000004 -12.254169
v -4.958335 32.000004 -11.616668
v -7.171877 32.000004 -10.554169
v -7.171876 32.000000 10.554171
v -4.958335 32.000004 11.616672
v -2.532292 32.000000 12.254170
v 0.000000 32.000004 12.466672
v 2.532292 32.000004 12.254171
v 4.958335 32.000004 11.616672
v 7.171877 32.000004 10.554172
v 10.554170 32.000004 7.171878
v 11.616670 32.000004 4.958336
v 12.254170 32.000004 2.532294
v 12.466670 32.000004 0.000001
v 12.254170 32.000004 -2.532291
v 11.616670 32.000004 -4.958333
v 10.554170 32.000004 -7.171876
v 7.934077 27.999998 -7.934076
v 6.801486 24.000004 -6.801485
v 5.668894 20.000004 -5.668893
v 4.536302 16.000002 -4.536302
v 3.403711 12.000002 -3.403711
v 2.271119 8.000001 -2.271118
v 1.138527 4.000000 -1.138527
v 0.006909 -0.000000 0.004695
v 0.007605 -0.000000 0.003246
v 0.008022 -0.000000 0.001658
v 0.008161 -0.000000 0.000000
v 0.008022 0.000000 -0.001658
v 0.007605 0.000000 -0.003246
v 0.006909 0.000000 -0.004695
v -0.004695 0.000000 -0.006909
v -0.003246 0.000000 -0.007605
v -0.001658 0.000000 -0.008022
v 0.000000 0.000000 -0.008161
v 0.001658 0.000000 -0.008022
v 0.003246 0.000000 -0.007605
v 0.004695 0.000000 -0.006909
v 0.004695 -0.000000 0.006909
v 0.003246 -0.000000 0.007605
v 0.001658 -0.000000 0.008022
v -0.000000 -0.000000 0.008161
v -0.001658 -0.000000 0.008022
v -0.003246 -0.000000 0.007605
v -0.004695 -0.000000 0.006909
v -1.138527 4.000000 1.138527
v -2.271119 8.000001 2.271119
v -3.403710 12.000001 3.403711
v -4.536303 16.000002 4.536303
v -5.668894 20.000002 5.668895
v -6.801486 24.000004 6.801487
v -7.934078 28.000004 7.934079
v 7.934077 27.999998 7.934078
v 6.801486 24.000004 6.801486
v 5.668894 20.000004 5.668895
v 4.536302 16.000002 4.536303
v 3.403711 12.000002 3.403711
v 2.271119 8.000001 2.271119
v 1.138527 4.000000 1.138527
v -7.934077 28.000002 -7.934076
v -6.801486 24.000004 -6.801485
v -5.668894 20.000000 -5.668893
v -4.536303 16.000002 -4.536302
v -3.403710 12.000000 -3.403710
v -2.271119 8.000001 -2.271118
v -1.138527 4.000000 -1.138527
v 9.235762 27.999998 -6.275978
v 10.165537 28.000004 -4.338948
v 10.723402 28.000000 -2.215962
v 10.909356 28.000004 0.000001
v 10.723402 28.000000 2.215964
v 10.165536 27.999998 4.338950
v 9.235762 27.999998 6.275980
v 7.917355 24.000004 -5.380081
v 8.714402 24.000004 -3.719561
v 9.192633 24.000004 -1.899633
v 9.352042 24.000004 0.000001
v 9.192633 24.000004 1.899635
v 8.714402 24.000004 3.719564
v 7.917355 24.000004 5.380083
v 6.598946 19.999996 -4.484183
v 7.263270 20.000004 -3.100176
v 7.661865 19.999996 -1.583304
v 7.794729 20.000004 0.000001
v 7.661863 19.999996 1.583305
v 7.263270 20.000004 3.100177
v 6.598947 19.999996 4.484185
v 5.280539 16.000002 -3.588285
v 5.812137 16.000002 -2.480790
v 6.131095 16.000002 -1.266975
v 6.237415 16.000002 0.000001
v 6.131095 16.000002 1.266976
v 5.812137 16.000002 2.480791
v 5.280539 16.000002 3.588287
v 3.962132 12.000000 -2.692388
v 4.361004 12.000002 -1.861404
v 4.600328 12.000000 -0.950645
v 4.680102 12.000002 0.000000
v 4.600328 12.000000 0.950646
v 4.361004 12.000002 1.861405
v 3.962132 12.000000 2.692389
v 2.643724 8.000001 -1.796490
v 2.909871 8.000001 -1.242018
v 3.069559 8.000001 -0.634316
v 3.122788 8.000001 0.000000
v 3.069559 8.000001 0.634317
v 2.909871 8.000001 1.242018
v 2.643724 8.000001 1.796491
v 1.325317 4.000000 -0.900592
v 1.458738 4.000000 -0.622632
v 1.538790 4.000000 -0.317987
v 1.565475 4.000000 0.000000
v 1.538790 4.000000 0.317987
v 1.458738 4.000000 0.622632
v 1.325317 4.000000 0.900593
v -1.325317 4.000000 -0.900593
v -1.458738 4.000000 -0.622632
v -1.538790 4.000000 -0.317987
v -1.565475 4.000000 0.000000
v -1.538791 4.000000 0.317987
v -1.458738 4.000001 0.622632
v -1.325317 4.000000 0.900593
v -2.643724 8.000000 -1.796490
v -2.909871 8.000001 -1.242018
v -3.069559 8.000000 -0.634316
v -3.122788 8.000001 0.000000
v -3.069559 8.000001 0.634317
v -2.909871 8.000001 1.242018
v -2.643724 8.000001 1.796491
v -3.962131 12.000001 -2.692388
v -4.361004 12.000000 -1.861404
v -4.600327 12.000001 -0.950645
v -4.680102 12.000001 0.000000
v -4.600327 12.000000 0.950646
v -4.361004 12.000001 1.861405
v -3.962132 12.000000 2.692388
v -5.280539 16.000002 -3.588286
v -5.812137 16.000002 -2.480790
v -6.131095 16.000002 -1.266974
v -6.237416 16.000002 0.000001
v -6.131096 16.000000 1.266976
v -5.812137 16.000000 2.480791
v -5.280539 16.000000 3.588286
v -6.598946 20.000002 -4.484183
v -7.263270 20.000000 -3.100176
v -7.661864 20.000002 -1.583304
v -7.794729 20.000002 0.000001
v -7.661864 20.000002 1.583305
v -7.263271 20.000002 3.100177
v -6.598947 20.000000 4.484184
v -7.917355 24.000004 -5.380081
v -8.714403 24.000002 -3.719562
v -9.192633 24.000002 -1.899633
v -9.352043 24.000004 0.000001
v -9.192633 24.000004 1.899635
v -8.714403 24.000000 3.719563
v -7.917355 24.000002 5.380083
v -9.235762 28.000002 -6.275978
v -10.165537 28.000004 -4.338948
v -10.723401 28.000000 -2.215962
v -10.909357 28.000004 0.000001
v -10.723402 28.000004 2.215964
v -10.165537 28.000002 4.338950
v -9.235762 28.000002 6.275980
v 6.275980 28.000002 -9.235762
v 5.380081 24.000004 -7.917354
v 4.484183 20.000000 -6.598946
v 3.588286 16.000002 -5.280538
v 2.692388 12.000001 -3.962131
v 1.796490 8.000001 -2.643724
v 0.900593 4.000000 -1.325317
v 4.338949 28.000004 -10.165537
v 3.719562 24.000006 -8.714402
v 3.100176 20.000002 -7.263269
v 2.480790 16.000002 -5.812136
v 1.861404 12.000001 -4.361004
v 1.242018 8.000001 -2.909871
v 0.622632 4.000000 -1.458738
v 2.215963 28.000000 -10.723400
v 1.899634 24.000004 -9.192632
v 1.583304 20.000000 -7.661864
v 1.266975 16.000002 -6.131095
v 0.950646 12.000001 -4.600327
v 0.634316 8.000001 -3.069559
v 0.317987 4.000000 -1.538790
v -0.000000 28.000004 -10.909355
v 0.000000 24.000006 -9.352042
v -0.000000 20.000002 -7.794728
v -0.000000 16.000002 -6.237415
v -0.000000 12.000001 -4.680101
v -0.000000 8.000001 -3.122788
v -0.000000 4.000000 -1.565475
v -2.215963 28.000000 -10.723401
v -1.899634 24.000004 -9.192633
v -1.583304 20.000000 -7.661863
v -1.266975 16.000002 -6.131095
v -0.950646 12.000001 -4.600327
v -0.634316 8.000001 -3.069559
v -0.317987 4.000000 -1.538790
v -4.338949 28.000002 -10.165535
v -3.719563 24.000006 -8.714401
v -3.100176 20.000002 -7.263269
v -2.480790 16.000002 -5.812137
v -1.861404 12.000001 -4.361004
v -1.242018 8.000001 -2.909871
v -0.622632 4.000000 -1.458738
v -6.275979 28.000002 -9.235762
v -5.380081 24.000004 -7.917354
v -4.484184 20.000000 -6.598946
v -3.588286 16.000002 -5.280539
v -2.692389 12.000001 -3.962131
v -1.796491 8.000001 -2.643724
v -0.900593 4.000000 -1.325317
v -6.275979 28.000004 9.235763
v -5.380082 24.000004 7.917356
v -4.484184 20.000002 6.598948
v -3.588285 16.000002 5.280540
v -2.692388 12.000000 3.962132
v -1.796490 8.000001 2.643725
v -0.900593 4.000000 1.325317
v -4.338949 28.000000 10.165538
v -3.719562 24.000002 8.714404
v -3.100177 20.000002 7.263271
v -2.480790 16.000002 5.812138
v -1.861404 12.000001 4.361005
v -1.242018 8.000001 2.909871
v -0.622632 4.000000 1.458738
v -2.215963 28.000002 10.723403
v -1.899634 24.000002 9.192635
v -1.583304 20.000002 7.661866
v -1.266975 16.000002 6.131096
v -0.950646 12.000000 4.600328
v -0.634316 8.000001 3.069560
v -0.317987 4.000000 1.538791
v 0.000000 28.000004 10.909359
v -0.000000 24.000006 9.352043
v 0.000000 20.000002 7.794730
v 0.000000 16.000002 6.237416
v 0.000000 12.000001 4.680102
v 0.000000 8.000001 3.122789
v 0.000000 4.000000 1.565475
v 2.215963 28.000000 10.723403
v 1.899634 24.000004 9.192635
v 1.583304 20.000000 7.661865
v 1.266975 16.000002 6.131097
v 0.950646 12.000001 4.600328
v 0.634316 8.000001 3.069560
v 0.317987 4.000000 1.538791
v 4.338949 28.000002 10.165538
v 3.719563 24.000006 8.714405
v 3.100176 20.000002 7.263271
v 2.480790 16.000002 5.812138
v 1.861404 12.000001 4.361005
v 1.242018 8.000001 2.909871
v 0.622632 4.000000 1.458738
v 6.275979 28.000002 9.235763
v 5.380081 24.000004 7.917356
v 4.484184 20.000000 6.598948
v 3.588286 16.000002 5.280540
v 2.692389 12.000001 3.962132
v 1.796491 8.000001 2.643725
v 0.900593 4.000000 1.325317
v -0.005761 0.000000 -0.005761
v -0.005761 -0.000000 0.005761
v -8.800003 32.000004 -8.800001
v -8.800003 32.000004 8.800004
v 0.005761 0.000000 -0.005761
v 0.005761 -0.000000 0.005761
v 8.800003 32.000004 -8.800001
v 8.800003 32.000004 8.800004
v -0.006706 0.000000 -0.004557
v -0.007381 0.000000 -0.003150
v -0.007786 0.000000 -0.001609
v -0.007921 0.000000 0.000000
v -0.007786 -0.000000 0.001609
v -0.007381 -0.000000 0.003150
v -0.006706 -0.000000 0.004557
v -10.243752 32.000000 6.960940
v -11.275003 32.000004 4.812503
v -11.893753 32.000000 2.457815
v -12.100003 32.000004 0.000001
v -11.893754 32.000004 -2.457812
v -11.275003 32.000004 -4.812500
v -10.243753 32.000004 -6.960939
v 6.960940 32.000004 -10.243753
v 4.812501 32.000004 -11.275002
v 2.457813 32.000004 -11.893753
v 0.000000 32.000004 -12.100002
v -2.457813 32.000004 -11.893753
v -4.812502 32.000004 -11.275002
v -6.960940 32.000004 -10.243752
v -6.960939 32.000000 10.243753
v -4.812501 32.000004 11.275005
v -2.457813 32.000000 11.893754
v 0.000000 32.000004 12.100006
v 2.457813 32.000004 11.893755
v 4.812502 32.000004 11.275005
v 6.960940 32.000004 10.243754
v 10.243753 32.000004 6.960940
v 11.275003 32.000004 4.812503
v 11.893754 32.000004 2.457814
v 12.100003 32.000004 0.000001
v 11.893754 32.000004 -2.457812
v 11.275003 32.000004 -4.812500
v 10.243753 32.000004 -6.960939
v 7.700722 27.999998 -7.700721
v 6.601442 24.000004 -6.601441
v 5.502162 20.000004 -5.502162
v 4.402882 16.000002 -4.402881
v 3.303602 12.000002 -3.303602
v 2.204321 8.000001 -2.204321
v 1.105041 4.000000 -1.105041
v 0.006706 -0.000000 0.004557
v 0.007381 -0.000000 0.003150
v 0.007786 -0.000000 0.001609
v 0.007921 -0.000000 0.000000
v 0.007786 0.000000 -0.001609
v 0.007381 0.000000 -0.003150
v 0.006706 0.000000 -0.004557
v -0.004557 0.000000 -0.006706
v -0.003150 0.000000 -0.007381
v -0.001609 0.000000 -0.007786
v 0.000000 0.000000 -0.007921
v 0.001609 0.000000 -0.007786
v 0.003150 0.000000 -0.007381
v 0.004557 0.000000 -0.006706
v 0.004557 -0.000000 0.006706
v 0.003150 -0.000000 0.007381
v 0.001609 -0.000000 0.007786
v -0.000000 -0.000000 0.007921
v -0.001609 -0.000000 0.007786
v -0.003150 -0.000000 0.007381
v -0.004557 -0.000000 0.006706
v -1.105041 4.000000 1.105041
v -2.204321 8.000001 2.204322
v -3.303601 12.000001 3.303602
v -4.402882 16.000002 4.402883
v -5.502162 20.000002 5.502163
v -6.601442 24.000004 6.601443
v -7.700723 28.000004 7.700724
v 7.700722 27.999998 7.700723
v 6.601443 24.000004 6.601443
v 5.502162 20.000004 5.502163
v 4.402882 16.000002 4.402882
v 3.303602 12.000002 3.303602
v 2.204321 8.000001 2.204322
v 1.105041 4.000000 1.105041
v -7.700722 28.000002 -7.700721
v -6.601442 24.000004 -6.601441
v -5.502162 20.000000 -5.502162
v -4.402882 16.000002 -4.402882
v -3.303601 12.000000 -3.303601
v -2.204321 8.000001 -2.204321
v -1.105041 4.000000 -1.105041
v 8.964123 27.999998 -6.091391
v 9.866551 28.000004 -4.211332
v 10.408008 28.000000 -2.150787
v 10.588493 28.000004 0.000001
v 10.408008 28.000000 2.150789
v 9.866549 27.999998 4.211334
v 8.964123 27.999998 6.091393
v 7.684492 24.000004 -5.221843
v 8.458097 24.000004 -3.610162
v 8.922261 24.000004 -1.843761
v 9.076982 24.000004 0.000001
v 8.922261 24.000004 1.843763
v 8.458097 24.000004 3.610165
v 7.684492 24.000004 5.221845
v 6.404860 19.999996 -4.352295
v 7.049644 20.000004 -3.008994
v 7.436516 19.999996 -1.536736
v 7.565473 20.000004 0.000001
v 7.436514 19.999996 1.536737
v 7.049644 20.000004 3.008996
v 6.404860 19.999996 4.352297
v 5.125229 16.000002 -3.482748
v 5.641192 16.000002 -2.407825
v 5.950769 16.000002 -1.229711
v 6.053962 16.000002 0.000001
v 5.950769 16.000002 1.229712
v 5.641192 16.000002 2.407827
v 5.125229 16.000002 3.482749
v 3.845599 12.000000 -2.613200
v 4.232739 12.000002 -1.806657
v 4.465024 12.000000 -0.922685
v 4.542452 12.000002 0.000000
v 4.465024 12.000000 0.922686
v 4.232739 12.000002 1.806658
v 3.845599 12.000000 2.613201
v 2.565968 8.000001 -1.743652
v 2.824286 8.000001 -1.205488
v 2.979278 8.000001 -0.615660
v 3.030942 8.000001 0.000000
v 2.979278 8.000001 0.615660
v 2.824287 8.000001 1.205489
v 2.565968 8.000001 1.743653
v 1.286337 4.000000 -0.874104
v 1.415834 4.000000 -0.604319
v 1.493532 4.000000 -0.308634
v 1.519432 4.000000 0.000000
v 1.493532 4.000000 0.308635
v 1.415834 4.000000 0.604319
v 1.286337 4.000000 0.874105
v -1.286337 4.000000 -0.874105
v -1.415834 4.000000 -0.604319
v -1.493532 4.000000 -0.308634
v -1.519432 4.000000 0.000000
v -1.493532 4.000000 0.308635
v -1.415834 4.000001 0.604320
v -1.286337 4.000000 0.874105
v -2.565967 8.000000 -1.743652
v -2.824286 8.000001 -1.205488
v -2.979278 8.000000 -0.615660
v -3.030942 8.000001 0.000000
v -2.979278 8.000001 0.615660
v -2.824287 8.000001 1.205488
v -2.565968 8.000001 1.743653
v -3.845598 12.000001 -2.613200
v -4.232739 12.000000 -1.806657
v -4.465024 12.000001 -0.922685
v -4.542452 12.000001 0.000000
v -4.465024 12.000000 0.922686
v -4.232739 12.000001 1.806657
v -3.845599 12.000000 2.613200
v -5.125229 16.000002 -3.482748
v -5.641192 16.000002 -2.407825
v -5.950769 16.000002 -1.229711
v -6.053963 16.000002 0.000001
v -5.950770 16.000000 1.229712
v -5.641192 16.000000 2.407827
v -5.125229 16.000000 3.482749
v -6.404860 20.000002 -4.352296
v -7.049644 20.000000 -3.008994
v -7.436515 20.000002 -1.536736
v -7.565473 20.000002 0.000001
v -7.436515 20.000002 1.536738
v -7.049645 20.000002 3.008996
v -6.404860 20.000000 4.352296
v -7.684492 24.000004 -5.221843
v -8.458097 24.000002 -3.610163
v -8.922261 24.000002 -1.843761
v -9.076983 24.000004 0.000001
v -8.922261 24.000004 1.843763
v -8.458097 24.000000 3.610164
v -7.684492 24.000002 5.221845
v -8.964123 28.000002 -6.091391
v -9.866551 28.000004 -4.211332
v -10.408007 28.000000 -2.150787
v -10.588494 28.000004 0.000001
v -10.408008 28.000004 2.150789
v -9.866550 28.000002 4.211334
v -8.964123 28.000002 6.091393
v 6.091392 28.000002 -8.964122
v 5.221844 24.000004 -7.684491
v 4.352296 20.000000 -6.404859
v 3.482748 16.000002 -5.125228
v 2.613200 12.000001 -3.845598
v 1.743652 8.000001 -2.565967
v 0.874105 4.000000 -1.286337
v 4.211333 28.000004 -9.866550
v 3.610163 24.000006 -8.458097
v 3.008995 20.000002 -7.049644
v 2.407826 16.000002 -5.641191
v 1.806657 12.000001 -4.232739
v 1.205488 8.000001 -2.824286
v 0.604319 4.000000 -1.415834
v 2.150788 28.000000 -10.408007
v 1.843762 24.000004 -8.922261
v 1.536737 20.000000 -7.436515
v 1.229711 16.000002 -5.950769
v 0.922686 12.000001 -4.465024
v 0.615660 8.000001 -2.979278
v 0.308634 4.000000 -1.493532
v -0.000000 28.000004 -10.588492
v 0.000000 24.000006 -9.076982
v -0.000000 20.000002 -7.565472
v -0.000000 16.000002 -6.053962
v -0.000000 12.000001 -4.542451
v -0.000000 8.000001 -3.030941
v -0.000000 4.000000 -1.519431
v -2.150788 28.000000 -10.408007
v -1.843762 24.000004 -8.922261
v -1.536737 20.000000 -7.436514
v -1.229711 16.000002 -5.950769
v -0.922686 12.000001 -4.465024
v -0.615660 8.000001 -2.979278
v -0.308635 4.000000 -1.493532
v -4.211333 28.000002 -9.866549
v -3.610164 24.000006 -8.458096
v -3.008995 20.000002 -7.049644
v -2.407826 16.000002 -5.641191
v -1.806657 12.000001 -4.232739
v -1.205488 8.000001 -2.824286
v -0.604319 4.000000 -1.415834
v -6.091392 28.000002 -8.964122
v -5.221844 24.000004 -7.684491
v -4.352296 20.000000 -6.404860
v -3.482748 16.000002 -5.125229
v -2.613201 12.000001 -3.845598
v -1.743653 8.000001 -2.565967
v -0.874105 4.000000 -1.286337
v -6.091391 28.000004 8.964123
v -5.221844 24.000004 7.684492
v -4.352296 20.000002 6.404861
v -3.482748 16.000002 5.125231
v -2.613200 12.000000 3.845599
v -1.743652 8.000001 2.565968
v -0.874105 4.000000 1.286337
v -4.211333 28.000000 9.866552
v -3.610163 24.000002 8.458098
v -3.008995 20.000002 7.049645
v -2.407826 16.000002 5.641193
v -1.806657 12.000001 4.232740
v -1.205488 8.000001 2.824287
v -0.604319 4.000000 1.415834
v -2.150788 28.000002 10.408010
v -1.843762 24.000002 8.922263
v -1.536737 20.000002 7.436518
v -1.229711 16.000002 5.950770
v -0.922686 12.000000 4.465024
v -0.615660 8.000001 2.979279
v -0.308634 4.000000 1.493532
v 0.000000 28.000004 10.588495
v -0.000000 24.000006 9.076983
v 0.000000 20.000002 7.565474
v 0.000000 16.000002 6.053963
v 0.000000 12.000001 4.542452
v 0.000000 8.000001 3.030942
v 0.000000 4.000000 1.519432
v 2.150788 28.000000 10.408009
v 1.843762 24.000004 8.922263
v 1.536737 20.000000 7.436516
v 1.229711 16.000002 5.950770
v 0.922686 12.000001 4.465025
v 0.615660 8.000001 2.979279
v 0.308635 4.000000 1.493532
v 4.211333 28.000002 9.866552
v 3.610164 24.000006 8.458099
v 3.008995 20.000002 7.049646
v 2.407826 16.000002 5.641193
v 1.806657 12.000001 4.232740
v 1.205488 8.000001 2.824287
v 0.604319 4.000000 1.415834
v 6.091392 28.000002 8.964123
v 5.221844 24.000004 7.684492
v 4.352296 20.000000 6.404861
v 3.482748 16.000002 5.125230
v 2.613201 12.000001 3.845599
v 1.743653 8.000001 2.565968
v 0.874105 4.000000 1.286337
v -0.005586 0.000000 -0.005586
v -0.005586 -0.000000 0.005586
v -8.533337 32.000004 -8.533335
v -8.533337 32.000004 8.533338
v 0.005586 0.000000 -0.005586
v 0.005586 -0.000000 0.005586
v 8.533337 32.000004 -8.533335
v 8.533337 32.000004 8.533338
v -0.006503 0.000000 -0.004419
v -0.007157 0.000000 -0.003055
v -0.007550 0.000000 -0.001560
v -0.007681 0.000000 0.000000
v -0.007550 -0.000000 0.001560
v -0.007157 -0.000000 0.003055
v -0.006503 -0.000000 0.004419
v -9.933336 32.000000 6.750003
v -10.933337 32.000004 4.666669
v -11.533337 32.000000 2.383336
v -11.733337 32.000004 0.000001
v -11.533338 32.000004 -2.383333
v -10.933337 32.000004 -4.666667
v -9.933336 32.000004 -6.750001
v 6.750002 32.000004 -9.933336
v 4.666668 32.000004 -10.933335
v 2.383334 32.000004 -11.533337
v 0.000000 32.000004 -11.733336
v -2.383334 32.000004 -11.533337
v -4.666669 32.000004 -10.933335
v -6.750002 32.000004 -9.933336
v -6.750001 32.000000 9.933337
v -4.666668 32.000004 10.933338
v -2.383334 32.000000 11.533338
v 0.000000 32.000004 11.733339
v 2.383334 32.000004 11.533339
v 4.666669 32.000004 10.933338
v 6.750002 32.000004 9.933338
v 9.933336 32.000004 6.750003
v 10.933337 32.000004 4.666669
v 11.533338 32.000004 2.383335
v 11.733337 32.000004 0.000001
v 11.533338 32.000004 -2.383333
v 10.933337 32.000004 -4.666667
v 9.933336 32.000004 -6.750001
v 7.467367 27.999998 -7.467366
v 6.401399 24.000004 -6.401398
v 5.335430 20.000004 -5.335430
v 4.269461 16.000002 -4.269461
v 3.203493 12.000002 -3.203493
v 2.137524 8.000001 -2.137523
v 1.071555 4.000000 -1.071555
v 0.006503 -0.000000 0.004419
v 0.007157 -0.000000 0.003055
v 0.007550 -0.000000 0.001560
v 0.007681 -0.000000 0.000000
v 0.007550 0.000000 -0.001560
v 0.007157 0.000000 -0.003055
v 0.006503 0.000000 -0.004419
v -0.004419 0.000000 -0.006503
v -0.003055 0.000000 -0.007157
v -0.001560 0.000000 -0.007550
v 0.000000 0.000000 -0.007681
v 0.001560 0.000000 -0.007550
v 0.003055 0.000000 -0.007157
v 0.004419 0.000000 -0.006503
v 0.004419 -0.000000 0.006503
v 0.003055 -0.000000 0.007157
v 0.001560 -0.000000 0.007550
v -0.000000 -0.000000 0.007681
v -0.001560 -0.000000 0.007550
v -0.003055 -0.000000 0.007157
v -0.004419 -0.000000 0.006503
v -1.071555 4.000000 1.071555
v -2.137524 8.000001 2.137524
v -3.203492 12.000001 3.203493
v -4.269461 16.000002 4.269462
v -5.335430 20.000002 5.335431
v -6.401399 24.000004 6.401400
v -7.467368 28.000004 7.467369
v 7.467367 27.999998 7.467368
v 6.401399 24.000004 6.401399
v 5.335430 20.000004 5.335431
v 4.269461 16.000002 4.269461
v 3.203493 12.000002 3.203493
v 2.137524 8.000001 2.137524
v 1.071555 4.000000 1.071555
v -7.467367 28.000002 -7.467366
v -6.401399 24.000004 -6.401398
v -5.335430 20.000000 -5.335430
v -4.269461 16.000002 -4.269461
v -3.203492 12.000000 -3.203492
v -2.137524 8.000001 -2.137523
v -1.071555 4.000000 -1.071555
v 8.692483 27.999998 -5.906803
v 9.567565 28.000004 -4.083715
v 10.092614 28.000000 -2.085611
v 10.267631 28.000004 0.000001
v 10.092614 28.000000 2.085613
v 9.567564 27.999998 4.083717
v 8.692483 27.999998 5.906805
v 7.451628 24.000004 -5.063606
v 8.201791 24.000004 -3.500764
v 8.651891 24.000004 -1.787890
v 8.801923 24.000004 0.000001
v 8.651891 24.000004 1.787892
v 8.201791 24.000004 3.500766
v 7.451628 24.000004 5.063608
v 6.210773 19.999996 -4.220408
v 6.836019 20.000004 -2.917813
v 7.211167 19.999996 -1.490168
v 7.336216 20.000004 0.000001
v 7.211166 19.999996 1.490170
v 6.836019 20.000004 2.917814
v 6.210774 19.999996 4.220409
v 4.969919 16.000002 -3.377210
v 5.470247 16.000002 -2.334861
v 5.770443 16.000002 -1.192447
v 5.870509 16.000002 0.000001
v 5.770443 16.000002 1.192448
v 5.470247 16.000002 2.334862
v 4.969919 16.000002 3.377211
v 3.729066 12.000000 -2.534012
v 4.104475 12.000002 -1.751910
v 4.329720 12.000000 -0.894725
v 4.404802 12.000002 0.000000
v 4.329720 12.000000 0.894726
v 4.104475 12.000002 1.751911
v 3.729065 12.000000 2.534013
v 2.488211 8.000001 -1.690814
v 2.738702 8.000001 -1.168958
v 2.888997 8.000001 -0.597003
v 2.939095 8.000001 0.000000
v 2.888997 8.000001 0.597004
v 2.738702 8.000001 1.168959
v 2.488211 8.000001 1.690815
v 1.247357 4.000000 -0.847616
v 1.372930 4.000000 -0.586007
v 1.448273 4.000000 -0.299282
v 1.473388 4.000000 0.000000
v 1.448273 4.000000 0.299282
v 1.372930 4.000000 0.586007
v 1.247357 4.000000 0.847617
v -1.247357 4.000000 -0.847617
v -1.372930 4.000000 -0.586007
v -1.448274 4.000000 -0.299282
v -1.473388 4.000000 0.000000
v -1.448274 4.000000 0.299282
v -1.372930 4.000001 0.586007
v -1.247357 4.000000 0.847617
v -2.488211 8.000000 -1.690815
v -2.738702 8.000001 -1.168958
v -2.888997 8.000000 -0.597003
v -2.939095 8.000001 0.000000
v -2.888997 8.000001 0.597004
v -2.738702 8.000001 1.168959
v -2.488211 8.000001 1.690815
v -3.729065 12.000001 -2.534012
v -4.104475 12.000000 -1.751910
v -4.329720 12.000001 -0.894725
v -4.404802 12.000001 0.000000
v -4.329720 12.000000 0.894726
v -4.104475 12.000001 1.751910
v -3.729065 12.000000 2.534013
v -4.969919 16.000002 -3.377210
v -5.470247 16.000002 -2.334861
v -5.770443 16.000002 -1.192447
v -5.870510 16.000002 0.000001
v -5.770444 16.000000 1.192448
v -5.470247 16.000000 2.334862
v -4.969920 16.000000 3.377211
v -6.210773 20.000002 -4.220408
v -6.836019 20.000000 -2.917813
v -7.211166 20.000002 -1.490168
v -7.336216 20.000002 0.000001
v -7.211166 20.000002 1.490170
v -6.836020 20.000002 2.917814
v -6.210774 20.000000 4.220409
v -7.451628 24.000004 -5.063606
v -8.201792 24.000002 -3.500764
v -8.651891 24.000002 -1.787890
v -8.801924 24.000004 0.000001
v -8.651891 24.000004 1.787892
v -8.201792 24.000000 3.500766
v -7.451628 24.000002 5.063608
v -8.692483 28.000002 -5.906803
v -9.567565 28.000004 -4.083716
v -10.092613 28.000000 -2.085611
v -10.267631 28.000004 0.000001
v -10.092614 28.000004 2.085613
v -9.567564 28.000002 4.083718
v -8.692483 28.000002 5.906806
v 5.906805 28.000002 -8.692482
v 5.063606 24.000004 -7.451628
v 4.220408 20.000000 -6.210773
v 3.377211 16.000002 -4.969918
v 2.534013 12.000001 -3.729065
v 1.690815 8.000001 -2.488211
v 0.847617 4.000000 -1.247357
v 4.083717 28.000004 -9.567564
v 3.500765 24.000006 -8.201791
v 2.917813 20.000002 -6.836019
v 2.334862 16.000002 -5.470246
v 1.751910 12.000001 -4.104475
v 1.168958 8.000001 -2.738702
v 0.586007 4.000000 -1.372930
v 2.085612 28.000000 -10.092612
v 1.787891 24.000004 -8.651890
v 1.490169 20.000000 -7.211166
v 1.192447 16.000002 -5.770443
v 0.894725 12.000001 -4.329720
v 0.597004 8.000001 -2.888997
v 0.299282 4.000000 -1.448273
v -0.000000 28.000004 -10.267630
v 0.000000 24.000006 -8.801923
v -0.000000 20.000002 -7.336215
v -0.000000 16.000002 -5.870509
v -0.000000 12.000001 -4.404801
v -0.000000 8.000001 -2.939095
v -0.000000 4.000000 -1.473388
v -2.085612 28.000000 -10.092613
v -1.787890 24.000004 -8.651891
v -1.490169 20.000000 -7.211166
v -1.192447 16.000002 -5.770443
v -0.894725 12.000001 -4.329720
v -0.597004 8.000001 -2.888997
v -0.299282 4.000000 -1.448273
v -4.083717 28.000002 -9.567563
v -3.500765 24.000006 -8.201790
v -2.917813 20.000002 -6.836019
v -2.334862 16.000002 -5.470247
v -1.751910 12.000001 -4.104475
v -1.168958 8.000001 -2.738702
v -0.586007 4.000000 -1.372930
v -5.906804 28.000002 -8.692482
v -5.063606 24.000004 -7.451628
v -4.220408 20.000000 -6.210773
v -3.377210 16.000002 -4.969920
v -2.534013 12.000001 -3.729065
v -1.690815 8.000001 -2.488211
v -0.847617 4.000000 -1.247357
v -5.906804 28.000004 8.692483
v -5.063607 24.000004 7.451629
v -4.220408 20.000002 6.210775
v -3.377210 16.000002 4.969921
v -2.534013 12.000000 3.729066
v -1.690814 8.000001 2.488212
v -0.847617 4.000000 1.247357
v -4.083717 28.000000 9.567566
v -3.500765 24.000002 8.201793
v -2.917814 20.000002 6.836020
v -2.334862 16.000002 5.470248
v -1.751910 12.000001 4.104475
v -1.168958 8.000001 2.738703
v -0.586007 4.000000 1.372930
v -2.085612 28.000002 10.092616
v -1.787891 24.000002 8.651892
v -1.490169 20.000002 7.211169
v -1.192447 16.000002 5.770444
v -0.894725 12.000000 4.329720
v -0.597004 8.000001 2.888998
v -0.299282 4.000000 1.448274
v 0.000000 28.000004 10.267632
v -0.000000 24.000006 8.801924
v 0.000000 20.000002 7.336217
v 0.000000 16.000002 5.870510
v 0.000000 12.000001 4.404802
v 0.000000 8.000001 2.939095
v 0.000000 4.000000 1.473388
v 2.085612 28.000000 10.092615
v 1.787890 24.000004 8.651892
v 1.490169 20.000000 7.211167
v 1.192447 16.000002 5.770444
v 0.894725 12.000001 4.329721
v 0.597004 8.000001 2.888997
v 0.299282 4.000000 1.448274
v 4.083717 28.000002 9.567566
v 3.500765 24.000006 8.201794
v 2.917813 20.000002 6.836021
v 2.334862 16.000002 5.470248
v 1.751910 12.000001 4.104475
v 1.168958 8.000001 2.738703
v 0.586007 4.000000 1.372930
v 5.906804 28.000002 8.692483
v 5.063606 24.000004 7.451629
v 4.220408 20.000000 6.210774
v 3.377210 16.000002 4.969920
v 2.534013 12.000001 3.729066
v 1.690815 8.000001 2.488212
v 0.847617 4.000000 1.247357
v -0.005412 0.000000 -0.005412
v -0.005412 -0.000000 0.005412
v -8.266670 32.000004 -8.266668
v -8.266670 32.000004 8.266670
v 0.005412 0.000000 -0.005412
v 0.005412 -0.000000 0.005412
v 8.266670 32.000004 -8.266668
v 8.266670 32.000004 8.266670
v -0.006300 0.000000 -0.004281
v -0.006934 0.000000 -0.002960
v -0.007314 0.000000 -0.001511
v -0.007441 0.000000 0.000000
v -0.007314 -0.000000 0.001511
v -0.006934 -0.000000 0.002960
v -0.006300 -0.000000 0.004281
v -9.622920 32.000000 6.539066
v -10.591671 32.000004 4.520836
v -11.172920 32.000000 2.308856
v -11.366671 32.000004 0.000001
v -11.172921 32.000004 -2.308854
v -10.591671 32.000004 -4.520834
v -9.622920 32.000004 -6.539064
v 6.539065 32.000004 -9.622920
v 4.520835 32.000004 -10.591669
v 2.308855 32.000004 -11.172920
v 0.000000 32.000004 -11.366670
v -2.308855 32.000004 -11.172920
v -4.520835 32.000004 -10.591669
v -6.539065 32.000004 -9.622920
v -6.539064 32.000000 9.622921
v -4.520835 32.000004 10.591672
v -2.308855 32.000000 11.172921
v 0.000000 32.000004 11.366673
v 2.308855 32.000004 11.172922
v 4.520835 32.000004 10.591672
v 6.539065 32.000004 9.622922
v 9.622920 32.000004 6.539066
v 10.591671 32.000004 4.520836
v 11.172921 32.000004 2.308856
v 11.366671 32.000004 0.000001
v 11.172921 32.000004 -2.308854
v 10.591671 32.000004 -4.520834
v 9.622920 32.000004 -6.539064
v 7.234012 27.999998 -7.234011
v 6.201355 24.000004 -6.201355
v 5.168698 20.000004 -5.168697
v 4.136040 16.000002 -4.136040
v 3.103384 12.000002 -3.103384
v 2.070726 8.000001 -2.070726
v 1.038069 4.000000 -1.038069
v 0.006300 -0.000000 0.004281
v 0.006934 -0.000000 0.002960
v 0.007314 -0.000000 0.001511
v 0.007441 -0.000000 0.000000
v 0.007314 0.000000 -0.001511
v 0.006934 0.000000 -0.002960
v 0.006300 0.000000 -0.004281
v -0.004281 0.000000 -0.006300
v -0.002960 0.000000 -0.006934
v -0.001511 0.000000 -0.007314
v 0.000000 0.000000 -0.007441
v 0.001511 0.000000 -0.007314
v 0.002960 0.000000 -0.006934
v 0.004281 0.000000 -0.006300
v 0.004281 -0.000000 0.006300
v 0.002960 -0.000000 0.006934
v 0.001511 -0.000000 0.007314
v -0.000000 -0.000000 0.007441
v -0.001511 -0.000000 0.007314
v -0.002960 -0.000000 0.006934
v -0.004281 -0.000000 0.006300
v -1.038069 4.000000 1.038069
v -2.070726 8.000001 2.070727
v -3.103383 12.000001 3.103384
v -4.136041 16.000002 4.136042
v -5.168698 20.000002 5.168699
v -6.201355 24.000004 6.201356
v -7.234013 28.000004 7.234014
v 7.234012 27.999998 7.234013
v 6.201356 24.000004 6.201356
v 5.168698 20.000004 5.168699
v 4.136040 16.000002 4.136041
v 3.103384 12.000002 3.103384
v 2.070726 8.000001 2.070727
v 1.038069 4.000000 1.038069
v -7.234012 28.000002 -7.234011
v -6.201355 24.000004 -6.201355
v -5.168698 20.000000 -5.168697
v -4.136041 16.000002 -4.136040
v -3.103383 12.000000 -3.103383
v -2.070726 8.000001 -2.070726
v -1.038069 4.000000 -1.038069
v 8.420843 27.999998 -5.722216
v 9.268579 28.000004 -3.956100
v 9.777221 28.000000 -2.020436
v 9.946767 28.000004 0.000001
v 9.777221 28.000000 2.020438
v 9.268578 27.999998 3.956101
v 8.420843 27.999998 5.722218
v 7.218765 24.000004 -4.905368
v 7.945486 24.000004 -3.391365
v 8.381519 24.000004 -1.732018
v 8.526863 24.000004 0.000001
v 8.381519 24.000004 1.732020
v 7.945486 24.000004 3.391367
v 7.218765 24.000004 4.905370
v 6.016687 19.999996 -4.088520
v 6.622394 20.000004 -2.826631
v 6.985819 19.999996 -1.443600
v 7.106960 20.000004 0.000001
v 6.985817 19.999996 1.443602
v 6.622394 20.000004 2.826632
v 6.016688 19.999996 4.088521
v 4.814610 16.000002 -3.271672
v 5.299302 16.000002 -2.261897
v 5.590117 16.000002 -1.155183
v 5.687055 16.000002 0.000001
v 5.590117 16.000002 1.155184
v 5.299302 16.000002 2.261898
v 4.814610 16.000002 3.271674
v 3.612533 12.000000 -2.454824
v 3.976210 12.000002 -1.697163
v 4.194417 12.000000 -0.866765
v 4.267152 12.000002 0.000000
v 4.194417 12.000000 0.866766
v 3.976210 12.000002 1.697163
v 3.612532 12.000000 2.454825
v 2.410455 8.000001 -1.637976
v 2.653118 8.000001 -1.132428
v 2.798716 8.000001 -0.578347
v 2.847249 8.000001 0.000000
v 2.798716 8.000001 0.578348
v 2.653118 8.000001 1.132429
v 2.410455 8.000001 1.637977
v 1.208377 4.000000 -0.821128
v 1.330026 4.000000 -0.567694
v 1.403015 4.000000 -0.289929
v 1.427345 4.000000 0.000000
v 1.403015 4.000000 0.289930
v 1.330026 4.000000 0.567694
v 1.208377 4.000000 0.821129
v -1.208377 4.000000 -0.821129
v -1.330026 4.000000 -0.567694
v -1.403015 4.000000 -0.289929
v -1.427345 4.000000 0.000000
v -1.403015 4.000000 0.289930
v -1.330026 4.000001 0.567694
v -1.208377 4.000000 0.821129
v -2.410454 8.000000 -1.637977
v -2.653118 8.000001 -1.132428
v -2.798716 8.000000 -0.578347
v -2.847249 8.000001 0.000000
v -2.798716 8.000001 0.578348
v -2.653118 8.000001 1.132429
v -2.410455 8.000001 1.637977
v -3.612532 12.000001 -2.454824
v -3.976210 12.000000 -1.697163
v -4.194417 12.000001 -0.866765
v -4.267152 12.000001 0.000000
v -4.194416 12.000000 0.866766
v -3.976210 12.000001 1.697163
v -3.612532 12.000000 2.454825
v -4.814610 16.000002 -3.271672
v -5.299302 16.000002 -2.261897
v -5.590117 16.000002 -1.155183
v -5.687057 16.000002 0.000001
v -5.590118 16.000000 1.155184
v -5.299302 16.000000 2.261898
v -4.814610 16.000000 3.271673
v -6.016686 20.000002 -4.088521
v -6.622394 20.000000 -2.826631
v -6.985818 20.000002 -1.443601
v -7.106960 20.000002 0.000001
v -6.985818 20.000002 1.443602
v -6.622395 20.000002 2.826632
v -6.016688 20.000000 4.088521
v -7.218765 24.000004 -4.905368
v -7.945486 24.000002 -3.391365
v -8.381519 24.000002 -1.732018
v -8.526864 24.000004 0.000001
v -8.381519 24.000004 1.732020
v -7.945486 24.000000 3.391367
v -7.218765 24.000002 4.905370
v -8.420843 28.000002 -5.722216
v -9.268579 28.000004 -3.956100
v -9.777220 28.000000 -2.020436
v -9.946768 28.000004 0.000001
v -9.777221 28.000004 2.020438
v -9.268579 28.000002 3.956102
v -8.420843 28.000002 5.722218
v 5.722217 28.000002 -8.420842
v 4.905369 24.000004 -7.218764
v 4.088521 20.000000 -6.016686
v 3.271673 16.000002 -4.814609
v 2.454825 12.000001 -3.612532
v 1.637977 8.000001 -2.410454
v 0.821129 4.000000 -1.208377
v 3.956101 28.000004 -9.268579
v 3.391366 24.000006 -7.945486
v 2.826632 20.000002 -6.622393
v 2.261897 16.000002 -5.299301
v 1.697163 12.000001 -3.976210
v 1.132428 8.000001 -2.653118
v 0.567694 4.000000 -1.330026
v 2.020437 28.000000 -9.777219
v 1.732019 24.000004 -8.381518
v 1.443601 20.000000 -6.985818
v 1.155183 16.000002 -5.590117
v 0.866765 12.000001 -4.194416
v 0.578347 8.000001 -2.798716
v 0.289929 4.000000 -1.403015
v -0.000000 28.000004 -9.946766
v 0.000000 24.000006 -8.526863
v -0.000000 20.000002 -7.106959
v -0.000000 16.000002 -5.687055
v -0.000000 12.000001 -4.267151
v -0.000000 8.000001 -2.847248
v -0.000000 4.000000 -1.427345
v -2.020437 28.000000 -9.777220
v -1.732019 24.000004 -8.381519
v -1.443601 20.000000 -6.985817
v -1.155183 16.000002 -5.590117
v -0.866765 12.000001 -4.194417
v -0.578347 8.000001 -2.798716
v -0.289929 4.000000 -1.403015
v -3.956101 28.000002 -9.268577
v -3.391366 24.000006 -7.945485
v -2.826632 20.000002 -6.622393
v -2.261897 16.000002 -5.299302
v -1.697163 12.000001 -3.976210
v -1.132428 8.000001 -2.653118
v -0.567694 4.000000 -1.330026
v -5.722217 28.000002 -8.420842
v -4.905369 24.000004 -7.218764
v -4.088521 20.000000 -6.016686
v -3.271672 16.000002 -4.814610
v -2.454825 12.000001 -3.612532
v -1.637977 8.000001 -2.410454
v -0.821129 4.000000 -1.208377
v -5.722217 28.000004 8.420843
v -4.905369 24.000004 7.218766
v -4.088521 20.000002 6.016688
v -3.271672 16.000002 4.814611
v -2.454825 12.000000 3.612533
v -1.637977 8.000001 2.410455
v -0.821129 4.000000 1.208377
v -3.956101 28.000000 9.268579
v -3.391366 24.000002 7.945487
v -2.826632 20.000002 6.622395
v -2.261897 16.000002 5.299303
v -1.697163 12.000001 3.976211
v -1.132428 8.000001 2.653118
v -0.567694 4.000000 1.330026
v -2.020437 28.000002 9.777222
v -1.732019 24.000002 8.381520
v -1.443601 20.000002 6.985820
v -1.155183 16.000002 5.590118
v -0.866765 12.000000 4.194417
v -0.578347 8.000001 2.798717
v -0.289929 4.000000 1.403015
v 0.000000 28.000004 9.946770
v -0.000000 24.000006 8.526864
v 0.000000 20.000002 7.106960
v 0.000000 16.000002 5.687057
v 0.000000 12.000001 4.267152
v 0.000000 8.000001 2.847249
v 0.000000 4.000000 1.427345
v 2.020437 28.000000 9.777221
v 1.732019 24.000004 8.381520
v 1.443601 20.000000 6.985819
v 1.155183 16.000002 5.590118
v 0.866765 12.000001 4.194417
v 0.578347 8.000001 2.798716
v 0.289929 4.000000 1.403015
v 3.956101 28.000002 9.268579
v 3.391366 24.000006 7.945487
v 2.826632 20.000002 6.622396
v 2.261897 16.000002 5.299303
v 1.697163 12.000001 3.976211
v 1.132428 8.000001 2.653118
v 0.567694 4.000000 1.330026
v 5.722217 28.000002 8.420843
v 4.905369 24.000004 7.218766
v 4.088521 20.000000 6.016688
v 3.271672 16.000002 4.814610
v 2.454825 12.000001 3.612533
v 1.637977 8.000001 2.410455
v 0.821129 4.000000 1.208377
v -0.005237 0.000000 -0.005237
v -0.005237 -0.000000 0.005237
v -8.000004 32.000004 -8.000002
v -8.000004 32.000004 8.000004
v 0.005237 0.000000 -0.005237
v 0.005237 -0.000000 0.005237
v 8.000004 32.000004 -8.000002
v 8.000004 32.000004 8.000004
v -0.006096 0.000000 -0.004143
v -0.006710 0.000000 -0.002864
v -0.007078 0.000000 -0.001463
v -0.007201 0.000000 0.000000
v -0.007078 -0.000000 0.001463
v -0.006710 -0.000000 0.002864
v -0.006096 -0.000000 0.004143
v -9.312503 32.000000 6.328128
v -10.250004 32.000004 4.375003
v -10.812504 32.000000 2.234377
v -11.000005 32.000004 0.000001
v -10.812505 32.000004 -2.234375
v -10.250004 32.000004 -4.375001
v -9.312504 32.000004 -6.328127
v 6.328128 32.000004 -9.312504
v 4.375002 32.000004 -10.250003
v 2.234376 32.000004 -10.812504
v 0.000000 32.000004 -11.000004
v -2.234376 32.000004 -10.812504
v -4.375002 32.000004 -10.250003
v -6.328128 32.000004 -9.312503
v -6.328127 32.000000 9.312505
v -4.375002 32.000004 10.250006
v -2.234376 32.000000 10.812505
v 0.000000 32.000004 11.000007
v 2.234376 32.000004 10.812506
v 4.375002 32.000004 10.250006
v 6.328128 32.000004 9.312506
v 9.312504 32.000004 6.328128
v 10.250004 32.000004 4.375003
v 10.812505 32.000004 2.234377
v 11.000005 32.000004 0.000001
v 10.812505 32.000004 -2.234375
v 10.250004 32.000004 -4.375001
v 9.312504 32.000004 -6.328127
v 7.000657 27.999998 -7.000657
v 6.001312 24.000004 -6.001311
v 5.001966 20.000004 -5.001966
v 4.002620 16.000002 -4.002620
v 3.003275 12.000002 -3.003275
v 2.003929 8.000001 -2.003928
v 1.004583 4.000000 -1.004583
v 0.006096 -0.000000 0.004143
v 0.006710 -0.000000 0.002864
v 0.007078 -0.000000 0.001463
v 0.007201 -0.000000 0.000000
v 0.007078 0.000000 -0.001463
v 0.006710 0.000000 -0.002864
v 0.006096 0.000000 -0.004143
v -0.004143 0.000000 -0.006096
v -0.002864 0.000000 -0.006710
v -0.001463 0.000000 -0.007078
v 0.000000 0.000000 -0.007201
v 0.001463 0.000000 -0.007078
v 0.002864 0.000000 -0.006710
v 0.004143 0.000000 -0.006096
v 0.004143 -0.000000 0.006096
v 0.002864 -0.000000 0.006710
v 0.001463 -0.000000 0.007078
v -0.000000 -0.000000 0.007201
v -0.001463 -0.000000 0.007078
v -0.002864 -0.000000 0.006710
v -0.004143 -0.000000 0.006096
v -1.004583 4.000000 1.004583
v -2.003929 8.000001 2.003929
v -3.003274 12.000001 3.003275
v -4.002620 16.000002 4.002621
v -5.001966 20.000002 5.001967
v -6.001312 24.000004 6.001313
v -7.000658 28.000004 7.000659
v 7.000657 27.999998 7.000658
v 6.001312 24.000004 6.001312
v 5.001966 20.000004 5.001967
v 4.002620 16.000002 4.002620
v 3.003275 12.000002 3.003275
v 2.003929 8.000001 2.003929
v 1.004583 4.000000 1.004583
v -7.000657 28.000002 -7.000657
v -6.001312 24.000004 -6.001311
v -5.001966 20.000000 -5.001966
v -4.002620 16.000002 -4.002620
v -3.003274 12.000000 -3.003274
v -2.003928 8.000001 -2.003928
v -1.004583 4.000000 -1.004583
v 8.149203 27.999998 -5.537628
v 8.969593 28.000004 -3.828484
v 9.461826 28.000000 -1.955261
v 9.625904 28.000004 0.000001
v 9.461826 28.000000 1.955263
v 8.969591 27.999998 3.828485
v 8.149203 27.999998 5.537630
v 6.985902 24.000004 -4.747131
v 7.689180 24.000004 -3.281966
v 8.111148 24.000004 -1.676147
v 8.251803 24.000004 0.000001
v 8.111148 24.000004 1.676149
v 7.689180 24.000004 3.281968
v 6.985902 24.000004 4.747132
v 5.822600 19.999996 -3.956633
v 6.408769 20.000004 -2.735450
v 6.760470 19.999996 -1.397033
v 6.877703 20.000004 0.000001
v 6.760468 19.999996 1.397034
v 6.408769 20.000004 2.735451
v 5.822601 19.999996 3.956634
v 4.659300 16.000002 -3.166135
v 5.128357 16.000002 -2.188932
v 5.409791 16.000002 -1.117919
v 5.503602 16.000002 0.000001
v 5.409791 16.000002 1.117920
v 5.128357 16.000002 2.188934
v 4.659300 16.000002 3.166136
v 3.496000 12.000000 -2.375637
v 3.847945 12.000002 -1.642415
v 4.059114 12.000000 -0.838805
v 4.129502 12.000002 0.000000
v 4.059114 12.000000 0.838806
v 3.847945 12.000002 1.642416
v 3.495999 12.000000 2.375638
v 2.332698 8.000001 -1.585138
v 2.567533 8.000001 -1.095898
v 2.708435 8.000001 -0.559691
v 2.755402 8.000001 0.000000
v 2.708435 8.000001 0.559691
v 2.567533 8.000001 1.095899
v 2.332698 8.000001 1.585139
v 1.169397 4.000000 -0.794641
v 1.287122 4.000000 -0.549381
v 1.357756 4.000000 -0.280577
v 1.381302 4.000000 0.000000
v 1.357756 4.000000 0.280577
v 1.287122 4.000000 0.549381
v 1.169397 4.000000 0.794641
v -1.169397 4.000000 -0.794641
v -1.287122 4.000000 -0.549381
v -1.357756 4.000000 -0.280577
v -1.381302 4.000000 0.000000
v -1.357757 4.000000 0.280577
v -1.287122 4.000001 0.549381
v -1.169397 4.000000 0.794641
v -2.332698 8.000000 -1.585139
v -2.567533 8.000001 -1.095898
v -2.708435 8.000000 -0.559691
v -2.755402 8.000001 0.000000
v -2.708435 8.000001 0.559691
v -2.567533 8.000001 1.095899
v -2.332698 8.000001 1.585139
v -3.495999 12.000001 -2.375637
v -3.847945 12.000000 -1.642415
v -4.059113 12.000001 -0.838805
v -4.129502 12.000001 0.000000
v -4.059113 12.000000 0.838806
v -3.847945 12.000001 1.642416
v -3.495999 12.000000 2.375637
v -4.659300 16.000002 -3.166135
v -5.128357 16.000002 -2.188932
v -5.409791 16.000002 -1.117919
v -5.503603 16.000002 0.000001
v -5.409791 16.000000 1.117920
v -5.128357 16.000000 2.188934
v -4.659300 16.000000 3.166136
v -5.822600 20.000002 -3.956633
v -6.408769 20.000000 -2.735449
v -6.760469 20.000002 -1.397033
v -6.877703 20.000002 0.000001
v -6.760469 20.000002 1.397034
v -6.408769 20.000002 2.735451
v -5.822601 20.000000 3.956634
v -6.985902 24.000004 -4.747130
v -7.689180 24.000002 -3.281967
v -8.111148 24.000002 -1.676147
v -8.251804 24.000004 0.000001
v -8.111148 24.000004 1.676149
v -7.689180 24.000000 3.281968
v -6.985902 24.000002 4.747132
v -8.149203 28.000002 -5.537628
v -8.969593 28.000004 -3.828484
v -9.461825 28.000000 -1.955261
v -9.625905 28.000004 0.000001
v -9.461826 28.000004 1.955263
v -8.969592 28.000002 3.828486
v -8.149203 28.000002 5.537631
v 5.537630 28.000002 -8.149202
v 4.747131 24.000004 -6.985901
v 3.956633 20.000000 -5.822600
v 3.166135 16.000002 -4.659299
v 2.375637 12.000001 -3.495999
v 1.585139 8.000001 -2.332698
v 0.794641 4.000000 -1.169397
v 3.828485 28.000004 -8.969592
v 3.281967 24.000006 -7.689180
v 2.735450 20.000002 -6.408768
v 2.188933 16.000002 -5.128356
v 1.642416 12.000001 -3.847945
v 1.095898 8.000001 -2.567533
v 0.549381 4.000000 -1.287122
v 1.955262 28.000000 -9.461825
v 1.676148 24.000004 -8.111147
v 1.397033 20.000000 -6.760469
v 1.117919 16.000002 -5.409791
v 0.838805 12.000001 -4.059113
v 0.559691 8.000001 -2.708435
v 0.280577 4.000000 -1.357756
v -0.000000 28.000004 -9.625903
v 0.000000 24.000006 -8.251803
v -0.000000 20.000002 -6.877703
v -0.000000 16.000002 -5.503602
v -0.000000 12.000001 -4.129502
v -0.000000 8.000001 -2.755401
v -0.000000 4.000000 -1.381301
v -1.955262 28.000000 -9.461825
v -1.676147 24.000004 -8.111148
v -1.397033 20.000000 -6.760468
v -1.117919 16.000002 -5.409791
v -0.838805 12.000001 -4.059113
v -0.559691 8.000001 -2.708435
v -0.280577 4.000000 -1.357756
v -3.828485 28.000002 -8.969591
v -3.281967 24.000006 -7.689179
v -2.735450 20.000002 -6.408768
v -2.188933 16.000002 -5.128356
v -1.642416 12.000001 -3.847945
v -1.095899 8.000001 -2.567533
v -0.549381 4.000000 -1.287122
v -5.537629 28.000002 -8.149202
v -4.747131 24.000004 -6.985901
v -3.956633 20.000000 -5.822600
v -3.166135 16.000002 -4.659300
v -2.375637 12.000001 -3.495999
v -1.585139 8.000001 -2.332698
v -0.794641 4.000000 -1.169397
v -5.537629 28.000004 8.149203
v -4.747132 24.000004 6.985903
v -3.956633 20.000002 5.822602
v -3.166135 16.000002 4.659301
v -2.375637 12.000000 3.496000
v -1.585139 8.000001 2.332699
v -0.794641 4.000000 1.169397
v -3.828485 28.000000 8.969594
v -3.281967 24.000002 7.689181
v -2.735450 20.000002 6.408769
v -2.188933 16.000002 5.128358
v -1.642416 12.000001 3.847946
v -1.095898 8.000001 2.567534
v -0.549381 4.000000 1.287122
v -1.955262 28.000002 9.461828
v -1.676148 24.000002 8.111149
v -1.397033 20.000002 6.760471
v -1.117919 16.000002 5.409791
v -0.838805 12.000000 4.059114
v -0.559691 8.000001 2.708436
v -0.280577 4.000000 1.357757
v 0.000000 28.000004 9.625906
v -0.000000 24.000006 8.251804
v 0.000000 20.000002 6.877704
v 0.000000 16.000002 5.503603
v 0.000000 12.000001 4.129502
v 0.000000 8.000001 2.755402
v 0.000000 4.000000 1.381302
v 1.955262 28.000000 9.461827
v 1.676147 24.000004 8.111149
v 1.397033 20.000000 6.760470
v 1.117919 16.000002 5.409792
v 0.838805 12.000001 4.059114
v 0.559691 8.000001 2.708435
v 0.280577 4.000000 1.357757
v 3.828485 28.000002 8.969594
v 3.281967 24.000006 7.689182
v 2.735450 20.000002 6.408770
v 2.188933 16.000002 5.128358
v 1.642416 12.000001 3.847946
v 1.095899 8.000001 2.567534
v 0.549381 4.000000 1.287122
v 5.537629 28.000002 8.149203
v 4.747131 24.000004 6.985903
v 3.956633 20.000000 5.822602
v 3.166135 16.000002 4.659301
v 2.375637 12.000001 3.496000
v 1.585139 8.000001 2.332699
v 0.794641 4.000000 1.169397
v -0.005063 0.000000 -0.005063
v -0.005063 -0.000000 0.005063
v -7.733337 32.000004 -7.733335
v -7.733337 32.000004 7.733338
v 0.005063 0.000000 -0.005063
v 0.005063 -0.000000 0.005063
v 7.733337 32.000004 -7.733335
v 7.733337 32.000004 7.733338
v -0.005893 0.000000 -0.004005
v -0.006486 0.000000 -0.002769
v -0.006842 0.000000 -0.001414
v -0.006961 0.000000 0.000000
v -0.006842 -0.000000 0.001414
v -0.006486 -0.000000 0.002769
v -0.005893 -0.000000 0.004005
v -9.002087 32.000000 6.117191
v -9.908338 32.000004 4.229170
v -10.452087 32.000000 2.159898
v -10.633338 32.000004 0.000001
v -10.452088 32.000004 -2.159896
v -9.908338 32.000004 -4.229167
v -9.002088 32.000004 -6.117190
v 6.117190 32.000004 -9.002088
v 4.229169 32.000004 -9.908337
v 2.159897 32.000004 -10.452087
v 0.000000 32.000004 -10.633337
v -2.159897 32.000004 -10.452087
v -4.229169 32.000004 -9.908337
v -6.117190 32.000004 -9.002087
v -6.117190 32.000000 9.002089
v -4.229169 32.000004 9.908340
v -2.159897 32.000000 10.452088
v 0.000000 32.000004 10.633340
v 2.159897 32.000004 10.452089
v 4.229169 32.000004 9.908340
v 6.117190 32.000004 9.002089
v 9.002088 32.000004 6.117191
v 9.908338 32.000004 4.229170
v 10.452088 32.000004 2.159898
v 10.633338 32.000004 0.000001
v 10.452088 32.000004 -2.159896
v 9.908338 32.000004 -4.229167
v 9.002088 32.000004 -6.117190
v 6.767302 27.999998 -6.767302
v 5.801268 24.000004 -5.801268
v 4.835234 20.000004 -4.835234
v 3.869200 16.000002 -3.869199
v 2.903166 12.000002 -2.903166
v 1.937131 8.000001 -1.937131
v 0.971097 4.000000 -0.971097
v 0.005893 -0.000000 0.004005
v 0.006486 -0.000000 0.002769
v 0.006842 -0.000000 0.001414
v 0.006961 -0.000000 0.000000
v 0.006842 0.000000 -0.001414
v 0.006486 0.000000 -0.002769
v 0.005893 0.000000 -0.004005
v -0.004005 0.000000 -0.005893
v -0.002769 0.000000 -0.006486
v -0.001414 0.000000 -0.006842
v 0.000000 0.000000 -0.006961
v 0.001414 0.000000 -0.006842
v 0.002769 0.000000 -0.006486
v 0.004005 0.000000 -0.005893
v 0.004005 -0.000000 0.005893
v 0.002769 -0.000000 0.006486
v 0.001414 -0.000000 0.006842
v -0.000000 -0.000000 0.006961
v -0.001414 -0.000000 0.006842
v -0.002769 -0.000000 0.006486
v -0.004005 -0.000000 0.005893
v -0.971097 4.000000 0.971097
v -1.937131 8.000001 1.937132
v -2.903165 12.000001 2.903166
v -3.869200 16.000002 3.869200
v -4.835234 20.000002 4.835235
v -5.801268 24.000004 5.801270
v -6.767303 28.000004 6.767303
v 6.767302 27.999998 6.767303
v 5.801269 24.000004 5.801269
v 4.835234 20.000004 4.835235
v 3.869200 16.000002 3.869200
v 2.903166 12.000002 2.903166
v 1.937131 8.000001 1.937132
v 0.971097 4.000000 0.971097
v -6.767302 28.000002 -6.767302
v -5.801268 24.000004 -5.801268
v -4.835234 20.000000 -4.835234
v -3.869200 16.000002 -3.869200
v -2.903165 12.000000 -2.903165
v -1.937131 8.000001 -1.937131
v -0.971097 4.000000 -0.971097
v 7.877563 27.999998 -5.353041
v 8.670607 28.000004 -3.700868
v 9.146433 28.000000 -1.890086
v 9.305041 28.000004 0.000001
v 9.146433 28.000000 1.890087
v 8.670606 27.999998 3.700870
v 7.877563 27.999998 5.353043
v 6.753039 24.000004 -4.588893
v 7.432874 24.000004 -3.172568
v 7.840776 24.000004 -1.620275
v 7.976743 24.000004 0.000001
v 7.840776 24.000004 1.620277
v 7.432874 24.000004 3.172570
v 6.753039 24.000004 4.588895
v 5.628514 19.999996 -3.824745
v 6.195143 20.000004 -2.644268
v 6.535121 19.999996 -1.350465
v 6.648447 20.000004 0.000001
v 6.535120 19.999996 1.350466
v 6.195143 20.000004 2.644269
v 5.628515 19.999996 3.824746
v 4.503990 16.000002 -3.060597
v 4.957412 16.000002 -2.115968
v 5.229465 16.000002 -1.080655
v 5.320149 16.000002 0.000001
v 5.229465 16.000002 1.080656
v 4.957412 16.000002 2.115969
v 4.503990 16.000002 3.060598
v 3.379466 12.000000 -2.296449
v 3.719681 12.000002 -1.587668
v 3.923810 12.000000 -0.810845
v 3.991853 12.000002 0.000000
v 3.923810 12.000000 0.810845
v 3.719681 12.000002 1.587669
v 3.379466 12.000000 2.296450
v 2.254942 8.000001 -1.532301
v 2.481949 8.000001 -1.059368
v 2.618154 8.000001 -0.541034
v 2.663555 8.000001 0.000000
v 2.618154 8.000001 0.541035
v 2.481949 8.000001 1.059369
v 2.254942 8.000001 1.532301
v 1.130417 4.000000 -0.768153
v 1.244218 4.000000 -0.531068
v 1.312498 4.000000 -0.271224
v 1.335258 4.000000 0.000000
v 1.312498 4.000000 0.271224
v 1.244218 4.000000 0.531069
v 1.130417 4.000000 0.768153
v -1.130417 4.000000 -0.768153
v -1.244218 4.000000 -0.531068
v -1.312498 4.000000 -0.271224
v -1.335258 4.000000 0.000000
v -1.312498 4.000000 0.271224
v -1.244218 4.000001 0.531069
v -1.130418 4.000000 0.768153
v -2.254941 8.000000 -1.532301
v -2.481949 8.000001 -1.059368
v -2.618154 8.000000 -0.541034
v -2.663555 8.000001 0.000000
v -2.618154 8.000001 0.541035
v -2.481949 8.000001 1.059369
v -2.254942 8.000001 1.532301
v -3.379466 12.000001 -2.296449
v -3.719681 12.000000 -1.587668
v -3.923810 12.000001 -0.810845
v -3.991853 12.000001 0.000000
v -3.923809 12.000000 0.810846
v -3.719681 12.000001 1.587669
v -3.379466 12.000000 2.296449
v -4.503990 16.000002 -3.060597
v -4.957412 16.000002 -2.115968
v -5.229465 16.000002 -1.080655
v -5.320150 16.000002 0.000000
v -5.229465 16.000000 1.080656
v -4.957412 16.000000 2.115969
v -4.503990 16.000000 3.060598
v -5.628514 20.000002 -3.824745
v -6.195143 20.000000 -2.644268
v -6.535120 20.000002 -1.350465
v -6.648447 20.000002 0.000001
v -6.535120 20.000002 1.350466
v -6.195144 20.000002 2.644269
v -5.628515 20.000000 3.824746
v -6.753039 24.000004 -4.588893
v -7.432875 24.000002 -3.172568
v -7.840776 24.000002 -1.620275
v -7.976745 24.000004 0.000001
v -7.840776 24.000004 1.620277
v -7.432875 24.000000 3.172569
v -6.753039 24.000002 4.588895
v -7.877563 28.000002 -5.353041
v -8.670607 28.000004 -3.700868
v -9.146432 28.000000 -1.890085
v -9.305041 28.000004 0.000001
v -9.146433 28.000004 1.890087
v -8.670607 28.000002 3.700870
v -7.877563 28.000002 5.353043
v 5.353042 28.000002 -7.877563
v 4.588894 24.000004 -6.753038
v 3.824745 20.000000 -5.628513
v 3.060597 16.000002 -4.503989
v 2.296449 12.000001 -3.379466
v 1.532301 8.000001 -2.254941
v 0.768153 4.000000 -1.130417
v 3.700869 28.000004 -8.670607
v 3.172568 24.000006 -7.432874
v 2.644269 20.000002 -6.195142
v 2.115968 16.000002 -4.957411
v 1.587669 12.000001 -3.719681
v 1.059368 8.000001 -2.481949
v 0.531069 4.000000 -1.244218
v 1.890086 28.000000 -9.146431
v 1.620276 24.000004 -7.840776
v 1.350466 20.000000 -6.535120
v 1.080655 16.000002 -5.229465
v 0.810845 12.000001 -3.923809
v 0.541035 8.000001 -2.618154
v 0.271224 4.000000 -1.312498
v -0.000000 28.000004 -9.305040
v 0.000000 24.000006 -7.976743
v -0.000000 20.000002 -6.648446
v -0.000000 16.000002 -5.320149
v -0.000000 12.000001 -3.991852
v -0.000000 8.000001 -2.663555
v -0.000000 4.000000 -1.335258
v -1.890087 28.000000 -9.146432
v -1.620276 24.000004 -7.840776
v -1.350466 20.000000 -6.535120
v -1.080655 16.000002 -5.229465
v -0.810845 12.000001 -3.923810
v -0.541035 8.000001 -2.618154
v -0.271224 4.000000 -1.312498
v -3.700869 28.000002 -8.670605
v -3.172569 24.000006 -7.432873
v -2.644269 20.000002 -6.195142
v -2.115969 16.000002 -4.957412
v -1.587669 12.000001 -3.719681
v -1.059369 8.000001 -2.481949
v -0.531069 4.000000 -1.244218
v -5.353042 28.000002 -7.877563
v -4.588894 24.000004 -6.753038
v -3.824746 20.000000 -5.628514
v -3.060597 16.000002 -4.503990
v -2.296449 12.000001 -3.379466
v -1.532301 8.000001 -2.254941
v -0.768153 4.000000 -1.130417
v -5.353042 28.000004 7.877564
v -4.588894 24.000004 6.753040
v -3.824746 20.000002 5.628516
v -3.060597 16.000002 4.503991
v -2.296449 12.000000 3.379466
v -1.532301 8.000001 2.254942
v -0.768153 4.000000 1.130418
v -3.700869 28.000000 8.670608
v -3.172568 24.000002 7.432876
v -2.644269 20.000002 6.195144
v -2.115968 16.000002 4.957413
v -1.587669 12.000001 3.719681
v -1.059368 8.000001 2.481950
v -0.531069 4.000000 1.244218
v -1.890087 28.000002 9.146434
v -1.620276 24.000002 7.840778
v -1.350466 20.000002 6.535122
v -1.080655 16.000002 5.229465
v -0.810845 12.000000 3.923810
v -0.541035 8.000001 2.618154
v -0.271224 4.000000 1.312498
v 0.000000 28.000004 9.305043
v -0.000000 24.000006 7.976745
v 0.000000 20.000002 6.648448
v 0.000000 16.000002 5.320150
v 0.000000 12.000001 3.991853
v 0.000000 8.000001 2.663556
v 0.000000 4.000000 1.335258
v 1.890087 28.000000 9.146433
v 1.620276 24.000004 7.840778
v 1.350466 20.000000 6.535121
v 1.080655 16.000002 5.229466
v 0.810845 12.000001 3.923810
v 0.541035 8.000001 2.618154
v 0.271224 4.000000 1.312498
v 3.700869 28.000002 8.670608
v 3.172569 24.000006 7.432876
v 2.644269 20.000002 6.195145
v 2.115969 16.000002 4.957413
v 1.587669 12.000001 3.719681
v 1.059369 8.000001 2.481950
v 0.531069 4.000000 1.244218
v 5.353042 28.000002 7.877564
v 4.588894 24.000004 6.753040
v 3.824746 20.000000 5.628515
v 3.060597 16.000002 4.503991
v 2.296449 12.000001 3.379466
v 1.532301 8.000001 2.254942
v 0.768153 4.000000 1.130417
v -0.004888 0.000000 -0.004888
v -0.004888 -0.000000 0.004888
v -7.466671 32.000004 -7.466669
v -7.466671 32.000004 7.466671
v 0.004888 0.000000 -0.004888
v 0.004888 -0.000000 0.004888
v 7.466671 32.000004 -7.466669
v 7.466671 32.000004 7.466671
v -0.005690 0.000000 -0.003866
v -0.006263 0.000000 -0.002673
v -0.006606 0.000000 -0.001365
v -0.006721 0.000000 0.000000
v -0.006606 -0.000000 0.001365
v -0.006263 -0.000000 0.002673
v -0.005690 -0.000000 0.003866
v -8.691670 32.000000 5.906254
v -9.566671 32.000004 4.083336
v -10.091671 32.000000 2.085419
v -10.266672 32.000004 0.000001
v -10.091672 32.000004 -2.085417
v -9.566671 32.000004 -4.083334
v -8.691671 32.000004 -5.906252
v 5.906253 32.000004 -8.691671
v 4.083335 32.000004 -9.566670
v 2.085418 32.000004 -10.091671
v 0.000000 32.000004 -10.266671
v -2.085418 32.000004 -10.091671
v -4.083336 32.000004 -9.566670
v -5.906253 32.000004 -8.691670
v -5.906252 32.000000 8.691671
v -4.083335 32.000004 9.566673
v -2.085418 32.000000 10.091672
v 0.000000 32.000004 10.266674
v 2.085418 32.000004 10.091673
v 4.083336 32.000004 9.566673
v 5.906253 32.000004 8.691672
v 8.691671 32.000004 5.906254
v 9.566671 32.000004 4.083336
v 10.091672 32.000004 2.085419
v 10.266672 32.000004 0.000001
v 10.091672 32.000004 -2.085417
v 9.566671 32.000004 -4.083334
v 8.691671 32.000004 -5.906252
v 6.533947 27.999998 -6.533947
v 5.601224 24.000004 -5.601224
v 4.668502 20.000004 -4.668502
v 3.735779 16.000002 -3.735779
v 2.803057 12.000002 -2.803057
v 1.870334 8.000001 -1.870333
v 0.937611 4.000000 -0.937611
v 0.005690 -0.000000 0.003866
v 0.006263 -0.000000 0.002673
v 0.006606 -0.000000 0.001365
v 0.006721 -0.000000 0.000000
v 0.006606 0.000000 -0.001365
v 0.006263 0.000000 -0.002673
v 0.005690 0.000000 -0.003866
v -0.003866 0.000000 -0.005690
v -0.002673 0.000000 -0.006263
v -0.001365 0.000000 -0.006606
v 0.000000 0.000000 -0.006721
v 0.001365 0.000000 -0.006606
v 0.002673 0.000000 -0.006263
v 0.003866 0.000000 -0.005690
v 0.003866 -0.000000 0.005690
v 0.002673 -0.000000 0.006263
v 0.001365 -0.000000 0.006606
v -0.000000 -0.000000 0.006721
v -0.001365 -0.000000 0.006606
v -0.002673 -0.000000 0.006263
v -0.003866 -0.000000 0.005690
v -0.937611 4.000000 0.937611
v -1.870334 8.000001 1.870334
v -2.803056 12.000001 2.803057
v -3.735779 16.000002 3.735780
v -4.668502 20.000002 4.668503
v -5.601224 24.000004 5.601226
v -6.533948 28.000004 6.533948
v 6.533947 27.999998 6.533948
v 5.601225 24.000004 5.601225
v 4.668502 20.000004 4.668503
v 3.735779 16.000002 3.735779
v 2.803057 12.000002 2.803057
v 1.870334 8.000001 1.870334
v 0.937611 4.000000 0.937611
v -6.533947 28.000002 -6.533947
v -5.601224 24.000004 -5.601224
v -4.668502 20.000000 -4.668502
v -3.735779 16.000002 -3.735779
v -2.803056 12.000000 -2.803056
v -1.870333 8.000001 -1.870333
v -0.937611 4.000000 -0.937611
v 7.605924 27.999998 -5.168454
v 8.371621 28.000004 -3.573252
v 8.831038 28.000000 -1.824910
v 8.984178 28.000004 0.000001
v 8.831038 28.000000 1.824912
v 8.371619 27.999998 3.573253
v 7.605924 27.999998 5.168455
v 6.520176 24.000004 -4.430656
v 7.176569 24.000004 -3.063169
v 7.570405 24.000004 -1.564404
v 7.701684 24.000004 0.000001
v 7.570405 24.000004 1.564405
v 7.176569 24.000004 3.063171
v 6.520176 24.000004 4.430657
v 5.434428 19.999996 -3.692858
v 5.981518 20.000004 -2.553087
v 6.309772 19.999996 -1.303897
v 6.419190 20.000004 0.000001
v 6.309771 19.999996 1.303899
v 5.981518 20.000004 2.553088
v 5.434428 19.999996 3.692859
v 4.348680 16.000002 -2.955059
v 4.786467 16.000002 -2.043004
v 5.049139 16.000002 -1.043391
v 5.136696 16.000002 0.000001
v 5.049139 16.000002 1.043392
v 4.786467 16.000002 2.043005
v 4.348680 16.000002 2.955060
v 3.262933 12.000000 -2.217261
v 3.591416 12.000002 -1.532921
v 3.788506 12.000000 -0.782885
v 3.854203 12.000002 0.000000
v 3.788506 12.000000 0.782885
v 3.591416 12.000002 1.532922
v 3.262933 12.000000 2.217262
v 2.177185 8.000001 -1.479463
v 2.396365 8.000001 -1.022838
v 2.527873 8.000001 -0.522378
v 2.571709 8.000001 0.000000
v 2.527873 8.000001 0.522379
v 2.396365 8.000001 1.022839
v 2.177185 8.000001 1.479463
v 1.091437 4.000000 -0.741665
v 1.201314 4.000000 -0.512756
v 1.267239 4.000000 -0.261872
v 1.289215 4.000000 0.000000
v 1.267239 4.000000 0.261872
v 1.201314 4.000000 0.512756
v 1.091437 4.000000 0.741665
v -1.091438 4.000000 -0.741665
v -1.201314 4.000000 -0.512756
v -1.267240 4.000000 -0.261872
v -1.289215 4.000000 0.000000
v -1.267240 4.000000 0.261872
v -1.201314 4.000001 0.512756
v -1.091438 4.000000 0.741665
v -2.177185 8.000000 -1.479463
v -2.396365 8.000001 -1.022838
v -2.527873 8.000000 -0.522378
v -2.571709 8.000001 0.000000
v -2.527873 8.000001 0.522379
v -2.396365 8.000001 1.022839
v -2.177185 8.000001 1.479463
v -3.262933 12.000001 -2.217261
v -3.591416 12.000000 -1.532921
v -3.788506 12.000001 -0.782884
v -3.854203 12.000001 0.000000
v -3.788506 12.000000 0.782885
v -3.591416 12.000001 1.532922
v -3.262933 12.000000 2.217262
v -4.348680 16.000002 -2.955060
v -4.786467 16.000002 -2.043004
v -5.049139 16.000002 -1.043391
v -5.136697 16.000002 0.000000
v -5.049139 16.000000 1.043392
v -4.786467 16.000000 2.043005
v -4.348680 16.000000 2.955060
v -5.434427 20.000002 -3.692858
v -5.981518 20.000000 -2.553086
v -6.309772 20.000002 -1.303898
v -6.419190 20.000002 0.000001
v -6.309772 20.000002 1.303899
v -5.981519 20.000002 2.553088
v -5.434428 20.000000 3.692858
v -6.520176 24.000004 -4.430655
v -7.176569 24.000002 -3.063169
v -7.570405 24.000002 -1.564404
v -7.701685 24.000004 0.000001
v -7.570405 24.000004 1.564405
v -7.176569 24.000000 3.063170
v -6.520176 24.000002 4.430657
v -7.605924 28.000002 -5.168454
v -8.371621 28.000004 -3.573252
v -8.831038 28.000000 -1.824910
v -8.984179 28.000004 0.000001
v -8.831038 28.000004 1.824912
v -8.371620 28.000002 3.573254
v -7.605924 28.000002 5.168456
v 5.168455 28.000002 -7.605923
v 4.430656 24.000004 -6.520175
v 3.692858 20.000000 -5.434427
v 2.955060 16.000002 -4.348680
v 2.217261 12.000001 -3.262933
v 1.479463 8.000001 -2.177185
v 0.741665 4.000000 -1.091437
v 3.573253 28.000004 -8.371620
v 3.063169 24.000006 -7.176569
v 2.553087 20.000002 -5.981517
v 2.043004 16.000002 -4.786466
v 1.532921 12.000001 -3.591416
v 1.022839 8.000001 -2.396365
v 0.512756 4.000000 -1.201314
v 1.824911 28.000000 -8.831038
v 1.564405 24.000004 -7.570405
v 1.303898 20.000000 -6.309772
v 1.043391 16.000002 -5.049139
v 0.782885 12.000001 -3.788506
v 0.522378 8.000001 -2.527873
v 0.261872 4.000000 -1.267239
v -0.000000 28.000004 -8.984178
v 0.000000 24.000006 -7.701684
v -0.000000 20.000002 -6.419189
v -0.000000 16.000002 -5.136696
v -0.000000 12.000001 -3.854202
v -0.000000 8.000001 -2.571708
v -0.000000 4.000000 -1.289215
v -1.824911 28.000000 -8.831038
v -1.564404 24.000004 -7.570405
v -1.303898 20.000000 -6.309771
v -1.043391 16.000002 -5.049139
v -0.782885 12.000001 -3.788506
v -0.522378 8.000001 -2.527873
v -0.261872 4.000000 -1.267239
v -3.573253 28.000002 -8.371619
v -3.063170 24.000006 -7.176568
v -2.553087 20.000002 -5.981517
v -2.043004 16.000002 -4.786467
v -1.532922 12.000001 -3.591416
v -1.022839 8.000001 -2.396365
v -0.512756 4.000000 -1.201314
v -5.168455 28.000002 -7.605923
v -4.430656 24.000004 -6.520175
v -3.692858 20.000000 -5.434427
v -2.955060 16.000002 -4.348680
v -2.217262 12.000001 -3.262933
v -1.479463 8.000001 -2.177185
v -0.741665 4.000000 -1.091437
v -5.168454 28.000004 7.605924
v -4.430656 24.000004 6.520176
v -3.692858 20.000002 5.434429
v -2.955059 16.000002 4.348681
v -2.217261 12.000000 3.262933
v -1.479463 8.000001 2.177186
v -0.741665 4.000000 1.091438
v -3.573253 28.000000 8.371621
v -3.063169 24.000002 7.176570
v -2.553087 20.000002 5.981519
v -2.043004 16.000002 4.786468
v -1.532921 12.000001 3.591416
v -1.022839 8.000001 2.396365
v -0.512756 4.000000 1.201314
v -1.824911 28.000002 8.831040
v -1.564405 24.000002 7.570406
v -1.303898 20.000002 6.309774
v -1.043391 16.000002 5.049139
v -0.782885 12.000000 3.788506
v -0.522378 8.000001 2.527873
v -0.261872 4.000000 1.267240
v 0.000000 28.000004 8.984179
v -0.000000 24.000006 7.701685
v 0.000000 20.000002 6.419191
v 0.000000 16.000002 5.136697
v 0.000000 12.000001 3.854203
v 0.000000 8.000001 2.571709
v 0.000000 4.000000 1.289215
v 1.824911 28.000000 8.831039
v 1.564404 24.000004 7.570406
v 1.303898 20.000000 6.309772
v 1.043391 16.000002 5.049139
v 0.782885 12.000001 3.788507
v 0.522378 8.000001 2.527873
v 0.261872 4.000000 1.267240
v 3.573253 28.000002 8.371621
v 3.063170 24.000006 7.176570
v 2.553087 20.000002 5.981519
v 2.043004 16.000002 4.786468
v 1.532922 12.000001 3.591416
v 1.022839 8.000001 2.396365
v 0.512756 4.000000 1.201314
v 5.168455 28.000002 7.605924
v 4.430656 24.000004 6.520176
v 3.692858 20.000000 5.434429
v 2.955060 16.000002 4.348681
v 2.217262 12.000001 3.262933
v 1.479463 8.000001 2.177186
v 0.741665 4.000000 1.091438
v -0.004713 0.000000 -0.004713
v -0.004713 -0.000000 0.004713
v -7.200004 32.000004 -7.200003
v -7.200004 32.000004 7.200005
v 0.004713 0.000000 -0.004713
v 0.004713 -0.000000 0.004713
v 7.200004 32.000004 -7.200003
v 7.200004 32.000004 7.200005
v -0.005487 0.000000 -0.003728
v -0.006039 0.000000 -0.002578
v -0.006370 0.000000 -0.001316
v -0.006481 0.000000 0.000000
v -0.006370 -0.000000 0.001316
v -0.006039 -0.000000 0.002578
v -0.005487 -0.000000 0.003728
v -8.381254 32.000000 5.695316
v -9.225005 32.000004 3.937503
v -9.731255 32.000000 2.010940
v -9.900005 32.000004 0.000001
v -9.731256 32.000004 -2.010938
v -9.225005 32.000004 -3.937501
v -8.381255 32.000004 -5.695315
v 5.695316 32.000004 -8.381255
v 3.937502 32.000004 -9.225004
v 2.010939 32.000004 -9.731255
v 0.000000 32.000004 -9.900004
v -2.010939 32.000004 -9.731255
v -3.937503 32.000004 -9.225004
v -5.695316 32.000004 -8.381254
v -5.695315 32.000000 8.381255
v -3.937502 32.000004 9.225006
v -2.010939 32.000000 9.731256
v 0.000000 32.000004 9.900007
v 2.010939 32.000004 9.731256
v 3.937503 32.000004 9.225006
v 5.695316 32.000004 8.381256
v 8.381255 32.000004 5.695316
v 9.225005 32.000004 3.937503
v 9.731256 32.000004 2.010940
v 9.900005 32.000004 0.000001
v 9.731256 32.000004 -2.010938
v 9.225005 32.000004 -3.937501
v 8.381255 32.000004 -5.695315
v 6.300592 27.999998 -6.300591
v 5.401181 24.000004 -5.401181
v 4.501770 20.000004 -4.501770
v 3.602358 16.000002 -3.602358
v 2.702948 12.000002 -2.702948
v 1.803536 8.000001 -1.803536
v 0.904125 4.000000 -0.904125
v 0.005487 -0.000000 0.003728
v 0.006039 -0.000000 0.002578
v 0.006370 -0.000000 0.001316
v 0.006481 -0.000000 0.000000
v 0.006370 0.000000 -0.001316
v 0.006039 0.000000 -0.002578
v 0.005487 0.000000 -0.003728
v -0.003728 0.000000 -0.005487
v -0.002578 0.000000 -0.006039
v -0.001316 0.000000 -0.006370
v 0.000000 0.000000 -0.006481
v 0.001316 0.000000 -0.006370
v 0.002578 0.000000 -0.006039
v 0.003728 0.000000 -0.005487
v 0.003728 -0.000000 0.005487
v 0.002578 -0.000000 0.006039
v 0.001316 -0.000000 0.006370
v -0.000000 -0.000000 0.006481
v -0.001316 -0.000000 0.006370
v -0.002578 -0.000000 0.006039
v -0.003728 -0.000000 0.005487
v -0.904125 4.000000 0.904125
v -1.803536 8.000001 1.803536
v -2.702947 12.000001 2.702948
v -3.602359 16.000002 3.602360
v -4.501770 20.000002 4.501771
v -5.401181 24.000004 5.401183
v -6.300593 28.000004 6.300594
v 6.300592 27.999998 6.300593
v 5.401182 24.000004 5.401182
v 4.501770 20.000004 4.501771
v 3.602358 16.000002 3.602359
v 2.702948 12.000002 2.702948
v 1.803536 8.000001 1.803536
v 0.904125 4.000000 0.904125
v -6.300592 28.000002 -6.300591
v -5.401181 24.000004 -5.401181
v -4.501770 20.000000 -4.501770
v -3.602359 16.000002 -3.602358
v -2.702947 12.000000 -2.702947
v -1.803536 8.000001 -1.803536
v -0.904125 4.000000 -0.904125
v 7.334284 27.999998 -4.983866
v 8.072635 28.000004 -3.445636
v 8.515645 28.000000 -1.759735
v 8.663315 28.000004 0.000001
v 8.515645 28.000000 1.759737
v 8.072634 27.999998 3.445637
v 7.334284 27.999998 4.983868
v 6.287313 24.000004 -4.272418
v 6.920263 24.000004 -2.953770
v 7.300034 24.000004 -1.508532
v 7.426624 24.000004 0.000001
v 7.300034 24.000004 1.508534
v 6.920263 24.000004 2.953772
v 6.287313 24.000004 4.272420
v 5.240341 19.999996 -3.560970
v 5.767892 20.000004 -2.461905
v 6.084424 19.999996 -1.257330
v 6.189934 20.000004 0.000001
v 6.084423 19.999996 1.257331
v 5.767892 20.000004 2.461906
v 5.240342 19.999996 3.560971
v 4.193370 16.000002 -2.849521
v 4.615522 16.000002 -1.970039
v 4.868812 16.000002 -1.006127
v 4.953243 16.000002 0.000000
v 4.868813 16.000002 1.006128
v 4.615522 16.000002 1.970041
v 4.193370 16.000002 2.849523
v 3.146400 12.000000 -2.138073
v 3.463151 12.000002 -1.478174
v 3.653203 12.000000 -0.754924
v 3.716553 12.000002 0.000000
v 3.653203 12.000000 0.754925
v 3.463151 12.000002 1.478175
v 3.146400 12.000000 2.138074
v 2.099429 8.000001 -1.426625
v 2.310780 8.000001 -0.986309
v 2.437592 8.000001 -0.503722
v 2.479862 8.000001 0.000000
v 2.437592 8.000001 0.503722
v 2.310781 8.000001 0.986309
v 2.099429 8.000001 1.426625
v 1.052458 4.000000 -0.715177
v 1.158410 4.000000 -0.494443
v 1.221981 4.000000 -0.252519
v 1.243172 4.000000 0.000000
v 1.221981 4.000000 0.252519
v 1.158410 4.000000 0.494443
v 1.052458 4.000000 0.715177
v -1.052458 4.000000 -0.715177
v -1.158410 4.000000 -0.494443
v -1.221981 4.000000 -0.252519
v -1.243172 4.000000 0.000000
v -1.221981 4.000000 0.252519
v -1.158410 4.000001 0.494443
v -1.052458 4.000000 0.715177
v -2.099428 8.000000 -1.426625
v -2.310780 8.000001 -0.986309
v -2.437592 8.000000 -0.503722
v -2.479862 8.000001 0.000000
v -2.437592 8.000001 0.503722
v -2.310781 8.000001 0.986309
v -2.099429 8.000001 1.426625
v -3.146399 12.000001 -2.138073
v -3.463151 12.000000 -1.478174
v -3.653202 12.000001 -0.754924
v -3.716553 12.000001 0.000000
v -3.653202 12.000000 0.754925
v -3.463151 12.000001 1.478175
v -3.146400 12.000000 2.138074
v -4.193370 16.000002 -2.849522
v -4.615522 16.000002 -1.970039
v -4.868813 16.000002 -1.006127
v -4.953244 16.000002 0.000000
v -4.868813 16.000000 1.006128
v -4.615522 16.000000 1.970041
v -4.193371 16.000000 2.849522
v -5.240341 20.000002 -3.560970
v -5.767892 20.000000 -2.461905
v -6.084423 20.000002 -1.257330
v -6.189934 20.000002 0.000001
v -6.084423 20.000002 1.257331
v -5.767893 20.000002 2.461906
v -5.240342 20.000000 3.560971
v -6.287313 24.000004 -4.272418
v -6.920263 24.000002 -2.953770
v -7.300034 24.000002 -1.508532
v -7.426625 24.000004 0.000001
v -7.300034 24.000004 1.508534
v -6.920263 24.000000 2.953772
v -6.287313 24.000002 4.272420
v -7.334284 28.000002 -4.983866
v -8.072635 28.000004 -3.445636
v -8.515644 28.000000 -1.759735
v -8.663316 28.000004 0.000001
v -8.515645 28.000004 1.759737
v -8.072635 28.000002 3.445638
v -7.334284 28.000002 4.983868
v 4.983868 28.000002 -7.334283
v 4.272419 24.000004 -6.287312
v 3.560970 20.000000 -5.240341
v 2.849522 16.000002 -4.193370
v 2.138073 12.000001 -3.146399
v 1.426625 8.000001 -2.099428
v 0.715177 4.000000 -1.052458
v 3.445637 28.000004 -8.072635
v 2.953771 24.000006 -6.920263
v 2.461905 20.000002 -5.767892
v 1.970040 16.000002 -4.615521
v 1.478174 12.000001 -3.463151
v 0.986309 8.000001 -2.310780
v 0.494443 4.000000 -1.158410
v 1.759736 28.000000 -8.515644
v 1.508533 24.000004 -7.300034
v 1.257330 20.000000 -6.084423
v 1.006127 16.000002 -4.868812
v 0.754925 12.000001 -3.653202
v 0.503722 8.000001 -2.437592
v 0.252519 4.000000 -1.221981
v -0.000000 28.000004 -8.663314
v 0.000000 24.000006 -7.426624
v -0.000000 20.000002 -6.189933
v -0.000000 16.000002 -4.953243
v -0.000000 12.000001 -3.716552
v -0.000000 8.000001 -2.479862
v -0.000000 4.000000 -1.243171
v -1.759736 28.000000 -8.515644
v -1.508533 24.000004 -7.300034
v -1.257330 20.000000 -6.084423
v -1.006127 16.000002 -4.868813
v -0.754925 12.000001 -3.653202
v -0.503722 8.000001 -2.437592
v -0.252519 4.000000 -1.221981
v -3.445637 28.000002 -8.072633
v -2.953771 24.000006 -6.920262
v -2.461905 20.000002 -5.767892
v -1.970040 16.000002 -4.615521
v -1.478174 12.000001 -3.463151
v -0.986309 8.000001 -2.310780
v -0.494443 4.000000 -1.158410
v -4.983867 28.000002 -7.334283
v -4.272419 24.000004 -6.287312
v -3.560971 20.000000 -5.240341
v -2.849522 16.000002 -4.193371
v -2.138074 12.000001 -3.146399
v -1.426625 8.000001 -2.099428
v -0.715177 4.000000 -1.052458
v -4.983867 28.000004 7.334284
v -4.272419 24.000004 6.287313
v -3.560971 20.000002 5.240343
v -2.849521 16.000002 4.193372
v -2.138073 12.000000 3.146400
v -1.426625 8.000001 2.099429
v -0.715177 4.000000 1.052458
v -3.445637 28.000000 8.072636
v -2.953771 24.000002 6.920264
v -2.461906 20.000002 5.767893
v -1.970040 16.000002 4.615522
v -1.478174 12.000001 3.463152
v -0.986309 8.000001 2.310781
v -0.494443 4.000000 1.158410
v -1.759736 28.000002 8.515646
v -1.508533 24.000002 7.300035
v -1.257330 20.000002 6.084425
v -1.006127 16.000002 4.868813
v -0.754925 12.000000 3.653203
v -0.503722 8.000001 2.437592
v -0.252519 4.000000 1.221981
v 0.000000 28.000004 8.663317
v -0.000000 24.000006 7.426625
v 0.000000 20.000002 6.189934
v 0.000000 16.000002 4.953244
v 0.000000 12.000001 3.716553
v 0.000000 8.000001 2.479862
v 0.000000 4.000000 1.243172
v 1.759736 28.000000 8.515646
v 1.508533 24.000004 7.300035
v 1.257330 20.000000 6.084424
v 1.006127 16.000002 4.868814
v 0.754925 12.000001 3.653203
v 0.503722 8.000001 2.437592
v 0.252519 4.000000 1.221981
v 3.445637 28.000002 8.072636
v 2.953771 24.000006 6.920265
v 2.461905 20.000002 5.767894
v 1.970040 16.000002 4.615522
v 1.478174 12.000001 3.463152
v 0.986309 8.000001 2.310781
v 0.494443 4.000000 1.158410
v 4.983867 28.000002 7.334284
v 4.272419 24.000004 6.287313
v 3.560971 20.000000 5.240342
v 2.849522 16.000002 4.193371
v 2.138074 12.000001 3.146400
v 1.426625 8.000001 2.099429
v 0.715177 4.000000 1.052458
v -0.004539 0.000000 -0.004539
v -0.004539 -0.000000 0.004539
v -6.933338 32.000004 -6.933336
v -6.933338 32.000004 6.933338
v 0.004539 0.000000 -0.004539
v 0.004539 -0.000000 0.004539
v 6.933338 32.000004 -6.933336
v 6.933338 32.000004 6.933338
v -0.005283 0.000000 -0.003590
v -0.005815 0.000000 -0.002482
v -0.006135 0.000000 -0.001268
v -0.006241 0.000000 0.000000
v -0.006135 -0.000000 0.001268
v -0.005815 -0.000000 0.002482
v -0.005283 -0.000000 0.003590
v -8.070838 32.000000 5.484379
v -8.883339 32.000004 3.791670
v -9.370838 32.000000 1.936461
v -9.533340 32.000004 0.000001
v -9.370839 32.000004 -1.936459
v -8.883339 32.000004 -3.791668
v -8.070838 32.000004 -5.484378
v 5.484378 32.000004 -8.070838
v 3.791669 32.000004 -8.883337
v 1.936460 32.000004 -9.370838
v 0.000000 32.000004 -9.533339
v -1.936460 32.000004 -9.370838
v -3.791669 32.000004 -8.883337
v -5.484378 32.000004 -8.070838
v -5.484378 32.000000 8.070839
v -3.791669 32.000004 8.883340
v -1.936460 32.000000 9.370839
v 0.000000 32.000004 9.533340
v 1.936460 32.000004 9.370840
v 3.791669 32.000004 8.883340
v 5.484378 32.000004 8.070840
v 8.070838 32.000004 5.484379
v 8.883339 32.000004 3.791670
v 9.370839 32.000004 1.936460
v 9.533340 32.000004 0.000001
v 9.370839 32.000004 -1.936459
v 8.883339 32.000004 -3.791668
v 8.070838 32.000004 -5.484378
v 6.067237 27.999998 -6.067237
v 5.201138 24.000004 -5.201137
v 4.335038 20.000004 -4.335038
v 3.468938 16.000002 -3.468938
v 2.602839 12.000002 -2.602839
v 1.736739 8.000001 -1.736738
v 0.870639 4.000000 -0.870639
v 0.005283 -0.000000 0.003590
v 0.005815 -0.000000 0.002482
v 0.006135 -0.000000 0.001268
v 0.006241 -0.000000 0.000000
v 0.006135 0.000000 -0.001268
v 0.005815 0.000000 -0.002482
v 0.005283 0.000000 -0.003590
v -0.003590 0.000000 -0.005283
v -0.002482 0.000000 -0.005815
v -0.001268 0.000000 -0.006135
v 0.000000 0.000000 -0.006241
v 0.001268 0.000000 -0.006135
v 0.002482 0.000000 -0.005815
v 0.003590 0.000000 -0.005283
v 0.003590 -0.000000 0.005283
v 0.002482 -0.000000 0.005815
v 0.001268 -0.000000 0.006135
v -0.000000 -0.000000 0.006241
v -0.001268 -0.000000 0.006135
v -0.002482 -0.000000 0.005815
v -0.003590 -0.000000 0.005283
v -0.870639 4.000000 0.870639
v -1.736739 8.000001 1.736739
v -2.602838 12.000001 2.602839
v -3.468938 16.000002 3.468939
v -4.335038 20.000002 4.335039
v -5.201138 24.000004 5.201139
v -6.067238 28.000004 6.067239
v 6.067237 27.999998 6.067238
v 5.201138 24.000004 5.201138
v 4.335038 20.000004 4.335039
v 3.468938 16.000002 3.468938
v 2.602839 12.000002 2.602839
v 1.736739 8.000001 1.736739
v 0.870639 4.000000 0.870639
v -6.067237 28.000002 -6.067237
v -5.201138 24.000004 -5.201137
v -4.335038 20.000000 -4.335038
v -3.468938 16.000002 -3.468938
v -2.602838 12.000000 -2.602838
v -1.736738 8.000001 -1.736738
v -0.870639 4.000000 -0.870639
v 7.062644 27.999998 -4.799279
v 7.773649 28.000004 -3.318020
v 8.200252 28.000000 -1.694560
v 8.342452 28.000004 0.000001
v 8.200252 28.000000 1.694561
v 7.773648 27.999998 3.318022
v 7.062644 27.999998 4.799280
v 6.054450 24.000004 -4.114181
v 6.663957 24.000004 -2.844371
v 7.029663 24.000004 -1.452661
v 7.151564 24.000004 0.000001
v 7.029663 24.000004 1.452662
v 6.663957 24.000004 2.844373
v 6.054450 24.000004 4.114182
v 5.046255 19.999996 -3.429082
v 5.554267 20.000004 -2.370723
v 5.859075 19.999996 -1.210762
v 5.960677 20.000004 0.000001
v 5.859074 19.999996 1.210763
v 5.554267 20.000004 2.370724
v 5.046256 19.999996 3.429083
v 4.038061 16.000002 -2.743984
v 4.444577 16.000002 -1.897075
v 4.688486 16.000002 -0.968863
v 4.769789 16.000002 0.000000
v 4.688487 16.000002 0.968864
v 4.444577 16.000002 1.897076
v 4.038061 16.000002 2.743985
v 3.029867 12.000000 -2.058885
v 3.334887 12.000002 -1.423427
v 3.517899 12.000000 -0.726964
v 3.578903 12.000002 0.000000
v 3.517899 12.000000 0.726965
v 3.334887 12.000002 1.423428
v 3.029866 12.000000 2.058886
v 2.021672 8.000001 -1.373787
v 2.225196 8.000001 -0.949779
v 2.347311 8.000001 -0.485065
v 2.388015 8.000001 0.000000
v 2.347311 8.000001 0.485066
v 2.225196 8.000001 0.949779
v 2.021672 8.000001 1.373788
v 1.013478 4.000000 -0.688689
v 1.115506 4.000000 -0.476130
v 1.176723 4.000000 -0.243167
v 1.197128 4.000000 0.000000
v 1.176722 4.000000 0.243167
v 1.115506 4.000000 0.476131
v 1.013478 4.000000 0.688689
v -1.013478 4.000000 -0.688689
v -1.115506 4.000000 -0.476130
v -1.176723 4.000000 -0.243167
v -1.197128 4.000000 0.000000
v -1.176723 4.000000 0.243167
v -1.115506 4.000001 0.476131
v -1.013478 4.000000 0.688689
v -2.021672 8.000000 -1.373787
v -2.225196 8.000001 -0.949779
v -2.347311 8.000000 -0.485065
v -2.388016 8.000001 0.000000
v -2.347311 8.000001 0.485066
v -2.225196 8.000001 0.949779
v -2.021672 8.000001 1.373788
v -3.029866 12.000001 -2.058886
v -3.334887 12.000000 -1.423427
v -3.517899 12.000001 -0.726964
v -3.578903 12.000001 0.000000
v -3.517898 12.000000 0.726965
v -3.334887 12.000001 1.423427
v -3.029866 12.000000 2.058886
v -4.038061 16.000002 -2.743984
v -4.444577 16.000002 -1.897075
v -4.688487 16.000002 -0.968863
v -4.769790 16.000002 0.000000
v -4.688487 16.000000 0.968864
v -4.444577 16.000000 1.897076
v -4.038061 16.000000 2.743985
v -5.046255 20.000002 -3.429083
v -5.554267 20.000000 -2.370723
v -5.859075 20.000002 -1.210762
v -5.960677 20.000002 0.000001
v -5.859075 20.000002 1.210763
v -5.554268 20.000002 2.370724
v -5.046256 20.000000 3.429083
v -6.054450 24.000004 -4.114181
v -6.663958 24.000002 -2.844372
v -7.029663 24.000002 -1.452661
v -7.151565 24.000004 0.000001
v -7.029663 24.000004 1.452662
v -6.663958 24.000000 2.844373
v -6.054450 24.000002 4.114182
v -7.062644 28.000002 -4.799279
v -7.773649 28.000004 -3.318020
v -8.200251 28.000000 -1.694560
v -8.342452 28.000004 0.000001
v -8.200252 28.000004 1.694561
v -7.773648 28.000002 3.318022
v -7.062644 28.000002 4.799281
v 4.799280 28.000002 -7.062644
v 4.114181 24.000004 -6.054449
v 3.429083 20.000000 -5.046254
v 2.743984 16.000002 -4.038060
v 2.058886 12.000001 -3.029866
v 1.373787 8.000001 -2.021672
v 0.688689 4.000000 -1.013478
v 3.318021 28.000004 -7.773648
v 2.844372 24.000006 -6.663957
v 2.370724 20.000002 -5.554266
v 1.897076 16.000002 -4.444576
v 1.423427 12.000001 -3.334886
v 0.949779 8.000001 -2.225196
v 0.476130 4.000000 -1.115506
v 1.694560 28.000000 -8.200250
v 1.452662 24.000004 -7.029662
v 1.210763 20.000000 -5.859075
v 0.968864 16.000002 -4.688486
v 0.726965 12.000001 -3.517898
v 0.485066 8.000001 -2.347310
v 0.243167 4.000000 -1.176722
v -0.000000 28.000004 -8.342451
v 0.000000 24.000006 -7.151564
v -0.000000 20.000002 -5.960677
v -0.000000 16.000002 -4.769789
v -0.000000 12.000001 -3.578902
v -0.000000 8.000001 -2.388015
v -0.000000 4.000000 -1.197128
v -1.694561 28.000000 -8.200251
v -1.452661 24.000004 -7.029663
v -1.210763 20.000000 -5.859074
v -0.968864 16.000002 -4.688487
v -0.726965 12.000001 -3.517899
v -0.485066 8.000001 -2.347310
v -0.243167 4.000000 -1.176722
v -3.318021 28.000002 -7.773647
v -2.844372 24.000006 -6.663957
v -2.370724 20.000002 -5.554266
v -1.897076 16.000002 -4.444577
v -1.423427 12.000001 -3.334886
v -0.949779 8.000001 -2.225196
v -0.476131 4.000000 -1.115506
v -4.799280 28.000002 -7.062644
v -4.114181 24.000004 -6.054449
v -3.429083 20.000000 -5.046255
v -2.743984 16.000002 -4.038061
v -2.058886 12.000001 -3.029866
v -1.373787 8.000001 -2.021672
v -0.688689 4.000000 -1.013478
v -4.799279 28.000004 7.062644
v -4.114182 24.000004 6.054451
v -3.429083 20.000002 5.046256
v -2.743984 16.000002 4.038062
v -2.058886 12.000000 3.029867
v -1.373787 8.000001 2.021673
v -0.688689 4.000000 1.013478
v -3.318021 28.000000 7.773649
v -2.844372 24.000002 6.663958
v -2.370724 20.000002 5.554268
v -1.897076 16.000002 4.444578
v -1.423427 12.000001 3.334887
v -0.949779 8.000001 2.225197
v -0.476131 4.000000 1.115506
v -1.694561 28.000002 8.200253
v -1.452662 24.000002 7.029664
v -1.210763 20.000002 5.859076
v -0.968864 16.000002 4.688487
v -0.726965 12.000000 3.517899
v -0.485066 8.000001 2.347311
v -0.243167 4.000000 1.176723
v 0.000000 28.000004 8.342454
v -0.000000 24.000006 7.151565
v 0.000000 20.000002 5.960678
v 0.000000 16.000002 4.769790
v 0.000000 12.000001 3.578903
v 0.000000 8.000001 2.388016
v 0.000000 4.000000 1.197128
v 1.694561 28.000000 8.200252
v 1.452661 24.000004 7.029664
v 1.210763 20.000000 5.859075
v 0.968864 16.000002 4.688488
v 0.726965 12.000001 3.517900
v 0.485066 8.000001 2.347311
v 0.243167 4.000000 1.176723
v 3.318021 28.000002 7.773649
v 2.844372 24.000006 6.663959
v 2.370724 20.000002 5.554268
v 1.897076 16.000002 4.444578
v 1.423427 12.000001 3.334887
v 0.949779 8.000001 2.225197
v 0.476131 4.000000 1.115506
v 4.799280 28.000002 7.062644
v 4.114181 24.000004 6.054451
v 3.429083 20.000000 5.046256
v 2.743984 16.000002 4.038062
v 2.058886 12.000001 3.029867
v 1.373787 8.000001 2.021672
v 0.688689 4.000000 1.013478
v -0.004364 0.000000 -0.004364
v -0.004364 -0.000000 0.004364
v -6.666671 32.000004 -6.666670
v -6.666671 32.000004 6.666672
v 0.004364 0.000000 -0.004364
v 0.004364 -0.000000 0.004364
v 6.666671 32.000004 -6.666670
v 6.666671 32.000004 6.666672
v -0.005080 0.000000 -0.003452
v -0.005592 0.000000 -0.002387
v -0.005899 0.000000 -0.001219
v -0.006001 0.000000 0.000000
v -0.005899 -0.000000 0.001219
v -0.005592 -0.000000 0.002387
v -0.005080 -0.000000 0.003452
v -7.760421 32.000000 5.273442
v -8.541673 32.000004 3.645837
v -9.010422 32.000000 1.861982
v -9.166673 32.000004 0.000001
v -9.010424 32.000004 -1.861979
v -8.541673 32.000004 -3.645835
v -7.760422 32.000004 -5.273440
v 5.273441 32.000004 -7.760422
v 3.645836 32.000004 -8.541671
v 1.861980 32.000004 -9.010422
v 0.000000 32.000004 -9.166672
v -1.861980 32.000004 -9.010422
v -3.645836 32.000004 -8.541671
v -5.273441 32.000004 -7.760421
v -5.273440 32.000000 7.760423
v -3.645836 32.000004 8.541674
v -1.861980 32.000000 9.010424
v 0.000000 32.000004 9.166675
v 1.861980 32.000004 9.010424
v 3.645836 32.000004 8.541674
v 5.273441 32.000004 7.760423
v 7.760422 32.000004 5.273442
v 8.541673 32.000004 3.645837
v 9.010424 32.000004 1.861981
v 9.166673 32.000004 0.000001
v 9.010424 32.000004 -1.861979
v 8.541673 32.000004 -3.645835
v 7.760422 32.000004 -5.273440
v 5.833882 27.999998 -5.833882
v 5.001094 24.000004 -5.001094
v 4.168306 20.000004 -4.168306
v 3.335517 16.000002 -3.335517
v 2.502730 12.000002 -2.502730
v 1.669941 8.000001 -1.669941
v 0.837153 4.000000 -0.837153
v 0.005080 -0.000000 0.003452
v 0.005592 -0.000000 0.002387
v 0.005899 -0.000000 0.001219
v 0.006001 -0.000000 0.000000
v 0.005899 0.000000 -0.001219
v 0.005592 0.000000 -0.002387
v 0.005080 0.000000 -0.003452
v -0.003452 0.000000 -0.005080
v -0.002387 0.000000 -0.005592
v -0.001219 0.000000 -0.005899
v 0.000000 0.000000 -0.006001
v 0.001219 0.000000 -0.005899
v 0.002387 0.000000 -0.005592
v 0.003452 0.000000 -0.005080
v 0.003452 -0.000000 0.005080
v 0.002387 -0.000000 0.005592
v 0.001219 -0.000000 0.005899
v -0.000000 -0.000000 0.006001
v -0.001219 -0.000000 0.005899
v -0.002387 -0.000000 0.005592
v -0.003452 -0.000000 0.005080
v -0.837153 4.000000 0.837153
v -1.669941 8.000001 1.669941
v -2.502729 12.000001 2.502730
v -3.335518 16.000002 3.335518
v -4.168306 20.000002 4.168307
v -5.001094 24.000004 5.001095
v -5.833883 28.000004 5.833884
v 5.833882 27.999998 5.833883
v 5.001095 24.000004 5.001095
v 4.168306 20.000004 4.168307
v 3.335517 16.000002 3.335518
v 2.502730 12.000002 2.502730
v 1.669941 8.000001 1.669941
v 0.837153 4.000000 0.837153
v -5.833882 28.000002 -5.833882
v -5.001094 24.000004 -5.001094
v -4.168306 20.000000 -4.168306
v -3.335518 16.000002 -3.335517
v -2.502729 12.000000 -2.502729
v -1.669941 8.000001 -1.669941
v -0.837153 4.000000 -0.837152
v 6.791004 27.999998 -4.614691
v 7.474663 28.000004 -3.190404
v 7.884857 28.000000 -1.629385
v 8.021588 28.000004 0.000001
v 7.884857 28.000000 1.629386
v 7.474661 27.999998 3.190405
v 6.791004 27.999998 4.614693
v 5.821587 24.000004 -3.955943
v 6.407651 24.000004 -2.734973
v 6.759292 24.000004 -1.396789
v 6.876504 24.000004 0.000001
v 6.759292 24.000004 1.396791
v 6.407651 24.000004 2.734974
v 5.821587 24.000004 3.955945
v 4.852169 19.999996 -3.297195
v 5.340642 20.000004 -2.279542
v 5.633727 19.999996 -1.164194
v 5.731421 20.000004 0.000001
v 5.633725 19.999996 1.164195
v 5.340642 20.000004 2.279543
v 4.852169 19.999996 3.297196
v 3.882751 16.000002 -2.638446
v 4.273632 16.000002 -1.824111
v 4.508160 16.000002 -0.931599
v 4.586336 16.000002 0.000000
v 4.508160 16.000002 0.931600
v 4.273632 16.000002 1.824112
v 3.882751 16.000002 2.638447
v 2.913334 12.000000 -1.979698
v 3.206622 12.000002 -1.368680
v 3.382595 12.000000 -0.699004
v 3.441253 12.000002 0.000000
v 3.382595 12.000000 0.699005
v 3.206622 12.000002 1.368681
v 2.913333 12.000000 1.979699
v 1.943916 8.000001 -1.320949
v 2.139612 8.000001 -0.913249
v 2.257030 8.000001 -0.466409
v 2.296169 8.000001 0.000000
v 2.257030 8.000001 0.466410
v 2.139612 8.000001 0.913249
v 1.943916 8.000001 1.320950
v 0.974498 4.000000 -0.662201
v 1.072602 4.000000 -0.457818
v 1.131464 4.000000 -0.233814
v 1.151085 4.000000 0.000000
v 1.131464 4.000000 0.233814
v 1.072602 4.000000 0.457818
v 0.974498 4.000000 0.662201
v -0.974498 4.000000 -0.662201
v -1.072602 4.000000 -0.457818
v -1.131464 4.000000 -0.233814
v -1.151085 4.000000 0.000000
v -1.131464 4.000000 0.233814
v -1.072602 4.000001 0.457818
v -0.974498 4.000000 0.662201
v -1.943915 8.000000 -1.320949
v -2.139612 8.000001 -0.913249
v -2.257030 8.000000 -0.466409
v -2.296169 8.000001 0.000000
v -2.257030 8.000001 0.466410
v -2.139612 8.000001 0.913249
v -1.943916 8.000001 1.320950
v -2.913333 12.000001 -1.979698
v -3.206622 12.000000 -1.368680
v -3.382595 12.000001 -0.699004
v -3.441253 12.000001 0.000000
v -3.382595 12.000000 0.699005
v -3.206622 12.000001 1.368680
v -2.913333 12.000000 1.979698
v -3.882751 16.000002 -2.638446
v -4.273632 16.000002 -1.824111
v -4.508160 16.000002 -0.931599
v -4.586337 16.000002 0.000000
v -4.508161 16.000000 0.931600
v -4.273632 16.000000 1.824112
v -3.882751 16.000000 2.638447
v -4.852168 20.000002 -3.297195
v -5.340642 20.000000 -2.279542
v -5.633726 20.000002 -1.164194
v -5.731421 20.000002 0.000001
v -5.633726 20.000002 1.164196
v -5.340642 20.000002 2.279543
v -4.852169 20.000000 3.297195
v -5.821587 24.000004 -3.955943
v -6.407652 24.000002 -2.734973
v -6.759292 24.000002 -1.396789
v -6.876505 24.000004 0.000001
v -6.759292 24.000004 1.396791
v -6.407652 24.000000 2.734974
v -5.821587 24.000002 3.955945
v -6.791004 28.000002 -4.614691
v -7.474663 28.000004 -3.190404
v -7.884857 28.000000 -1.629384
v -8.021589 28.000004 0.000001
v -7.884857 28.000004 1.629386
v -7.474662 28.000002 3.190406
v -6.791004 28.000002 4.614693
v 4.614693 28.000002 -6.791004
v 3.955944 24.000004 -5.821586
v 3.297195 20.000000 -4.852168
v 2.638447 16.000002 -3.882750
v 1.979698 12.000001 -2.913333
v 1.320949 8.000001 -1.943915
v 0.662201 4.000000 -0.974498
v 3.190405 28.000004 -7.474662
v 2.734973 24.000006 -6.407651
v 2.279542 20.000002 -5.340641
v 1.824111 16.000002 -4.273632
v 1.368680 12.000001 -3.206622
v 0.913249 8.000001 -2.139611
v 0.457818 4.000000 -1.072602
v 1.629385 28.000000 -7.884856
v 1.396790 24.000004 -6.759291
v 1.164195 20.000000 -5.633726
v 0.931600 16.000002 -4.508160
v 0.699004 12.000001 -3.382595
v 0.466409 8.000001 -2.257029
v 0.233814 4.000000 -1.131464
v -0.000000 28.000004 -8.021588
v 0.000000 24.000006 -6.876504
v -0.000000 20.000002 -5.731420
v -0.000000 16.000002 -4.586336
v -0.000000 12.000001 -3.441252
v -0.000000 8.000001 -2.296169
v -0.000000 4.000000 -1.151085
v -1.629385 28.000000 -7.884857
v -1.396790 24.000004 -6.759292
v -1.164195 20.000000 -5.633725
v -0.931600 16.000002 -4.508160
v -0.699004 12.000001 -3.382595
v -0.466409 8.000001 -2.257029
v -0.233814 4.000000 -1.131464
v -3.190405 28.000002 -7.474661
v -2.734973 24.000006 -6.407651
v -2.279542 20.000002 -5.340641
v -1.824111 16.000002 -4.273632
v -1.368680 12.000001 -3.206622
v -0.913249 8.000001 -2.139612
v -0.457818 4.000000 -1.072602
v -4.614692 28.000002 -6.791004
v -3.955944 24.000004 -5.821586
v -3.297195 20.000000 -4.852168
v -2.638446 16.000002 -3.882751
v -1.979698 12.000001 -2.913333
v -1.320950 8.000001 -1.943915
v -0.662201 4.000000 -0.974498
v -4.614692 28.000004 6.791005
v -3.955944 24.000004 5.821587
v -3.297195 20.000002 4.852170
v -2.638446 16.000002 3.882752
v -1.979698 12.000000 2.913334
v -1.320949 8.000001 1.943916
v -0.662201 4.000000 0.974498
v -3.190405 28.000000 7.474663
v -2.734973 24.000002 6.407652
v -2.279542 20.000002 5.340642
v -1.824111 16.000002 4.273633
v -1.368680 12.000001 3.206622
v -0.913249 8.000001 2.139612
v -0.457818 4.000000 1.072602
v -1.629385 28.000002 7.884859
v -1.396790 24.000002 6.759293
v -1.164195 20.000002 5.633728
v -0.931600 16.000002 4.508161
v -0.699004 12.000000 3.382595
v -0.466409 8.000001 2.257030
v -0.233814 4.000000 1.131464
v 0.000000 28.000004 8.021590
v -0.000000 24.000006 6.876505
v 0.000000 20.000002 5.731421
v 0.000000 16.000002 4.586337
v 0.000000 12.000001 3.441253
v 0.000000 8.000001 2.296169
v 0.000000 4.000000 1.151085
v 1.629385 28.000000 7.884858
v 1.396790 24.000004 6.759293
v 1.164195 20.000000 5.633727
v 0.931600 16.000002 4.508161
v 0.699004 12.000001 3.382596
v 0.466409 8.000001 2.257030
v 0.233814 4.000000 1.131464
v 3.190405 28.000002 7.474663
v 2.734973 24.000006 6.407653
v 2.279542 20.000002 5.340643
v 1.824111 16.000002 4.273633
v 1.368680 12.000001 3.206622
v 0.913249 8.000001 2.139612
v 0.457818 4.000000 1.072602
v 4.614692 28.000002 6.791005
v 3.955944 24.000004 5.821587
v 3.297195 20.000000 4.852169
v 2.638446 16.000002 3.882752
v 1.979698 12.000001 2.913334
v 1.320950 8.000001 1.943916
v 0.662201 4.000000 0.974498
v -0.004190 0.000000 -0.004190
v -0.004190 -0.000000 0.004190
v -6.400005 32.000004 -6.400004
v -6.400005 32.000004 6.400005
v 0.004190 0.000000 -0.004190
v 0.004190 -0.000000 0.004190
v 6.400005 32.000004 -6.400004
v 6.400005 32.000004 6.400005
v -0.004877 0.000000 -0.003314
v -0.005368 0.000000 -0.002291
v -0.005663 0.000000 -0.001170
v -0.005761 0.000000 0.000000
v -0.005663 -0.000000 0.001170
v -0.005368 -0.000000 0.002291
v -0.004877 -0.000000 0.003314
v -7.450005 32.000000 5.062504
v -8.200006 32.000004 3.500004
v -8.650005 32.000000 1.787502
v -8.800006 32.000004 0.000001
v -8.650007 32.000004 -1.787501
v -8.200006 32.000004 -3.500002
v -7.450006 32.000004 -5.062503
v 5.062504 32.000004 -7.450006
v 3.500003 32.000004 -8.200005
v 1.787501 32.000004 -8.650005
v 0.000000 32.000004 -8.800006
v -1.787501 32.000004 -8.650005
v -3.500003 32.000004 -8.200005
v -5.062504 32.000004 -7.450005
v -5.062503 32.000000 7.450006
v -3.500003 32.000004 8.200007
v -1.787501 32.000000 8.650007
v 0.000000 32.000004 8.800008
v 1.787501 32.000004 8.650007
v 3.500003 32.000004 8.200007
v 5.062504 32.000004 7.450006
v 7.450006 32.000004 5.062504
v 8.200006 32.000004 3.500004
v 8.650007 32.000004 1.787502
v 8.800006 32.000004 0.000001
v 8.650007 32.000004 -1.787501
v 8.200006 32.000004 -3.500002
v 7.450006 32.000004 -5.062503
v 5.600527 27.999998 -5.600527
v 4.801051 24.000004 -4.801050
v 4.001575 20.000004 -4.001574
v 3.202097 16.000002 -3.202097
v 2.402621 12.000002 -2.402621
v 1.603143 8.000001 -1.603143
v 0.803667 4.000000 -0.803667
v 0.004877 -0.000000 0.003314
v 0.005368 -0.000000 0.002291
v 0.005663 -0.000000 0.001170
v 0.005761 -0.000000 0.000000
v 0.005663 0.000000 -0.001170
v 0.005368 0.000000 -0.002291
v 0.004877 0.000000 -0.003314
v -0.003314 0.000000 -0.004877
v -0.002291 0.000000 -0.005368
v -0.001170 0.000000 -0.005663
v 0.000000 0.000000 -0.005761
v 0.001170 0.000000 -0.005663
v 0.002291 0.000000 -0.005368
v 0.003314 0.000000 -0.004877
v 0.003314 -0.000000 0.004877
v 0.002291 -0.000000 0.005368
v 0.001170 -0.000000 0.005663
v -0.000000 -0.000000 0.005761
v -0.001170 -0.000000 0.005663
v -0.002291 -0.000000 0.005368
v -0.003314 -0.000000 0.004877
v -0.803667 4.000000 0.803667
v -1.603143 8.000001 1.603144
v -2.402620 12.000001 2.402621
v -3.202097 16.000002 3.202098
v -4.001574 20.000002 4.001575
v -4.801051 24.000004 4.801052
v -5.600528 28.000004 5.600529
v 5.600527 27.999998 5.600528
v 4.801051 24.000004 4.801051
v 4.001575 20.000004 4.001575
v 3.202097 16.000002 3.202097
v 2.402621 12.000002 2.402621
v 1.603143 8.000001 1.603144
v 0.803667 4.000000 0.803667
v -5.600527 28.000002 -5.600527
v -4.801051 24.000004 -4.801050
v -4.001575 20.000000 -4.001574
v -3.202097 16.000002 -3.202097
v -2.402620 12.000000 -2.402620
v -1.603143 8.000001 -1.603143
v -0.803667 4.000000 -0.803666
v 6.519364 27.999998 -4.430104
v 7.175677 28.000004 -3.062788
v 7.569464 28.000000 -1.564209
v 7.700726 28.000004 0.000001
v 7.569464 28.000000 1.564211
v 7.175675 27.999998 3.062789
v 6.519364 27.999998 4.430106
v 5.588724 24.000004 -3.797706
v 6.151346 24.000004 -2.625574
v 6.488920 24.000004 -1.340918
v 6.601444 24.000004 0.000001
v 6.488920 24.000004 1.340919
v 6.151346 24.000004 2.625576
v 5.588724 24.000004 3.797707
v 4.658082 19.999996 -3.165307
v 5.127017 20.000004 -2.188360
v 5.408378 19.999996 -1.117627
v 5.502164 20.000004 0.000001
v 5.408377 19.999996 1.117628
v 5.127017 20.000004 2.188361
v 4.658082 19.999996 3.165308
v 3.727441 16.000002 -2.532908
v 4.102687 16.000002 -1.751146
v 4.327834 16.000002 -0.894335
v 4.402883 16.000002 0.000000
v 4.327834 16.000002 0.894336
v 4.102687 16.000002 1.751147
v 3.727441 16.000002 2.532910
v 2.796800 12.000000 -1.900510
v 3.078357 12.000002 -1.313933
v 3.247292 12.000000 -0.671044
v 3.303603 12.000002 0.000000
v 3.247292 12.000000 0.671045
v 3.078357 12.000002 1.313933
v 2.796800 12.000000 1.900511
v 1.866159 8.000001 -1.268111
v 2.054027 8.000001 -0.876719
v 2.166749 8.000001 -0.447753
v 2.204322 8.000001 0.000000
v 2.166749 8.000001 0.447753
v 2.054028 8.000001 0.876719
v 1.866159 8.000001 1.268112
v 0.935518 4.000000 -0.635713
v 1.029698 4.000000 -0.439505
v 1.086205 4.000000 -0.224461
v 1.105042 4.000000 0.000000
v 1.086205 4.000000 0.224462
v 1.029698 4.000000 0.439505
v 0.935518 4.000000 0.635713
v -0.935518 4.000000 -0.635713
v -1.029698 4.000000 -0.439505
v -1.086206 4.000000 -0.224461
v -1.105042 4.000000 0.000000
v -1.086206 4.000000 0.224462
v -1.029698 4.000001 0.439505
v -0.935518 4.000000 0.635713
v -1.866159 8.000000 -1.268111
v -2.054027 8.000001 -0.876719
v -2.166749 8.000000 -0.447753
v -2.204322 8.000001 0.000000
v -2.166749 8.000001 0.447753
v -2.054028 8.000001 0.876719
v -1.866159 8.000001 1.268112
v -2.796800 12.000001 -1.900510
v -3.078357 12.000000 -1.313933
v -3.247291 12.000001 -0.671044
v -3.303603 12.000001 0.000000
v -3.247291 12.000000 0.671045
v -3.078357 12.000001 1.313933
v -2.796800 12.000000 1.900510
v -3.727441 16.000002 -2.532909
v -4.102687 16.000002 -1.751146
v -4.327834 16.000002 -0.894335
v -4.402884 16.000002 0.000000
v -4.327835 16.000000 0.894336
v -4.102687 16.000000 1.751148
v -3.727441 16.000000 2.532909
v -4.658082 20.000002 -3.165307
v -5.127017 20.000000 -2.188360
v -5.408377 20.000002 -1.117627
v -5.502164 20.000002 0.000001
v -5.408377 20.000002 1.117628
v -5.127017 20.000002 2.188361
v -4.658082 20.000000 3.165308
v -5.588724 24.000004 -3.797706
v -6.151346 24.000002 -2.625574
v -6.488920 24.000002 -1.340918
v -6.601446 24.000004 0.000001
v -6.488920 24.000004 1.340919
v -6.151346 24.000000 2.625575
v -5.588724 24.000002 3.797707
v -6.519364 28.000002 -4.430104
v -7.175677 28.000004 -3.062788
v -7.569463 28.000000 -1.564209
v -7.700726 28.000004 0.000001
v -7.569464 28.000004 1.564211
v -7.175676 28.000002 3.062790
v -6.519364 28.000002 4.430106
v 4.430105 28.000002 -6.519364
v 3.797706 24.000004 -5.588723
v 3.165307 20.000000 -4.658082
v 2.532909 16.000002 -3.727440
v 1.900510 12.000001 -2.796800
v 1.268111 8.000001 -1.866159
v 0.635713 4.000000 -0.935518
v 3.062789 28.000004 -7.175676
v 2.625574 24.000006 -6.151346
v 2.188361 20.000002 -5.127016
v 1.751147 16.000002 -4.102686
v 1.313933 12.000001 -3.078357
v 0.876719 8.000001 -2.054027
v 0.439505 4.000000 -1.029698
v 1.564210 28.000000 -7.569462
v 1.340919 24.000004 -6.488920
v 1.117627 20.000000 -5.408377
v 0.894336 16.000002 -4.327834
v 0.671044 12.000001 -3.247291
v 0.447753 8.000001 -2.166748
v 0.224462 4.000000 -1.086205
v -0.000000 28.000004 -7.700725
v 0.000000 24.000006 -6.601444
v -0.000000 20.000002 -5.502164
v -0.000000 16.000002 -4.402883
v -0.000000 12.000001 -3.303602
v -0.000000 8.000001 -2.204322
v -0.000000 4.000000 -1.105041
v -1.564210 28.000000 -7.569463
v -1.340918 24.000004 -6.488920
v -1.117627 20.000000 -5.408377
v -0.894336 16.000002 -4.327834
v -0.671044 12.000001 -3.247291
v -0.447753 8.000001 -2.166748
v -0.224462 4.000000 -1.086205
v -3.062789 28.000002 -7.175675
v -2.625575 24.000006 -6.151345
v -2.188361 20.000002 -5.127016
v -1.751147 16.000002 -4.102686
v -1.313933 12.000001 -3.078357
v -0.876719 8.000001 -2.054027
v -0.439505 4.000000 -1.029698
v -4.430105 28.000002 -6.519364
v -3.797706 24.000004 -5.588723
v -3.165308 20.000000 -4.658082
v -2.532909 16.000002 -3.727441
v -1.900510 12.000001 -2.796800
v -1.268112 8.000001 -1.866159
v -0.635713 4.000000 -0.935518
v -4.430105 28.000004 6.519365
v -3.797707 24.000004 5.588724
v -3.165308 20.000002 4.658083
v -2.532908 16.000002 3.727442
v -1.900510 12.000000 2.796800
v -1.268111 8.000001 1.866160
v -0.635713 4.000000 0.935518
v -3.062789 28.000000 7.175677
v -2.625574 24.000002 6.151347
v -2.188361 20.000002 5.127017
v -1.751147 16.000002 4.102687
v -1.313933 12.000001 3.078358
v -0.876719 8.000001 2.054028
v -0.439505 4.000000 1.029698
v -1.564210 28.000002 7.569465
v -1.340919 24.000002 6.488922
v -1.117627 20.000002 5.408379
v -0.894336 16.000002 4.327835
v -0.671044 12.000000 3.247292
v -0.447753 8.000001 2.166749
v -0.224462 4.000000 1.086206
v 0.000000 28.000004 7.700727
v -0.000000 24.000006 6.601446
v 0.000000 20.000002 5.502165
v 0.000000 16.000002 4.402884
v 0.000000 12.000001 3.303603
v 0.000000 8.000001 2.204322
v 0.000000 4.000000 1.105042
v 1.564210 28.000000 7.569464
v 1.340918 24.000004 6.488922
v 1.117627 20.000000 5.408378
v 0.894336 16.000002 4.327835
v 0.671044 12.000001 3.247292
v 0.447753 8.000001 2.166749
v 0.224462 4.000000 1.086206
v 3.062789 28.000002 7.175677
v 2.625575 24.000006 6.151348
v 2.188361 20.000002 5.127017
v 1.751147 16.000002 4.102687
v 1.313933 12.000001 3.078358
v 0.876719 8.000001 2.054028
v 0.439505 4.000000 1.029698
v 4.430105 28.000002 6.519365
v 3.797706 24.000004 5.588724
v 3.165308 20.000000 4.658083
v 2.532909 16.000002 3.727442
v 1.900510 12.000001 2.796800
v 1.268112 8.000001 1.866159
v 0.635713 4.000000 0.935518
v -0.004015 0.000000 -0.004015
v -0.004015 -0.000000 0.004015
v -6.133338 32.000004 -6.133337
v -6.133338 32.000004 6.133339
v 0.004015 0.000000 -0.004015
v 0.004015 -0.000000 0.004015
v 6.133338 32.000004 -6.133337
v 6.133338 32.000004 6.133339
v -0.004674 0.000000 -0.003176
v -0.005144 0.000000 -0.002196
v -0.005427 0.000000 -0.001121
v -0.005521 0.000000 0.000000
v -0.005427 -0.000000 0.001121
v -0.005144 -0.000000 0.002196
v -0.004674 -0.000000 0.003176
v -7.139588 32.000000 4.851567
v -7.858340 32.000004 3.354170
v -8.289589 32.000000 1.713023
v -8.433340 32.000004 0.000001
v -8.289591 32.000004 -1.713021
v -7.858340 32.000004 -3.354169
v -7.139589 32.000004 -4.851566
v 4.851566 32.000004 -7.139589
v 3.354169 32.000004 -7.858338
v 1.713022 32.000004 -8.289589
v 0.000000 32.000004 -8.433339
v -1.713022 32.000004 -8.289589
v -3.354170 32.000004 -7.858338
v -4.851566 32.000004 -7.139588
v -4.851566 32.000000 7.139590
v -3.354169 32.000004 7.858341
v -1.713022 32.000000 8.289591
v 0.000000 32.000004 8.433342
v 1.713022 32.000004 8.289591
v 3.354170 32.000004 7.858341
v 4.851566 32.000004 7.139590
v 7.139589 32.000004 4.851567
v 7.858340 32.000004 3.354170
v 8.289591 32.000004 1.713023
v 8.433340 32.000004 0.000001
v 8.289591 32.000004 -1.713021
v 7.858340 32.000004 -3.354169
v 7.139589 32.000004 -4.851566
v 5.367173 27.999998 -5.367172
v 4.601007 24.000004 -4.601007
v 3.834842 20.000004 -3.834842
v 3.068676 16.000002 -3.068676
v 2.302511 12.000002 -2.302511
v 1.536346 8.000001 -1.536346
v 0.770181 4.000000 -0.770180
v 0.004674 -0.000000 0.003176
v 0.005144 -0.000000 0.002196
v 0.005427 -0.000000 0.001121
v 0.005521 -0.000000 0.000000
v 0.005427 0.000000 -0.001121
v 0.005144 0.000000 -0.002196
v 0.004674 0.000000 -0.003176
v -0.003176 0.000000 -0.004674
v -0.002196 0.000000 -0.005144
v -0.001121 0.000000 -0.005427
v 0.000000 0.000000 -0.005521
v 0.001121 0.000000 -0.005427
v 0.002196 0.000000 -0.005144
v 0.003176 0.000000 -0.004674
v 0.003176 -0.000000 0.004674
v 0.002196 -0.000000 0.005144
v 0.001121 -0.000000 0.005427
v -0.000000 -0.000000 0.005521
v -0.001121 -0.000000 0.005427
v -0.002196 -0.000000 0.005144
v -0.003176 -0.000000 0.004674
v -0.770181 4.000000 0.770181
v -1.536346 8.000001 1.536346
v -2.302511 12.000001 2.302512
v -3.068677 16.000002 3.068677
v -3.834842 20.000002 3.834843
v -4.601007 24.000004 4.601008
v -5.367173 28.000004 5.367174
v 5.367173 27.999998 5.367173
v 4.601008 24.000004 4.601008
v 3.834842 20.000004 3.834843
v 3.068676 16.000002 3.068677
v 2.302511 12.000002 2.302512
v 1.536346 8.000001 1.536346
v 0.770181 4.000000 0.770181
v -5.367173 28.000002 -5.367172
v -4.601007 24.000004 -4.601007
v -3.834842 20.000000 -3.834842
v -3.068677 16.000002 -3.068676
v -2.302511 12.000000 -2.302511
v -1.536346 8.000001 -1.536346
v -0.770181 4.000000 -0.770180
v 6.247725 27.999998 -4.245517
v 6.876691 28.000004 -2.935172
v 7.254070 28.000000 -1.499034
v 7.379863 28.000004 0.000001
v 7.254070 28.000000 1.499035
v 6.876689 27.999998 2.935173
v 6.247725 27.999998 4.245518
v 5.355860 24.000004 -3.639468
v 5.895040 24.000004 -2.516175
v 6.218549 24.000004 -1.285046
v 6.326385 24.000004 0.000001
v 6.218549 24.000004 1.285048
v 5.895040 24.000004 2.516177
v 5.355860 24.000004 3.639470
v 4.463995 19.999996 -3.033419
v 4.913391 20.000004 -2.097179
v 5.183029 19.999996 -1.071059
v 5.272908 20.000004 0.000001
v 5.183028 19.999996 1.071060
v 4.913391 20.000004 2.097180
v 4.463996 19.999996 3.033421
v 3.572131 16.000002 -2.427371
v 3.931742 16.000002 -1.678182
v 4.147508 16.000002 -0.857072
v 4.219430 16.000002 0.000000
v 4.147508 16.000002 0.857072
v 3.931742 16.000002 1.678183
v 3.572131 16.000002 2.427372
v 2.680267 12.000000 -1.821322
v 2.950093 12.000002 -1.259186
v 3.111988 12.000000 -0.643084
v 3.165953 12.000002 0.000000
v 3.111988 12.000000 0.643085
v 2.950093 12.000002 1.259186
v 2.680267 12.000000 1.821323
v 1.788403 8.000001 -1.215273
v 1.968443 8.000001 -0.840189
v 2.076468 8.000001 -0.429096
v 2.112476 8.000001 0.000000
v 2.076468 8.000001 0.429097
v 1.968443 8.000001 0.840189
v 1.788403 8.000001 1.215274
v 0.896538 4.000000 -0.609225
v 0.986794 4.000000 -0.421192
v 1.040947 4.000000 -0.215109
v 1.058998 4.000000 0.000000
v 1.040947 4.000000 0.215109
v 0.986794 4.000000 0.421193
v 0.896538 4.000000 0.609225
v -0.896538 4.000000 -0.609225
v -0.986794 4.000000 -0.421192
v -1.040947 4.000000 -0.215109
v -1.058998 4.000000 0.000000
v -1.040947 4.000000 0.215109
v -0.986794 4.000001 0.421193
v -0.896538 4.000000 0.609225
v -1.788402 8.000000 -1.215274
v -1.968443 8.000001 -0.840189
v -2.076468 8.000000 -0.429096
v -2.112476 8.000001 0.000000
v -2.076468 8.000001 0.429097
v -1.968443 8.000001 0.840189
v -1.788403 8.000001 1.215274
v -2.680267 12.000001 -1.821322
v -2.950093 12.000000 -1.259186
v -3.111988 12.000001 -0.643084
v -3.165953 12.000001 0.000000
v -3.111988 12.000000 0.643085
v -2.950093 12.000001 1.259186
v -2.680267 12.000000 1.821322
v -3.572131 16.000002 -2.427371
v -3.931742 16.000002 -1.678182
v -4.147508 16.000002 -0.857071
v -4.219431 16.000002 0.000000
v -4.147509 16.000000 0.857072
v -3.931742 16.000000 1.678183
v -3.572131 16.000000 2.427372
v -4.463995 20.000002 -3.033420
v -4.913391 20.000000 -2.097179
v -5.183028 20.000002 -1.071059
v -5.272908 20.000002 0.000001
v -5.183028 20.000002 1.071060
v -4.913392 20.000002 2.097180
v -4.463996 20.000000 3.033420
v -5.355860 24.000004 -3.639468
v -5.895041 24.000002 -2.516176
v -6.218549 24.000002 -1.285046
v -6.326386 24.000004 0.000001
v -6.218549 24.000004 1.285048
v -5.895041 24.000000 2.516176
v -5.355860 24.000002 3.639470
v -6.247725 28.000002 -4.245517
v -6.876691 28.000004 -2.935172
v -7.254069 28.000000 -1.499034
v -7.379863 28.000004 0.000001
v -7.254070 28.000004 1.499035
v -6.876690 28.000002 2.935174
v -6.247725 28.000002 4.245518
v 4.245518 28.000002 -6.247724
v 3.639469 24.000004 -5.355860
v 3.033420 20.000000 -4.463995
v 2.427371 16.000002 -3.572131
v 1.821322 12.000001 -2.680267
v 1.215274 8.000001 -1.788402
v 0.609225 4.000000 -0.896538
v 2.935173 28.000004 -6.876690
v 2.516176 24.000006 -5.895040
v 2.097179 20.000002 -4.913391
v 1.678182 16.000002 -3.931741
v 1.259186 12.000001 -2.950092
v 0.840189 8.000001 -1.968443
v 0.421192 4.000000 -0.986794
v 1.499035 28.000000 -7.254069
v 1.285047 24.000004 -6.218548
v 1.071059 20.000000 -5.183028
v 0.857072 16.000002 -4.147508
v 0.643084 12.000001 -3.111988
v 0.429097 8.000001 -2.076467
v 0.215109 4.000000 -1.040947
v -0.000000 28.000004 -7.379862
v 0.000000 24.000006 -6.326385
v -0.000000 20.000002 -5.272907
v -0.000000 16.000002 -4.219430
v -0.000000 12.000001 -3.165952
v -0.000000 8.000001 -2.112475
v -0.000000 4.000000 -1.058998
v -1.499035 28.000000 -7.254069
v -1.285047 24.000004 -6.218549
v -1.071059 20.000000 -5.183028
v -0.857072 16.000002 -4.147508
v -0.643084 12.000001 -3.111988
v -0.429097 8.000001 -2.076467
v -0.215109 4.000000 -1.040947
v -2.935173 28.000002 -6.876689
v -2.516176 24.000006 -5.895040
v -2.097179 20.000002 -4.913391
v -1.678183 16.000002 -3.931742
v -1.259186 12.000001 -2.950092
v -0.840189 8.000001 -1.968443
v -0.421192 4.000000 -0.986794
v -4.245517 28.000002 -6.247724
v -3.639469 24.000004 -5.355860
v -3.033420 20.000000 -4.463995
v -2.427371 16.000002 -3.572131
v -1.821323 12.000001 -2.680267
v -1.215274 8.000001 -1.788402
v -0.609225 4.000000 -0.896538
v -4.245517 28.000004 6.247725
v -3.639469 24.000004 5.355861
v -3.033420 20.000002 4.463996
v -2.427371 16.000002 3.572132
v -1.821322 12.000000 2.680267
v -1.215273 8.000001 1.788403
v -0.609225 4.000000 0.896538
v -2.935173 28.000000 6.876691
v -2.516176 24.000002 5.895041
v -2.097179 20.000002 4.913392
v -1.678182 16.000002 3.931742
v -1.259186 12.000001 2.950093
v -0.840189 8.000001 1.968444
v -0.421193 4.000000 0.986794
v -1.499035 28.000002 7.254071
v -1.285047 24.000002 6.218550
v -1.071059 20.000002 5.183030
v -0.857072 16.000002 4.147509
v -0.643084 12.000000 3.111988
v -0.429097 8.000001 2.076468
v -0.215109 4.000000 1.040947
v 0.000000 28.000004 7.379864
v -0.000000 24.000006 6.326386
v 0.000000 20.000002 5.272908
v 0.000000 16.000002 4.219431
v 0.000000 12.000001 3.165953
v 0.000000 8.000001 2.112476
v 0.000000 4.000000 1.058998
v 1.499035 28.000000 7.254070
v 1.285047 24.000004 6.218550
v 1.071059 20.000000 5.183029
v 0.857072 16.000002 4.147509
v 0.643084 12.000001 3.111989
v 0.429097 8.000001 2.076468
v 0.215109 4.000000 1.040947
v 2.935173 28.000002 6.876691
v 2.516176 24.000006 5.895042
v 2.097179 20.000002 4.913392
v 1.678183 16.000002 3.931742
v 1.259186 12.000001 2.950093
v 0.840189 8.000001 1.968444
v 0.421192 4.000000 0.986794
v 4.245517 28.000002 6.247725
v 3.639469 24.000004 5.355861
v 3.033420 20.000000 4.463996
v 2.427371 16.000002 3.572132
v 1.821323 12.000001 2.680267
v 1.215274 8.000001 1.788403
v 0.609225 4.000000 0.896538
v -0.003841 0.000000 -0.003841
v -0.003841 -0.000000 0.003841
v -5.866672 32.000004 -5.866671
v -5.866672 32.000004 5.866673
v 0.003841 0.000000 -0.003841
v 0.003841 -0.000000 0.003841
v 5.866672 32.000004 -5.866671
v 5.866672 32.000004 5.866673
v -0.004471 0.000000 -0.003038
v -0.004921 0.000000 -0.002100
v -0.005191 0.000000 -0.001073
v -0.005281 0.000000 0.000000
v -0.005191 -0.000000 0.001073
v -0.004921 -0.000000 0.002100
v -0.004471 -0.000000 0.003038
v -6.829172 32.000000 4.640630
v -7.516673 32.000004 3.208337
v -7.929173 32.000000 1.638544
v -8.066673 32.000004 0.000001
v -7.929174 32.000004 -1.638542
v -7.516673 32.000004 -3.208335
v -6.829173 32.000004 -4.640629
v 4.640629 32.000004 -6.829173
v 3.208336 32.000004 -7.516672
v 1.638543 32.000004 -7.929173
v 0.000000 32.000004 -8.066673
v -1.638543 32.000004 -7.929173
v -3.208336 32.000004 -7.516672
v -4.640629 32.000004 -6.829172
v -4.640629 32.000000 6.829173
v -3.208336 32.000004 7.516675
v -1.638543 32.000000 7.929174
v 0.000000 32.000004 8.066675
v 1.638543 32.000004 7.929174
v 3.208336 32.000004 7.516675
v 4.640629 32.000004 6.829174
v 6.829173 32.000004 4.640630
v 7.516673 32.000004 3.208337
v 7.929174 32.000004 1.638544
v 8.066673 32.000004 0.000001
v 7.929174 32.000004 -1.638542
v 7.516673 32.000004 -3.208335
v 6.829173 32.000004 -4.640629
v 5.133818 27.999998 -5.133817
v 4.400964 24.000004 -4.400963
v 3.668110 20.000004 -3.668110
v 2.935256 16.000002 -2.935256
v 2.202402 12.000002 -2.202402
v 1.469548 8.000001 -1.469548
v 0.736694 4.000000 -0.736694
v 0.004471 -0.000000 0.003038
v 0.004921 -0.000000 0.002100
v 0.005191 -0.000000 0.001073
v 0.005281 -0.000000 0.000000
v 0.005191 0.000000 -0.001073
v 0.004921 0.000000 -0.002100
v 0.004471 0.000000 -0.003038
v -0.003038 0.000000 -0.004471
v -0.002100 0.000000 -0.004921
v -0.001073 0.000000 -0.005191
v 0.000000 0.000000 -0.005281
v 0.001073 0.000000 -0.005191
v 0.002100 0.000000 -0.004921
v 0.003038 0.000000 -0.004471
v 0.003038 -0.000000 0.004471
v 0.002100 -0.000000 0.004921
v 0.001073 -0.000000 0.005191
v -0.000000 -0.000000 0.005281
v -0.001073 -0.000000 0.005191
v -0.002100 -0.000000 0.004921
v -0.003038 -0.000000 0.004471
v -0.736694 4.000000 0.736695
v -1.469548 8.000001 1.469549
v -2.202402 12.000001 2.202403
v -2.935256 16.000002 2.935257
v -3.668110 20.000002 3.668111
v -4.400964 24.000004 4.400965
v -5.133818 28.000004 5.133819
v 5.133818 27.999998 5.133818
v 4.400964 24.000004 4.400964
v 3.668110 20.000004 3.668111
v 2.935256 16.000002 2.935256
v 2.202402 12.000002 2.202403
v 1.469548 8.000001 1.469549
v 0.736694 4.000000 0.736695
v -5.133818 28.000002 -5.133817
v -4.400964 24.000004 -4.400963
v -3.668110 20.000000 -3.668110
v -2.935256 16.000002 -2.935256
v -2.202402 12.000000 -2.202402
v -1.469548 8.000001 -1.469548
v -0.736694 4.000000 -0.736694
v 5.976085 27.999998 -4.060929
v 6.577704 28.000004 -2.807556
v 6.938676 28.000000 -1.433859
v 7.059000 28.000004 0.000001
v 6.938676 28.000000 1.433860
v 6.577703 27.999998 2.807557
v 5.976085 27.999998 4.060931
v 5.122997 24.000004 -3.481231
v 5.638734 24.000004 -2.406776
v 5.948178 24.000004 -1.229175
v 6.051325 24.000004 0.000001
v 5.948178 24.000004 1.229176
v 5.638734 24.000004 2.406778
v 5.122997 24.000004 3.481232
v 4.269909 19.999996 -2.901532
v 4.699766 20.000004 -2.005997
v 4.957680 19.999996 -1.024491
v 5.043652 20.000004 0.000000
v 4.957679 19.999996 1.024492
v 4.699766 20.000004 2.005998
v 4.269909 19.999996 2.901533
v 3.416821 16.000002 -2.321833
v 3.760797 16.000002 -1.605218
v 3.967182 16.000002 -0.819808
v 4.035977 16.000002 0.000000
v 3.967182 16.000002 0.819808
v 3.760797 16.000002 1.605219
v 3.416821 16.000002 2.321834
v 2.563734 12.000000 -1.742134
v 2.821828 12.000002 -1.204439
v 2.976685 12.000000 -0.615124
v 3.028303 12.000002 0.000000
v 2.976685 12.000000 0.615124
v 2.821828 12.000002 1.204439
v 2.563734 12.000000 1.742135
v 1.710646 8.000001 -1.162435
v 1.882859 8.000001 -0.803659
v 1.986186 8.000001 -0.410440
v 2.020629 8.000001 0.000000
v 1.986187 8.000001 0.410440
v 1.882859 8.000001 0.803659
v 1.710646 8.000001 1.162436
v 0.857558 4.000000 -0.582737
v 0.943890 4.000000 -0.402880
v 0.995688 4.000000 -0.205756
v 1.012955 4.000000 0.000000
v 0.995688 4.000000 0.205757
v 0.943890 4.000000 0.402880
v 0.857558 4.000000 0.582737
v -0.857558 4.000000 -0.582737
v -0.943890 4.000000 -0.402880
v -0.995689 4.000000 -0.205756
v -1.012955 4.000000 0.000000
v -0.995689 4.000000 0.205757
v -0.943890 4.000001 0.402880
v -0.857559 4.000000 0.582737
v -1.710646 8.000000 -1.162436
v -1.882859 8.000001 -0.803659
v -1.986186 8.000000 -0.410440
v -2.020629 8.000001 0.000000
v -1.986187 8.000001 0.410441
v -1.882859 8.000001 0.803659
v -1.710646 8.000001 1.162436
v -2.563734 12.000001 -1.742134
v -2.821828 12.000000 -1.204439
v -2.976684 12.000001 -0.615124
v -3.028303 12.000001 0.000000
v -2.976684 12.000000 0.615124
v -2.821828 12.000001 1.204439
v -2.563734 12.000000 1.742135
v -3.416821 16.000002 -2.321833
v -3.760797 16.000002 -1.605218
v -3.967182 16.000002 -0.819807
v -4.035977 16.000002 0.000000
v -3.967182 16.000000 0.819808
v -3.760797 16.000000 1.605219
v -3.416821 16.000000 2.321834
v -4.269909 20.000002 -2.901532
v -4.699766 20.000000 -2.005997
v -4.957680 20.000002 -1.024491
v -5.043652 20.000002 0.000000
v -4.957680 20.000002 1.024492
v -4.699766 20.000002 2.005998
v -4.269909 20.000000 2.901533
v -5.122997 24.000004 -3.481231
v -5.638735 24.000002 -2.406777
v -5.948178 24.000002 -1.229175
v -6.051326 24.000004 0.000001
v -5.948178 24.000004 1.229176
v -5.638735 24.000000 2.406778
v -5.122997 24.000002 3.481232
v -5.976085 28.000002 -4.060929
v -6.577704 28.000004 -2.807556
v -6.938675 28.000000 -1.433859
v -7.059000 28.000004 0.000001
v -6.938676 28.000004 1.433860
v -6.577704 28.000002 2.807558
v -5.976085 28.000002 4.060931
v 4.060930 28.000002 -5.976084
v 3.481231 24.000004 -5.122997
v 2.901532 20.000000 -4.269908
v 2.321834 16.000002 -3.416821
v 1.742134 12.000001 -2.563734
v 1.162436 8.000001 -1.710646
v 0.582737 4.000000 -0.857558
v 2.807557 28.000004 -6.577704
v 2.406777 24.000006 -5.638734
v 2.005998 20.000002 -4.699765
v 1.605218 16.000002 -3.760796
v 1.204439 12.000001 -2.821828
v 0.803659 8.000001 -1.882859
v 0.402880 4.000000 -0.943890
v 1.433859 28.000000 -6.938675
v 1.229175 24.000004 -5.948177
v 1.024492 20.000000 -4.957680
v 0.819808 16.000002 -3.967182
v 0.615124 12.000001 -2.976684
v 0.410440 8.000001 -1.986186
v 0.205756 4.000000 -0.995688
v -0.000000 28.000004 -7.058999
v 0.000000 24.000006 -6.051325
v -0.000000 20.000002 -5.043651
v -0.000000 16.000002 -4.035977
v -0.000000 12.000001 -3.028303
v -0.000000 8.000001 -2.020629
v -0.000000 4.000000 -1.012955
v -1.433859 28.000000 -6.938675
v -1.229175 24.000004 -5.948178
v -1.024492 20.000000 -4.957679
v -0.819808 16.000002 -3.967182
v -0.615124 12.000001 -2.976684
v -0.410440 8.000001 -1.986186
v -0.205756 4.000000 -0.995688
v -2.807557 28.000002 -6.577703
v -2.406777 24.000006 -5.638734
v -2.005998 20.000002 -4.699765
v -1.605218 16.000002 -3.760797
v -1.204439 12.000001 -2.821828
v -0.803659 8.000001 -1.882859
v -0.402880 4.000000 -0.943890
v -4.060930 28.000002 -5.976084
v -3.481231 24.000004 -5.122997
v -2.901532 20.000000 -4.269909
v -2.321833 16.000002 -3.416821
v -1.742135 12.000001 -2.563734
v -1.162436 8.000001 -1.710646
v -0.582737 4.000000 -0.857558
v -4.060930 28.000004 5.976086
v -3.481231 24.000004 5.122998
v -2.901532 20.000002 4.269910
v -2.321833 16.000002 3.416822
v -1.742134 12.000000 2.563734
v -1.162436 8.000001 1.710647
v -0.582737 4.000000 0.857559
v -2.807557 28.000000 6.577705
v -2.406777 24.000002 5.638735
v -2.005998 20.000002 4.699766
v -1.605218 16.000002 3.760798
v -1.204439 12.000001 2.821828
v -0.803659 8.000001 1.882859
v -0.402880 4.000000 0.943890
v -1.433859 28.000002 6.938677
v -1.229175 24.000002 5.948179
v -1.024492 20.000002 4.957681
v -0.819808 16.000002 3.967182
v -0.615124 12.000000 2.976685
v -0.410440 8.000001 1.986187
v -0.205756 4.000000 0.995689
v 0.000000 28.000004 7.059001
v -0.000000 24.000006 6.051326
v 0.000000 20.000002 5.043652
v 0.000000 16.000002 4.035977
v 0.000000 12.000001 3.028303
v 0.000000 8.000001 2.020629
v 0.000000 4.000000 1.012955
v 1.433859 28.000000 6.938676
v 1.229175 24.000004 5.948179
v 1.024492 20.000000 4.957680
v 0.819808 16.000002 3.967183
v 0.615124 12.000001 2.976685
v 0.410440 8.000001 1.986187
v 0.205756 4.000000 0.995689
v 2.807557 28.000002 6.577705
v 2.406777 24.000006 5.638736
v 2.005998 20.000002 4.699767
v 1.605218 16.000002 3.760798
v 1.204439 12.000001 2.821828
v 0.803659 8.000001 1.882859
v 0.402880 4.000000 0.943890
v 4.060930 28.000002 5.976086
v 3.481231 24.000004 5.122998
v 2.901532 20.000000 4.269910
v 2.321833 16.000002 3.416822
v 1.742135 12.000001 2.563734
v 1.162436 8.000001 1.710646
v 0.582737 4.000000 0.857558
v -0.003666 0.000000 -0.003666
v -0.003666 -0.000000 0.003666
v -5.600006 32.000004 -5.600005
v -5.600006 32.000004 5.600006
v 0.003666 0.000000 -0.003666
v 0.003666 -0.000000 0.003666
v 5.600006 32.000004 -5.600005
v 5.600006 32.000004 5.600006
v -0.004267 0.000000 -0.002900
v -0.004697 0.000000 -0.002005
v -0.004955 0.000000 -0.001024
v -0.005041 0.000000 0.000000
v -0.004955 -0.000000 0.001024
v -0.004697 -0.000000 0.002005
v -0.004267 -0.000000 0.002900
v -6.518756 32.000000 4.429692
v -7.175007 32.000004 3.062504
v -7.568757 32.000000 1.564065
v -7.700007 32.000004 0.000001
v -7.568758 32.000004 -1.564063
v -7.175007 32.000004 -3.062502
v -6.518756 32.000004 -4.429691
v 4.429692 32.000004 -6.518756
v 3.062503 32.000004 -7.175006
v 1.564064 32.000004 -7.568757
v 0.000000 32.000004 -7.700007
v -1.564064 32.000004 -7.568757
v -3.062503 32.000004 -7.175006
v -4.429692 32.000004 -6.518756
v -4.429691 32.000000 6.518757
v -3.062503 32.000004 7.175008
v -1.564064 32.000000 7.568758
v 0.000000 32.000004 7.700009
v 1.564064 32.000004 7.568758
v 3.062503 32.000004 7.175008
v 4.429692 32.000004 6.518757
v 6.518756 32.000004 4.429692
v 7.175007 32.000004 3.062504
v 7.568758 32.000004 1.564065
v 7.700007 32.000004 0.000001
v 7.568758 32.000004 -1.564063
v 7.175007 32.000004 -3.062502
v 6.518756 32.000004 -4.429691
v 4.900463 27.999998 -4.900462
v 4.200921 24.000004 -4.200920
v 3.501378 20.000004 -3.501378
v 2.801836 16.000002 -2.801835
v 2.102293 12.000002 -2.102293
v 1.402751 8.000001 -1.402751
v 0.703208 4.000000 -0.703208
v 0.004267 -0.000000 0.002900
v 0.004697 -0.000000 0.002005
v 0.004955 -0.000000 0.001024
v 0.005041 -0.000000 0.000000
v 0.004955 0.000000 -0.001024
v 0.004697 0.000000 -0.002005
v 0.004267 0.000000 -0.002900
v -0.002900 0.000000 -0.004267
v -0.002005 0.000000 -0.004697
v -0.001024 0.000000 -0.004955
v 0.000000 0.000000 -0.005041
v 0.001024 0.000000 -0.004955
v 0.002005 0.000000 -0.004697
v 0.002900 0.000000 -0.004267
v 0.002900 -0.000000 0.004267
v 0.002005 -0.000000 0.004697
v 0.001024 -0.000000 0.004955
v -0.000000 -0.000000 0.005041
v -0.001024 -0.000000 0.004955
v -0.002005 -0.000000 0.004697
v -0.002900 -0.000000 0.004267
v -0.703208 4.000000 0.703209
v -1.402751 8.000001 1.402751
v -2.102293 12.000001 2.102294
v -2.801836 16.000002 2.801836
v -3.501378 20.000002 3.501379
v -4.200921 24.000004 4.200922
v -4.900463 28.000004 4.900464
v 4.900463 27.999998 4.900463
v 4.200921 24.000004 4.200921
v 3.501378 20.000004 3.501379
v 2.801836 16.000002 2.801836
v 2.102293 12.000002 2.102294
v 1.402751 8.000001 1.402751
v 0.703208 4.000000 0.703209
v -4.900463 28.000002 -4.900462
v -4.200921 24.000004 -4.200920
v -3.501378 20.000000 -3.501378
v -2.801836 16.000002 -2.801836
v -2.102293 12.000000 -2.102293
v -1.402751 8.000001 -1.402751
v -0.703208 4.000000 -0.703208
v 5.704445 27.999998 -3.876342
v 6.278718 28.000004 -2.679940
v 6.623282 28.000000 -1.368683
v 6.738136 28.000004 0.000001
v 6.623282 28.000000 1.368685
v 6.278718 27.999998 2.679941
v 5.704445 27.999998 3.876343
v 4.890134 24.000004 -3.322994
v 5.382429 24.000004 -2.297378
v 5.677806 24.000004 -1.173303
v 5.776265 24.000004 0.000001
v 5.677806 24.000004 1.173305
v 5.382429 24.000004 2.297379
v 4.890134 24.000004 3.322994
v 4.075823 19.999996 -2.769644
v 4.486140 20.000004 -1.914816
v 4.732332 19.999996 -0.977923
v 4.814395 20.000004 0.000000
v 4.732330 19.999996 0.977924
v 4.486140 20.000004 1.914817
v 4.075823 19.999996 2.769645
v 3.261512 16.000002 -2.216295
v 3.589852 16.000002 -1.532254
v 3.786855 16.000002 -0.782544
v 3.852524 16.000002 0.000000
v 3.786856 16.000002 0.782544
v 3.589852 16.000002 1.532254
v 3.261512 16.000002 2.216296
v 2.447201 12.000000 -1.662946
v 2.693563 12.000002 -1.149691
v 2.841381 12.000000 -0.587164
v 2.890653 12.000002 0.000000
v 2.841381 12.000000 0.587164
v 2.693563 12.000002 1.149692
v 2.447201 12.000000 1.662947
v 1.632890 8.000001 -1.109598
v 1.797274 8.000001 -0.767129
v 1.895905 8.000001 -0.391784
v 1.928782 8.000001 0.000000
v 1.895905 8.000001 0.391784
v 1.797274 8.000001 0.767130
v 1.632890 8.000001 1.109598
v 0.818578 4.000000 -0.556249
v 0.900986 4.000000 -0.384567
v 0.950430 4.000000 -0.196404
v 0.966912 4.000000 0.000000
v 0.950430 4.000000 0.196404
v 0.900986 4.000000 0.384567
v 0.818578 4.000000 0.556249
v -0.818579 4.000000 -0.556249
v -0.900986 4.000000 -0.384567
v -0.950430 4.000000 -0.196404
v -0.966912 4.000000 0.000000
v -0.950430 4.000000 0.196404
v -0.900986 4.000001 0.384567
v -0.818579 4.000000 0.556249
v -1.632889 8.000000 -1.109598
v -1.797274 8.000001 -0.767129
v -1.895905 8.000000 -0.391784
v -1.928782 8.000001 0.000000
v -1.895906 8.000001 0.391784
v -1.797274 8.000001 0.767130
v -1.632890 8.000001 1.109598
v -2.447201 12.000001 -1.662947
v -2.693563 12.000000 -1.149691
v -2.841381 12.000001 -0.587164
v -2.890653 12.000001 0.000000
v -2.841380 12.000000 0.587164
v -2.693563 12.000001 1.149692
v -2.447201 12.000000 1.662947
v -3.261512 16.000002 -2.216296
v -3.589852 16.000002 -1.532254
v -3.786856 16.000002 -0.782544
v -3.852524 16.000002 0.000000
v -3.786856 16.000000 0.782544
v -3.589852 16.000000 1.532254
v -3.261512 16.000000 2.216296
v -4.075822 20.000002 -2.769644
v -4.486140 20.000000 -1.914816
v -4.732331 20.000002 -0.977924
v -4.814395 20.000002 0.000000
v -4.732331 20.000002 0.977925
v -4.486141 20.000002 1.914817
v -4.075823 20.000000 2.769645
v -4.890134 24.000004 -3.322993
v -5.382429 24.000002 -2.297378
v -5.677806 24.000002 -1.173303
v -5.776266 24.000004 0.000001
v -5.677806 24.000004 1.173305
v -5.382429 24.000000 2.297379
v -4.890134 24.000002 3.322994
v -5.704445 28.000002 -3.876342
v -6.278718 28.000004 -2.679940
v -6.623281 28.000000 -1.368683
v -6.738137 28.000004 0.000001
v -6.623282 28.000004 1.368685
v -6.278718 28.000002 2.679942
v -5.704445 28.000002 3.876343
v 3.876343 28.000002 -5.704445
v 3.322994 24.000004 -4.890134
v 2.769644 20.000000 -4.075822
v 2.216296 16.000002 -3.261511
v 1.662947 12.000001 -2.447201
v 1.109598 8.000001 -1.632889
v 0.556249 4.000000 -0.818578
v 2.679941 28.000004 -6.278718
v 2.297378 24.000006 -5.382429
v 1.914816 20.000002 -4.486140
v 1.532254 16.000002 -3.589851
v 1.149692 12.000001 -2.693563
v 0.767129 8.000001 -1.797274
v 0.384567 4.000000 -0.900986
v 1.368684 28.000000 -6.623281
v 1.173304 24.000004 -5.677806
v 0.977924 20.000000 -4.732331
v 0.782544 16.000002 -3.786855
v 0.587164 12.000001 -2.841380
v 0.391784 8.000001 -1.895905
v 0.196404 4.000000 -0.950430
v -0.000000 28.000004 -6.738136
v 0.000000 24.000006 -5.776265
v -0.000000 20.000002 -4.814394
v -0.000000 16.000002 -3.852524
v -0.000000 12.000001 -2.890653
v -0.000000 8.000001 -1.928782
v -0.000000 4.000000 -0.966911
v -1.368684 28.000000 -6.623281
v -1.173304 24.000004 -5.677806
v -0.977924 20.000000 -4.732330
v -0.782544 16.000002 -3.786856
v -0.587164 12.000001 -2.841381
v -0.391784 8.000001 -1.895905
v -0.196404 4.000000 -0.950430
v -2.679941 28.000002 -6.278717
v -2.297378 24.000006 -5.382428
v -1.914816 20.000002 -4.486140
v -1.532254 16.000002 -3.589852
v -1.149692 12.000001 -2.693563
v -0.767129 8.000001 -1.797274
v -0.384567 4.000000 -0.900986
v -3.876343 28.000002 -5.704445
v -3.322994 24.000004 -4.890134
v -2.769645 20.000000 -4.075822
v -2.216296 16.000002 -3.261512
v -1.662947 12.000001 -2.447201
v -1.109598 8.000001 -1.632889
v -0.556249 4.000000 -0.818578
v -3.876342 28.000004 5.704446
v -3.322994 24.000004 4.890135
v -2.769645 20.000002 4.075824
v -2.216295 16.000002 3.261513
v -1.662947 12.000000 2.447201
v -1.109598 8.000001 1.632890
v -0.556249 4.000000 0.818579
v -2.679941 28.000000 6.278719
v -2.297378 24.000002 5.382430
v -1.914816 20.000002 4.486141
v -1.532254 16.000002 3.589852
v -1.149692 12.000001 2.693563
v -0.767129 8.000001 1.797275
v -0.384567 4.000000 0.900986
v -1.368684 28.000002 6.623283
v -1.173304 24.000002 5.677808
v -0.977924 20.000002 4.732333
v -0.782544 16.000002 3.786856
v -0.587164 12.000000 2.841381
v -0.391784 8.000001 1.895906
v -0.196404 4.000000 0.950430
v 0.000000 28.000004 6.738138
v -0.000000 24.000006 5.776266
v 0.000000 20.000002 4.814395
v 0.000000 16.000002 3.852524
v 0.000000 12.000001 2.890653
v 0.000000 8.000001 1.928783
v 0.000000 4.000000 0.966912
v 1.368684 28.000000 6.623282
v 1.173304 24.000004 5.677808
v 0.977924 20.000000 4.732332
v 0.782544 16.000002 3.786856
v 0.587164 12.000001 2.841381
v 0.391784 8.000001 1.895906
v 0.196404 4.000000 0.950430
v 2.679941 28.000002 6.278719
v 2.297378 24.000006 5.382430
v 1.914816 20.000002 4.486141
v 1.532254 16.000002 3.589852
v 1.149692 12.000001 2.693563
v 0.767129 8.000001 1.797275
v 0.384567 4.000000 0.900986
v 3.876343 28.000002 5.704446
v 3.322994 24.000004 4.890135
v 2.769645 20.000000 4.075823
v 2.216296 16.000002 3.261512
v 1.662947 12.000001 2.447201
v 1.109598 8.000001 1.632890
v 0.556249 4.000000 0.818579
v -0.003491 0.000000 -0.003491
v -0.003491 -0.000000 0.003491
v -5.333339 32.000004 -5.333338
v -5.333339 32.000004 5.333340
v 0.003491 0.000000 -0.003491
v 0.003491 -0.000000 0.003491
v 5.333339 32.000004 -5.333338
v 5.333339 32.000004 5.333340
v -0.004064 0.000000 -0.002762
v -0.004473 0.000000 -0.001909
v -0.004719 0.000000 -0.000975
v -0.004801 0.000000 0.000000
v -0.004719 -0.000000 0.000975
v -0.004473 -0.000000 0.001909
v -0.004064 -0.000000 0.002762
v -6.208339 32.000000 4.218755
v -6.833341 32.000004 2.916671
v -7.208340 32.000000 1.489586
v -7.333341 32.000004 0.000001
v -7.208341 32.000004 -1.489584
v -6.833341 32.000004 -2.916669
v -6.208340 32.000004 -4.218754
v 4.218754 32.000004 -6.208340
v 2.916670 32.000004 -6.833340
v 1.489585 32.000004 -7.208340
v 0.000000 32.000004 -7.333341
v -1.489585 32.000004 -7.208340
v -2.916670 32.000004 -6.833340
v -4.218754 32.000004 -6.208339
v -4.218754 32.000000 6.208340
v -2.916670 32.000004 6.833342
v -1.489585 32.000000 7.208341
v 0.000000 32.000004 7.333343
v 1.489585 32.000004 7.208342
v 2.916670 32.000004 6.833342
v 4.218754 32.000004 6.208341
v 6.208340 32.000004 4.218755
v 6.833341 32.000004 2.916671
v 7.208341 32.000004 1.489586
v 7.333341 32.000004 0.000001
v 7.208341 32.000004 -1.489584
v 6.833341 32.000004 -2.916669
v 6.208340 32.000004 -4.218754
v 4.667108 27.999998 -4.667107
v 4.000877 24.000004 -4.000876
v 3.334646 20.000004 -3.334646
v 2.668415 16.000002 -2.668415
v 2.002184 12.000002 -2.002184
v 1.335953 8.000001 -1.335953
v 0.669722 4.000000 -0.669722
v 0.004064 -0.000000 0.002762
v 0.004473 -0.000000 0.001909
v 0.004719 -0.000000 0.000975
v 0.004801 -0.000000 0.000000
v 0.004719 0.000000 -0.000975
v 0.004473 0.000000 -0.001909
v 0.004064 0.000000 -0.002762
v -0.002762 0.000000 -0.004064
v -0.001909 0.000000 -0.004473
v -0.000975 0.000000 -0.004719
v 0.000000 0.000000 -0.004801
v 0.000975 0.000000 -0.004719
v 0.001909 0.000000 -0.004473
v 0.002762 0.000000 -0.004064
v 0.002762 -0.000000 0.004064
v 0.001909 -0.000000 0.004473
v 0.000975 -0.000000 0.004719
v -0.000000 -0.000000 0.004801
v -0.000975 -0.000000 0.004719
v -0.001909 -0.000000 0.004473
v -0.002762 -0.000000 0.004064
v -0.669722 4.000000 0.669722
v -1.335953 8.000001 1.335954
v -2.002184 12.000001 2.002185
v -2.668415 16.000002 2.668416
v -3.334646 20.000002 3.334647
v -4.000877 24.000004 4.000878
v -4.667108 28.000004 4.667109
v 4.667108 27.999998 4.667108
v 4.000877 24.000004 4.000877
v 3.334646 20.000004 3.334647
v 2.668415 16.000002 2.668415
v 2.002184 12.000002 2.002185
v 1.335953 8.000001 1.335954
v 0.669722 4.000000 0.669722
v -4.667108 28.000002 -4.667107
v -4.000877 24.000004 -4.000876
v -3.334646 20.000000 -3.334646
v -2.668415 16.000002 -2.668415
v -2.002184 12.000000 -2.002184
v -1.335953 8.000001 -1.335953
v -0.669722 4.000000 -0.669722
v 5.432806 27.999998 -3.691755
v 5.979733 28.000004 -2.552324
v 6.307889 28.000000 -1.303508
v 6.417274 28.000004 0.000001
v 6.307889 28.000000 1.303509
v 5.979732 27.999998 2.552325
v 5.432806 27.999998 3.691756
v 4.657271 24.000004 -3.164756
v 5.126123 24.000004 -2.187979
v 5.407435 24.000004 -1.117432
v 5.501205 24.000004 0.000001
v 5.407435 24.000004 1.117433
v 5.126123 24.000004 2.187980
v 4.657271 24.000004 3.164757
v 3.881736 19.999996 -2.637757
v 4.272515 20.000004 -1.823634
v 4.506983 19.999996 -0.931356
v 4.585138 20.000004 0.000000
v 4.506982 19.999996 0.931357
v 4.272515 20.000004 1.823635
v 3.881737 19.999996 2.637758
v 3.106202 16.000002 -2.110758
v 3.418907 16.000002 -1.459289
v 3.606529 16.000002 -0.745280
v 3.669070 16.000002 0.000000
v 3.606529 16.000002 0.745280
v 3.418907 16.000002 1.459290
v 3.106202 16.000002 2.110759
v 2.330668 12.000000 -1.583759
v 2.565299 12.000002 -1.094944
v 2.706077 12.000000 -0.559204
v 2.753003 12.000002 0.000000
v 2.706077 12.000000 0.559204
v 2.565299 12.000002 1.094945
v 2.330667 12.000000 1.583759
v 1.555133 8.000001 -1.056760
v 1.711690 8.000001 -0.730599
v 1.805624 8.000001 -0.373127
v 1.836936 8.000001 0.000000
v 1.805624 8.000001 0.373128
v 1.711690 8.000001 0.730600
v 1.555133 8.000001 1.056760
v 0.779599 4.000000 -0.529761
v 0.858082 4.000000 -0.366254
v 0.905172 4.000000 -0.187051
v 0.920868 4.000000 0.000000
v 0.905171 4.000000 0.187051
v 0.858082 4.000000 0.366254
v 0.779599 4.000000 0.529761
v -0.779599 4.000000 -0.529761
v -0.858082 4.000000 -0.366254
v -0.905172 4.000000 -0.187051
v -0.920868 4.000000 0.000000
v -0.905172 4.000000 0.187051
v -0.858082 4.000001 0.366255
v -0.779599 4.000000 0.529761
v -1.555133 8.000000 -1.056760
v -1.711690 8.000001 -0.730599
v -1.805624 8.000000 -0.373127
v -1.836936 8.000001 0.000000
v -1.805624 8.000001 0.373128
v -1.711690 8.000001 0.730600
v -1.555133 8.000001 1.056760
v -2.330667 12.000001 -1.583759
v -2.565299 12.000000 -1.094944
v -2.706077 12.000001 -0.559203
v -2.753003 12.000001 0.000000
v -2.706077 12.000000 0.559204
v -2.565299 12.000001 1.094945
v -2.330667 12.000000 1.583759
v -3.106202 16.000002 -2.110758
v -3.418907 16.000002 -1.459289
v -3.606529 16.000002 -0.745280
v -3.669071 16.000002 0.000000
v -3.606530 16.000000 0.745280
v -3.418907 16.000000 1.459290
v -3.106202 16.000000 2.110758
v -3.881736 20.000002 -2.637757
v -4.272515 20.000000 -1.823634
v -4.506982 20.000002 -0.931356
v -4.585138 20.000002 0.000000
v -4.506982 20.000002 0.931357
v -4.272516 20.000002 1.823635
v -3.881737 20.000000 2.637758
v -4.657271 24.000004 -3.164756
v -5.126123 24.000002 -2.187979
v -5.407435 24.000002 -1.117432
v -5.501206 24.000004 0.000001
v -5.407435 24.000004 1.117433
v -5.126123 24.000000 2.187980
v -4.657271 24.000002 3.164757
v -5.432806 28.000002 -3.691755
v -5.979733 28.000004 -2.552324
v -6.307888 28.000000 -1.303508
v -6.417274 28.000004 0.000001
v -6.307889 28.000004 1.303509
v -5.979732 28.000002 2.552325
v -5.432806 28.000002 3.691756
v 3.691756 28.000002 -5.432805
v 3.164756 24.000004 -4.657270
v 2.637757 20.000000 -3.881736
v 2.110758 16.000002 -3.106201
v 1.583759 12.000001 -2.330667
v 1.056760 8.000001 -1.555133
v 0.529761 4.000000 -0.779599
v 2.552325 28.000004 -5.979732
v 2.187979 24.000006 -5.126123
v 1.823635 20.000002 -4.272515
v 1.459290 16.000002 -3.418906
v 1.094944 12.000001 -2.565298
v 0.730599 8.000001 -1.711690
v 0.366254 4.000000 -0.858082
v 1.303509 28.000000 -6.307888
v 1.117432 24.000004 -5.407435
v 0.931356 20.000000 -4.506982
v 0.745280 16.000002 -3.606529
v 0.559204 12.000001 -2.706077
v 0.373128 8.000001 -1.805624
v 0.187051 4.000000 -0.905171
v -0.000000 28.000004 -6.417273
v 0.000000 24.000006 -5.501205
v -0.000000 20.000002 -4.585138
v -0.000000 16.000002 -3.669070
v -0.000000 12.000001 -2.753003
v -0.000000 8.000001 -1.836936
v -0.000000 4.000000 -0.920868
v -1.303509 28.000000 -6.307888
v -1.117432 24.000004 -5.407435
v -0.931356 20.000000 -4.506982
v -0.745280 16.000002 -3.606529
v -0.559204 12.000001 -2.706077
v -0.373128 8.000001 -1.805624
v -0.187051 4.000000 -0.905171
v -2.552325 28.000002 -5.979731
v -2.187980 24.000006 -5.126122
v -1.823635 20.000002 -4.272515
v -1.459290 16.000002 -3.418907
v -1.094945 12.000001 -2.565298
v -0.730599 8.000001 -1.711690
v -0.366254 4.000000 -0.858082
v -3.691755 28.000002 -5.432805
v -3.164756 24.000004 -4.657270
v -2.637757 20.000000 -3.881736
v -2.110758 16.000002 -3.106202
v -1.583759 12.000001 -2.330667
v -1.056760 8.000001 -1.555133
v -0.529761 4.000000 -0.779599
v -3.691755 28.000004 5.432806
v -3.164757 24.000004 4.657271
v -2.637757 20.000002 3.881737
v -2.110758 16.000002 3.106203
v -1.583759 12.000000 2.330668
v -1.056760 8.000001 1.555133
v -0.529761 4.000000 0.779599
v -2.552325 28.000000 5.979733
v -2.187979 24.000002 5.126124
v -1.823635 20.000002 4.272516
v -1.459290 16.000002 3.418907
v -1.094944 12.000001 2.565299
v -0.730599 8.000001 1.711690
v -0.366254 4.000000 0.858082
v -1.303509 28.000002 6.307889
v -1.117432 24.000002 5.407436
v -0.931356 20.000002 4.506984
v -0.745280 16.000002 3.606530
v -0.559204 12.000000 2.706077
v -0.373128 8.000001 1.805625
v -0.187051 4.000000 0.905172
v 0.000000 28.000004 6.417275
v -0.000000 24.000006 5.501206
v 0.000000 20.000002 4.585139
v 0.000000 16.000002 3.669071
v 0.000000 12.000001 2.753003
v 0.000000 8.000001 1.836936
v 0.000000 4.000000 0.920868
v 1.303509 28.000000 6.307889
v 1.117432 24.000004 5.407436
v 0.931356 20.000000 4.506983
v 0.745280 16.000002 3.606530
v 0.559204 12.000001 2.706078
v 0.373128 8.000001 1.805625
v 0.187051 4.000000 0.905172
v 2.552325 28.000002 5.979733
v 2.187980 24.000006 5.126124
v 1.823635 20.000002 4.272516
v 1.459290 16.000002 3.418907
v 1.094945 12.000001 2.565299
v 0.730599 8.000001 1.711690
v 0.366254 4.000000 0.858082
v 3.691755 28.000002 5.432806
v 3.164756 24.000004 4.657271
v 2.637757 20.000000 3.881737
v 2.110758 16.000002 3.106202
v 1.583759 12.000001 2.330668
v 1.056760 8.000001 1.555133
v 0.529761 4.000000 0.779599
v -0.003317 0.000000 -0.003317
v -0.003317 -0.000000 0.003317
v -5.066672 32.000004 -5.066671
v -5.066672 32.000004 5.066673
v 0.003317 0.000000 -0.003317
v 0.003317 -0.000000 0.003317
v 5.066672 32.000004 -5.066671
v 5.066672 32.000004 5.066673
v -0.003861 0.000000 -0.002624
v -0.004250 0.000000 -0.001814
v -0.004483 0.000000 -0.000926
v -0.004561 0.000000 0.000000
v -0.004483 -0.000000 0.000926
v -0.004250 -0.000000 0.001814
v -0.003861 -0.000000 0.002624
v -5.897923 32.000000 4.007817
v -6.491673 32.000004 2.770837
v -6.847924 32.000000 1.415107
v -6.966674 32.000004 0.000001
v -6.847925 32.000004 -1.415105
v -6.491673 32.000004 -2.770836
v -5.897923 32.000004 -4.007816
v 4.007817 32.000004 -5.897923
v 2.770836 32.000004 -6.491673
v 1.415106 32.000004 -6.847924
v 0.000000 32.000004 -6.966674
v -1.415106 32.000004 -6.847924
v -2.770837 32.000004 -6.491673
v -4.007817 32.000004 -5.897923
v -4.007816 32.000000 5.897923
v -2.770836 32.000004 6.491674
v -1.415106 32.000000 6.847925
v 0.000000 32.000004 6.966676
v 1.415106 32.000004 6.847925
v 2.770837 32.000004 6.491674
v 4.007817 32.000004 5.897924
v 5.897923 32.000004 4.007817
v 6.491673 32.000004 2.770837
v 6.847925 32.000004 1.415106
v 6.966674 32.000004 0.000001
v 6.847925 32.000004 -1.415105
v 6.491673 32.000004 -2.770836
v 5.897923 32.000004 -4.007816
v 4.433753 27.999998 -4.433752
v 3.800833 24.000004 -3.800833
v 3.167914 20.000004 -3.167914
v 2.534994 16.000002 -2.534994
v 1.902075 12.000002 -1.902075
v 1.269156 8.000001 -1.269156
v 0.636236 4.000000 -0.636236
v 0.003861 -0.000000 0.002624
v 0.004250 -0.000000 0.001814
v 0.004483 -0.000000 0.000926
v 0.004561 -0.000000 0.000000
v 0.004483 0.000000 -0.000926
v 0.004250 0.000000 -0.001814
v 0.003861 0.000000 -0.002624
v -0.002624 0.000000 -0.003861
v -0.001814 0.000000 -0.004250
v -0.000926 0.000000 -0.004483
v 0.000000 0.000000 -0.004561
v 0.000926 0.000000 -0.004483
v 0.001814 0.000000 -0.004250
v 0.002624 0.000000 -0.003861
v 0.002624 -0.000000 0.003861
v 0.001814 -0.000000 0.004250
v 0.000926 -0.000000 0.004483
v -0.000000 -0.000000 0.004561
v -0.000926 -0.000000 0.004483
v -0.001814 -0.000000 0.004250
v -0.002624 -0.000000 0.003861
v -0.636236 4.000000 0.636236
v -1.269156 8.000001 1.269156
v -1.902075 12.000001 1.902076
v -2.534995 16.000002 2.534995
v -3.167914 20.000002 3.167915
v -3.800833 24.000004 3.800834
v -4.433753 28.000004 4.433753
v 4.433753 27.999998 4.433753
v 3.800834 24.000004 3.800834
v 3.167914 20.000004 3.167915
v 2.534994 16.000002 2.534995
v 1.902075 12.000002 1.902076
v 1.269156 8.000001 1.269156
v 0.636236 4.000000 0.636236
v -4.433753 28.000002 -4.433752
v -3.800833 24.000004 -3.800833
v -3.167914 20.000000 -3.167914
v -2.534995 16.000002 -2.534994
v -1.902075 12.000000 -1.902075
v -1.269156 8.000001 -1.269156
v -0.636236 4.000000 -0.636236
v 5.161165 27.999998 -3.507167
v 5.680746 28.000004 -2.424708
v 5.992494 28.000000 -1.238333
v 6.096410 28.000004 0.000001
v 5.992494 28.000000 1.238334
v 5.680745 27.999998 2.424709
v 5.161165 27.999998 3.507168
v 4.424407 24.000004 -3.006518
v 4.869817 24.000004 -2.078580
v 5.137064 24.000004 -1.061560
v 5.226145 24.000004 0.000001
v 5.137064 24.000004 1.061561
v 4.869817 24.000004 2.078581
v 4.424407 24.000004 3.006519
v 3.687649 19.999996 -2.505869
v 4.058889 20.000004 -1.732453
v 4.281634 19.999996 -0.884788
v 4.355882 20.000004 0.000000
v 4.281633 19.999996 0.884789
v 4.058889 20.000004 1.732453
v 3.687650 19.999996 2.505870
v 2.950892 16.000002 -2.005220
v 3.247962 16.000002 -1.386325
v 3.426203 16.000002 -0.708016
v 3.485617 16.000002 0.000000
v 3.426203 16.000002 0.708016
v 3.247962 16.000002 1.386326
v 2.950892 16.000002 2.005221
v 2.214134 12.000000 -1.504571
v 2.437034 12.000002 -1.040197
v 2.570774 12.000000 -0.531243
v 2.615353 12.000002 0.000000
v 2.570774 12.000000 0.531244
v 2.437034 12.000002 1.040198
v 2.214134 12.000000 1.504571
v 1.477377 8.000001 -1.003922
v 1.626106 8.000001 -0.694069
v 1.715343 8.000001 -0.354471
v 1.745089 8.000001 0.000000
v 1.715343 8.000001 0.354471
v 1.626106 8.000001 0.694070
v 1.477377 8.000001 1.003922
v 0.740619 4.000000 -0.503273
v 0.815178 4.000000 -0.347942
v 0.859913 4.000000 -0.177699
v 0.874825 4.000000 0.000000
v 0.859913 4.000000 0.177699
v 0.815178 4.000000 0.347942
v 0.740619 4.000000 0.503273
v -0.740619 4.000000 -0.503273
v -0.815178 4.000000 -0.347942
v -0.859913 4.000000 -0.177699
v -0.874825 4.000000 0.000000
v -0.859913 4.000000 0.177699
v -0.815178 4.000001 0.347942
v -0.740619 4.000000 0.503273
v -1.477376 8.000000 -1.003922
v -1.626106 8.000001 -0.694069
v -1.715343 8.000000 -0.354471
v -1.745089 8.000001 0.000000
v -1.715343 8.000001 0.354471
v -1.626106 8.000001 0.694070
v -1.477377 8.000001 1.003922
v -2.214134 12.000001 -1.504571
v -2.437034 12.000000 -1.040197
v -2.570773 12.000001 -0.531243
v -2.615353 12.000001 0.000000
v -2.570773 12.000000 0.531244
v -2.437034 12.000001 1.040197
v -2.214134 12.000000 1.504571
v -2.950892 16.000002 -2.005220
v -3.247962 16.000002 -1.386325
v -3.426203 16.000002 -0.708016
v -3.485618 16.000002 0.000000
v -3.426204 16.000000 0.708016
v -3.247962 16.000000 1.386326
v -2.950892 16.000000 2.005221
v -3.687649 20.000002 -2.505869
v -4.058889 20.000000 -1.732453
v -4.281633 20.000002 -0.884788
v -4.355882 20.000002 0.000000
v -4.281633 20.000002 0.884789
v -4.058890 20.000002 1.732453
v -3.687650 20.000000 2.505870
v -4.424407 24.000004 -3.006518
v -4.869818 24.000002 -2.078580
v -5.137064 24.000002 -1.061560
v -5.226146 24.000004 0.000001
v -5.137064 24.000004 1.061561
v -4.869818 24.000000 2.078581
v -4.424407 24.000002 3.006519
v -5.161165 28.000002 -3.507167
v -5.680746 28.000004 -2.424708
v -5.992494 28.000000 -1.238333
v -6.096410 28.000004 0.000001
v -5.992494 28.000004 1.238334
v -5.680746 28.000002 2.424709
v -5.161165 28.000002 3.507168
v 3.507168 28.000002 -5.161165
v 3.006519 24.000004 -4.424407
v 2.505869 20.000000 -3.687649
v 2.005220 16.000002 -2.950891
v 1.504571 12.000001 -2.214134
v 1.003922 8.000001 -1.477376
v 0.503273 4.000000 -0.740619
v 2.424709 28.000004 -5.680746
v 2.078581 24.000006 -4.869817
v 1.732453 20.000002 -4.058889
v 1.386325 16.000002 -3.247961
v 1.040197 12.000001 -2.437034
v 0.694069 8.000001 -1.626105
v 0.347942 4.000000 -0.815178
v 1.238333 28.000000 -5.992493
v 1.061561 24.000004 -5.137064
v 0.884788 20.000000 -4.281633
v 0.708016 16.000002 -3.426203
v 0.531244 12.000001 -2.570773
v 0.354471 8.000001 -1.715343
v 0.177699 4.000000 -0.859913
v -0.000000 28.000004 -6.096409
v 0.000000 24.000006 -5.226145
v -0.000000 20.000002 -4.355881
v -0.000000 16.000002 -3.485617
v -0.000000 12.000001 -2.615353
v -0.000000 8.000001 -1.745089
v -0.000000 4.000000 -0.874825
v -1.238333 28.000000 -5.992494
v -1.061561 24.000004 -5.137064
v -0.884788 20.000000 -4.281633
v -0.708016 16.000002 -3.426203
v -0.531244 12.000001 -2.570773
v -0.354471 8.000001 -1.715343
v -0.177699 4.000000 -0.859913
v -2.424709 28.000002 -5.680745
v -2.078581 24.000006 -4.869817
v -1.732453 20.000002 -4.058889
v -1.386325 16.000002 -3.247962
v -1.040197 12.000001 -2.437034
v -0.694070 8.000001 -1.626106
v -0.347942 4.000000 -0.815178
v -3.507168 28.000002 -5.161165
v -3.006519 24.000004 -4.424407
v -2.505869 20.000000 -3.687649
v -2.005220 16.000002 -2.950892
v -1.504571 12.000001 -2.214134
v -1.003922 8.000001 -1.477376
v -0.503273 4.000000 -0.740619
v -3.507167 28.000004 5.161166
v -3.006519 24.000004 4.424408
v -2.505869 20.000002 3.687650
v -2.005220 16.000002 2.950893
v -1.504571 12.000000 2.214134
v -1.003922 8.000001 1.477377
v -0.503273 4.000000 0.740619
v -2.424709 28.000000 5.680747
v -2.078581 24.000002 4.869818
v -1.732453 20.000002 4.058890
v -1.386325 16.000002 3.247962
v -1.040197 12.000001 2.437034
v -0.694069 8.000001 1.626106
v -0.347942 4.000000 0.815178
v -1.238333 28.000002 5.992495
v -1.061561 24.000002 5.137064
v -0.884788 20.000002 4.281635
v -0.708016 16.000002 3.426204
v -0.531244 12.000000 2.570774
v -0.354471 8.000001 1.715344
v -0.177699 4.000000 0.859913
v 0.000000 28.000004 6.096411
v -0.000000 24.000006 5.226146
v 0.000000 20.000002 4.355882
v 0.000000 16.000002 3.485618
v 0.000000 12.000001 2.615353
v 0.000000 8.000001 1.745089
v 0.000000 4.000000 0.874825
v 1.238333 28.000000 5.992495
v 1.061561 24.000004 5.137064
v 0.884788 20.000000 4.281634
v 0.708016 16.000002 3.426204
v 0.531244 12.000001 2.570774
v 0.354471 8.000001 1.715343
v 0.177699 4.000000 0.859913
v 2.424709 28.000002 5.680747
v 2.078581 24.000006 4.869819
v 1.732453 20.000002 4.058890
v 1.386325 16.000002 3.247962
v 1.040197 12.000001 2.437034
v 0.694070 8.000001 1.626106
v 0.347942 4.000000 0.815178
v 3.507168 28.000002 5.161166
v 3.006519 24.000004 4.424408
v 2.505869 20.000000 3.687650
v 2.005220 16.000002 2.950892
v 1.504571 12.000001 2.214134
v 1.003922 8.000001 1.477377
v 0.503273 4.000000 0.740619
v -0.003142 0.000000 -0.003142
v -0.003142 -0.000000 0.003142
v -4.800005 32.000004 -4.800004
v -4.800005 32.000004 4.800006
v 0.003142 0.000000 -0.003142
v 0.003142 -0.000000 0.003142
v 4.800005 32.000004 -4.800004
v 4.800005 32.000004 4.800006
v -0.003658 0.000000 -0.002486
v -0.004026 0.000000 -0.001718
v -0.004247 0.000000 -0.000878
v -0.004321 0.000000 0.000000
v -0.004247 -0.000000 0.000878
v -0.004026 -0.000000 0.001718
v -0.003658 -0.000000 0.002486
v -5.587506 32.000000 3.796880
v -6.150007 32.000004 2.625004
v -6.487507 32.000000 1.340627
v -6.600008 32.000004 0.000001
v -6.487508 32.000004 -1.340626
v -6.150007 32.000004 -2.625002
v -5.587506 32.000004 -3.796879
v 3.796879 32.000004 -5.587506
v 2.625003 32.000004 -6.150006
v 1.340626 32.000004 -6.487507
v 0.000000 32.000004 -6.600007
v -1.340626 32.000004 -6.487507
v -2.625003 32.000004 -6.150006
v -3.796879 32.000004 -5.587506
v -3.796879 32.000000 5.587507
v -2.625003 32.000004 6.150008
v -1.340626 32.000000 6.487508
v 0.000000 32.000004 6.600008
v 1.340626 32.000004 6.487508
v 2.625003 32.000004 6.150008
v 3.796879 32.000004 5.587507
v 5.587506 32.000004 3.796880
v 6.150007 32.000004 2.625004
v 6.487508 32.000004 1.340627
v 6.600008 32.000004 0.000001
v 6.487508 32.000004 -1.340626
v 6.150007 32.000004 -2.625002
v 5.587506 32.000004 -3.796879
v 4.200397 27.999998 -4.200397
v 3.600790 24.000004 -3.600789
v 3.001182 20.000004 -3.001182
v 2.401574 16.000002 -2.401573
v 1.801966 12.000002 -1.801966
v 1.202358 8.000001 -1.202358
v 0.602750 4.000000 -0.602750
v 0.003658 -0.000000 0.002486
v 0.004026 -0.000000 0.001718
v 0.004247 -0.000000 0.000878
v 0.004321 -0.000000 0.000000
v 0.004247 0.000000 -0.000878
v 0.004026 0.000000 -0.001718
v 0.003658 0.000000 -0.002486
v -0.002486 0.000000 -0.003658
v -0.001718 0.000000 -0.004026
v -0.000878 0.000000 -0.004247
v 0.000000 0.000000 -0.004321
v 0.000878 0.000000 -0.004247
v 0.001718 0.000000 -0.004026
v 0.002486 0.000000 -0.003658
v 0.002486 -0.000000 0.003658
v 0.001718 -0.000000 0.004026
v 0.000878 -0.000000 0.004247
v -0.000000 -0.000000 0.004321
v -0.000878 -0.000000 0.004247
v -0.001718 -0.000000 0.004026
v -0.002486 -0.000000 0.003658
v -0.602750 4.000000 0.602750
v -1.202358 8.000001 1.202358
v -1.801966 12.000001 1.801966
v -2.401574 16.000002 2.401574
v -3.001182 20.000002 3.001182
v -3.600790 24.000004 3.600790
v -4.200398 28.000004 4.200398
v 4.200397 27.999998 4.200398
v 3.600790 24.000004 3.600790
v 3.001182 20.000004 3.001182
v 2.401574 16.000002 2.401574
v 1.801966 12.000002 1.801966
v 1.202358 8.000001 1.202358
v 0.602750 4.000000 0.602750
v -4.200397 28.000002 -4.200397
v -3.600790 24.000004 -3.600789
v -3.001182 20.000000 -3.001182
v -2.401574 16.000002 -2.401574
v -1.801966 12.000000 -1.801966
v -1.202358 8.000001 -1.202358
v -0.602750 4.000000 -0.602750
v 4.889525 27.999998 -3.322579
v 5.381760 28.000004 -2.297092
v 5.677100 28.000000 -1.173157
v 5.775547 28.000004 0.000001
v 5.677100 28.000000 1.173158
v 5.381759 27.999998 2.297093
v 4.889525 27.999998 3.322580
v 4.191544 24.000004 -2.848281
v 4.613511 24.000004 -1.969181
v 4.866692 24.000004 -1.005689
v 4.951085 24.000004 0.000000
v 4.866692 24.000004 1.005690
v 4.613511 24.000004 1.969182
v 4.191544 24.000004 2.848281
v 3.493563 19.999996 -2.373981
v 3.845264 20.000004 -1.641271
v 4.056285 19.999996 -0.838220
v 4.126625 20.000004 0.000000
v 4.056284 19.999996 0.838221
v 3.845264 20.000004 1.641272
v 3.493563 19.999996 2.373982
v 2.795582 16.000002 -1.899682
v 3.077016 16.000002 -1.313360
v 3.245877 16.000002 -0.670752
v 3.302164 16.000002 0.000000
v 3.245877 16.000002 0.670752
v 3.077016 16.000002 1.313361
v 2.795582 16.000002 1.899683
v 2.097601 12.000000 -1.425383
v 2.308769 12.000002 -0.985450
v 2.435470 12.000000 -0.503283
v 2.477703 12.000002 0.000000
v 2.435470 12.000000 0.503284
v 2.308769 12.000002 0.985451
v 2.097601 12.000000 1.425384
v 1.399620 8.000001 -0.951084
v 1.540521 8.000001 -0.657539
v 1.625062 8.000001 -0.335815
v 1.653242 8.000001 0.000000
v 1.625062 8.000001 0.335815
v 1.540521 8.000001 0.657540
v 1.399620 8.000001 0.951084
v 0.701639 4.000000 -0.476785
v 0.772274 4.000000 -0.329629
v 0.814654 4.000000 -0.168346
v 0.828782 4.000000 0.000000
v 0.814654 4.000000 0.168346
v 0.772274 4.000000 0.329629
v 0.701639 4.000000 0.476785
v -0.701639 4.000000 -0.476785
v -0.772274 4.000000 -0.329629
v -0.814655 4.000000 -0.168346
v -0.828782 4.000000 0.000000
v -0.814655 4.000000 0.168346
v -0.772274 4.000001 0.329629
v -0.701639 4.000000 0.476785
v -1.399620 8.000000 -0.951084
v -1.540521 8.000001 -0.657539
v -1.625062 8.000000 -0.335815
v -1.653242 8.000001 0.000000
v -1.625062 8.000001 0.335815
v -1.540521 8.000001 0.657540
v -1.399620 8.000001 0.951084
v -2.097601 12.000001 -1.425383
v -2.308769 12.000000 -0.985450
v -2.435470 12.000001 -0.503283
v -2.477703 12.000001 0.000000
v -2.435469 12.000000 0.503284
v -2.308769 12.000001 0.985450
v -2.097601 12.000000 1.425383
v -2.795582 16.000002 -1.899682
v -3.077016 16.000002 -1.313360
v -3.245877 16.000002 -0.670752
v -3.302164 16.000002 0.000000
v -3.245877 16.000000 0.670752
v -3.077016 16.000000 1.313361
v -2.795582 16.000000 1.899683
v -3.493563 20.000002 -2.373981
v -3.845264 20.000000 -1.641271
v -4.056284 20.000002 -0.838220
v -4.126625 20.000002 0.000000
v -4.056284 20.000002 0.838221
v -3.845264 20.000002 1.641272
v -3.493563 20.000000 2.373982
v -4.191544 24.000004 -2.848280
v -4.613512 24.000002 -1.969181
v -4.866692 24.000002 -1.005689
v -4.951086 24.000004 0.000000
v -4.866692 24.000004 1.005690
v -4.613512 24.000000 1.969182
v -4.191544 24.000002 2.848281
v -4.889525 28.000002 -3.322579
v -5.381760 28.000004 -2.297092
v -5.677100 28.000000 -1.173157
v -5.775547 28.000004 0.000001
v -5.677100 28.000004 1.173159
v -5.381759 28.000002 2.297093
v -4.889525 28.000002 3.322581
v 3.322580 28.000002 -4.889525
v 2.848281 24.000004 -4.191544
v 2.373981 20.000000 -3.493562
v 1.899683 16.000002 -2.795581
v 1.425383 12.000001 -2.097601
v 0.951084 8.000001 -1.399620
v 0.476785 4.000000 -0.701639
v 2.297092 28.000004 -5.381759
v 1.969182 24.000006 -4.613511
v 1.641271 20.000002 -3.845263
v 1.313361 16.000002 -3.077016
v 0.985450 12.000001 -2.308769
v 0.657539 8.000001 -1.540521
v 0.329629 4.000000 -0.772274
v 1.173158 28.000000 -5.677099
v 1.005689 24.000004 -4.866692
v 0.838221 20.000000 -4.056284
v 0.670752 16.000002 -3.245877
v 0.503283 12.000001 -2.435469
v 0.335815 8.000001 -1.625062
v 0.168346 4.000000 -0.814654
v -0.000000 28.000004 -5.775546
v 0.000000 24.000006 -4.951085
v -0.000000 20.000002 -4.126625
v -0.000000 16.000002 -3.302164
v -0.000000 12.000001 -2.477703
v -0.000000 8.000001 -1.653242
v -0.000000 4.000000 -0.828781
v -1.173158 28.000000 -5.677100
v -1.005689 24.000004 -4.866692
v -0.838221 20.000000 -4.056284
v -0.670752 16.000002 -3.245877
v -0.503283 12.000001 -2.435470
v -0.335815 8.000001 -1.625062
v -0.168346 4.000000 -0.814654
v -2.297092 28.000002 -5.381758
v -1.969182 24.000006 -4.613511
v -1.641271 20.000002 -3.845263
v -1.313361 16.000002 -3.077016
v -0.985450 12.000001 -2.308769
v -0.657540 8.000001 -1.540521
v -0.329629 4.000000 -0.772274
v -3.322580 28.000002 -4.889525
v -2.848281 24.000004 -4.191544
v -2.373982 20.000000 -3.493563
v -1.899682 16.000002 -2.795582
v -1.425383 12.000001 -2.097601
v -0.951084 8.000001 -1.399620
v -0.476785 4.000000 -0.701639
v -3.322580 28.000004 4.889526
v -2.848281 24.000004 4.191545
v -2.373982 20.000002 3.493564
v -1.899682 16.000002 2.795583
v -1.425383 12.000000 2.097601
v -0.951084 8.000001 1.399620
v -0.476785 4.000000 0.701639
v -2.297092 28.000000 5.381760
v -1.969182 24.000002 4.613512
v -1.641271 20.000002 3.845264
v -1.313361 16.000002 3.077017
v -0.985450 12.000001 2.308769
v -0.657539 8.000001 1.540522
v -0.329629 4.000000 0.772274
v -1.173158 28.000002 5.677101
v -1.005689 24.000002 4.866693
v -0.838221 20.000002 4.056286
v -0.670752 16.000002 3.245877
v -0.503283 12.000000 2.435470
v -0.335815 8.000001 1.625062
v -0.168346 4.000000 0.814655
v 0.000000 28.000004 5.775548
v -0.000000 24.000006 4.951086
v 0.000000 20.000002 4.126626
v 0.000000 16.000002 3.302164
v 0.000000 12.000001 2.477703
v 0.000000 8.000001 1.653242
v 0.000000 4.000000 0.828782
v 1.173158 28.000000 5.677100
v 1.005689 24.000004 4.866693
v 0.838221 20.000000 4.056285
v 0.670752 16.000002 3.245878
v 0.503283 12.000001 2.435470
v 0.335815 8.000001 1.625062
v 0.168346 4.000000 0.814655
v 2.297092 28.000002 5.381760
v 1.969182 24.000006 4.613513
v 1.641271 20.000002 3.845265
v 1.313361 16.000002 3.077017
v 0.985450 12.000001 2.308769
v 0.657540 8.000001 1.540522
v 0.329629 4.000000 0.772274
v 3.322580 28.000002 4.889526
v 2.848281 24.000004 4.191545
v 2.373982 20.000000 3.493563
v 1.899682 16.000002 2.795583
v 1.425383 12.000001 2.097601
v 0.951084 8.000001 1.399620
v 0.476785 4.000000 0.701639
v -0.002968 0.000000 -0.002968
v -0.002968 -0.000000 0.002968
v -4.533339 32.000004 -4.533338
v -4.533339 32.000004 4.533339
v 0.002968 0.000000 -0.002968
v 0.002968 -0.000000 0.002968
v 4.533339 32.000004 -4.533338
v 4.533339 32.000004 4.533339
v -0.003455 0.000000 -0.002347
v -0.003802 0.000000 -0.001623
v -0.004011 0.000000 -0.000829
v -0.004081 0.000000 0.000000
v -0.004011 -0.000000 0.000829
v -0.003802 -0.000000 0.001623
v -0.003455 -0.000000 0.002347
v -5.277089 32.000000 3.585942
v -5.808340 32.000004 2.479170
v -6.127090 32.000000 1.266148
v -6.233341 32.000004 0.000001
v -6.127091 32.000004 -1.266147
v -5.808340 32.000004 -2.479169
v -5.277090 32.000004 -3.585941
v 3.585942 32.000004 -5.277090
v 2.479170 32.000004 -5.808339
v 1.266147 32.000004 -6.127090
v 0.000000 32.000004 -6.233340
v -1.266147 32.000004 -6.127090
v -2.479170 32.000004 -5.808339
v -3.585942 32.000004 -5.277089
v -3.585941 32.000000 5.277090
v -2.479170 32.000004 5.808341
v -1.266147 32.000000 6.127091
v 0.000000 32.000004 6.233342
v 1.266147 32.000004 6.127091
v 2.479170 32.000004 5.808341
v 3.585942 32.000004 5.277091
v 5.277090 32.000004 3.585942
v 5.808340 32.000004 2.479170
v 6.127091 32.000004 1.266148
v 6.233341 32.000004 0.000001
v 6.127091 32.000004 -1.266147
v 5.808340 32.000004 -2.479169
v 5.277090 32.000004 -3.585941
v 3.967042 27.999998 -3.967042
v 3.400746 24.000004 -3.400745
v 2.834450 20.000004 -2.834449
v 2.268153 16.000002 -2.268153
v 1.701857 12.000002 -1.701857
v 1.135561 8.000001 -1.135560
v 0.569264 4.000000 -0.569264
v 0.003455 -0.000000 0.002347
v 0.003802 -0.000000 0.001623
v 0.004011 -0.000000 0.000829
v 0.004081 -0.000000 0.000000
v 0.004011 0.000000 -0.000829
v 0.003802 0.000000 -0.001623
v 0.003455 0.000000 -0.002347
v -0.002347 0.000000 -0.003455
v -0.001623 0.000000 -0.003802
v -0.000829 0.000000 -0.004011
v 0.000000 0.000000 -0.004081
v 0.000829 0.000000 -0.004011
v 0.001623 0.000000 -0.003802
v 0.002347 0.000000 -0.003455
v 0.002347 -0.000000 0.003455
v 0.001623 -0.000000 0.003802
v 0.000829 -0.000000 0.004011
v -0.000000 -0.000000 0.004081
v -0.000829 -0.000000 0.004011
v -0.001623 -0.000000 0.003802
v -0.002347 -0.000000 0.003455
v -0.569264 4.000000 0.569264
v -1.135561 8.000001 1.135561
v -1.701857 12.000001 1.701857
v -2.268153 16.000002 2.268154
v -2.834450 20.000002 2.834450
v -3.400746 24.000004 3.400747
v -3.967042 28.000004 3.967043
v 3.967042 27.999998 3.967042
v 3.400746 24.000004 3.400746
v 2.834450 20.000004 2.834450
v 2.268153 16.000002 2.268153
v 1.701857 12.000002 1.701857
v 1.135561 8.000001 1.135561
v 0.569264 4.000000 0.569264
v -3.967042 28.000002 -3.967042
v -3.400746 24.000004 -3.400745
v -2.834450 20.000000 -2.834449
v -2.268153 16.000002 -2.268153
v -1.701857 12.000000 -1.701857
v -1.135560 8.000001 -1.135560
v -0.569264 4.000000 -0.569264
v 4.617885 27.999998 -3.137992
v 5.082773 28.000004 -2.169476
v 5.361706 28.000000 -1.107982
v 5.454683 28.000004 0.000001
v 5.361706 28.000000 1.107983
v 5.082772 27.999998 2.169477
v 4.617885 27.999998 3.137993
v 3.958681 24.000004 -2.690043
v 4.357205 24.000004 -1.859782
v 4.596321 24.000004 -0.949817
v 4.676025 24.000004 0.000000
v 4.596321 24.000004 0.949818
v 4.357205 24.000004 1.859784
v 3.958681 24.000004 2.690044
v 3.299476 19.999996 -2.242094
v 3.631638 20.000004 -1.550089
v 3.830936 19.999996 -0.791653
v 3.897368 20.000004 0.000000
v 3.830935 19.999996 0.791653
v 3.631638 20.000004 1.550090
v 3.299477 19.999996 2.242094
v 2.640272 16.000002 -1.794144
v 2.906071 16.000002 -1.240396
v 3.065550 16.000002 -0.633488
v 3.118710 16.000002 0.000000
v 3.065551 16.000002 0.633488
v 2.906071 16.000002 1.240397
v 2.640272 16.000002 1.794145
v 1.981068 12.000000 -1.346195
v 2.180504 12.000002 -0.930703
v 2.300166 12.000000 -0.475323
v 2.340053 12.000002 0.000000
v 2.300166 12.000000 0.475324
v 2.180504 12.000002 0.930703
v 1.981068 12.000000 1.346196
v 1.321863 8.000001 -0.898246
v 1.454937 8.000001 -0.621010
v 1.534781 8.000001 -0.317158
v 1.561396 8.000001 0.000000
v 1.534781 8.000001 0.317159
v 1.454937 8.000001 0.621010
v 1.321863 8.000001 0.898246
v 0.662659 4.000000 -0.450297
v 0.729370 4.000000 -0.311316
v 0.769396 4.000000 -0.158994
v 0.782738 4.000000 0.000000
v 0.769396 4.000000 0.158994
v 0.729370 4.000000 0.311316
v 0.662659 4.000000 0.450297
v -0.662659 4.000000 -0.450297
v -0.729370 4.000000 -0.311316
v -0.769396 4.000000 -0.158994
v -0.782738 4.000000 0.000000
v -0.769396 4.000000 0.158994
v -0.729370 4.000001 0.311316
v -0.662659 4.000000 0.450297
v -1.321863 8.000000 -0.898246
v -1.454937 8.000001 -0.621009
v -1.534781 8.000000 -0.317158
v -1.561396 8.000001 0.000000
v -1.534781 8.000001 0.317159
v -1.454937 8.000001 0.621010
v -1.321863 8.000001 0.898246
v -1.981068 12.000001 -1.346195
v -2.180504 12.000000 -0.930703
v -2.300166 12.000001 -0.475323
v -2.340053 12.000001 0.000000
v -2.300166 12.000000 0.475324
v -2.180504 12.000001 0.930703
v -1.981068 12.000000 1.346195
v -2.640272 16.000002 -1.794145
v -2.906071 16.000002 -1.240396
v -3.065551 16.000002 -0.633488
v -3.118711 16.000002 0.000000
v -3.065551 16.000000 0.633488
v -2.906071 16.000000 1.240397
v -2.640272 16.000000 1.794145
v -3.299476 20.000002 -2.242094
v -3.631638 20.000000 -1.550089
v -3.830935 20.000002 -0.791653
v -3.897368 20.000002 0.000000
v -3.830935 20.000002 0.791653
v -3.631639 20.000002 1.550090
v -3.299477 20.000000 2.242094
v -3.958681 24.000004 -2.690043
v -4.357205 24.000002 -1.859783
v -4.596321 24.000002 -0.949817
v -4.676026 24.000004 0.000000
v -4.596321 24.000004 0.949818
v -4.357205 24.000000 1.859783
v -3.958681 24.000002 2.690044
v -4.617885 28.000002 -3.137992
v -5.082773 28.000004 -2.169476
v -5.361705 28.000000 -1.107982
v -5.454683 28.000004 0.000001
v -5.361706 28.000004 1.107983
v -5.082773 28.000002 2.169477
v -4.617885 28.000002 3.137993
v 3.137993 28.000002 -4.617885
v 2.690043 24.000004 -3.958680
v 2.242094 20.000000 -3.299476
v 1.794145 16.000002 -2.640271
v 1.346195 12.000001 -1.981068
v 0.898246 8.000001 -1.321863
v 0.450297 4.000000 -0.662659
v 2.169476 28.000004 -5.082773
v 1.859783 24.000006 -4.357205
v 1.550090 20.000002 -3.631638
v 1.240396 16.000002 -2.906071
v 0.930703 12.000001 -2.180504
v 0.621010 8.000001 -1.454937
v 0.311316 4.000000 -0.729369
v 1.107982 28.000000 -5.361705
v 0.949818 24.000004 -4.596320
v 0.791653 20.000000 -3.830935
v 0.633488 16.000002 -3.065550
v 0.475323 12.000001 -2.300166
v 0.317158 8.000001 -1.534781
v 0.158994 4.000000 -0.769396
v -0.000000 28.000004 -5.454683
v 0.000000 24.000006 -4.676025
v -0.000000 20.000002 -3.897368
v -0.000000 16.000002 -3.118710
v -0.000000 12.000001 -2.340053
v -0.000000 8.000001 -1.561395
v -0.000000 4.000000 -0.782738
v -1.107983 28.000000 -5.361705
v -0.949818 24.000004 -4.596321
v -0.791653 20.000000 -3.830935
v -0.633488 16.000002 -3.065551
v -0.475323 12.000001 -2.300166
v -0.317158 8.000001 -1.534781
v -0.158994 4.000000 -0.769396
v -2.169476 28.000002 -5.082772
v -1.859783 24.000006 -4.357205
v -1.550090 20.000002 -3.631638
v -1.240396 16.000002 -2.906071
v -0.930703 12.000001 -2.180504
v -0.621010 8.000001 -1.454937
v -0.311316 4.000000 -0.729370
v -3.137992 28.000002 -4.617885
v -2.690043 24.000004 -3.958680
v -2.242094 20.000000 -3.299476
v -1.794145 16.000002 -2.640272
v -1.346195 12.000001 -1.981068
v -0.898246 8.000001 -1.321863
v -0.450297 4.000000 -0.662659
v -3.137992 28.000004 4.617886
v -2.690043 24.000004 3.958681
v -2.242094 20.000002 3.299477
v -1.794144 16.000002 2.640273
v -1.346195 12.000000 1.981068
v -0.898246 8.000001 1.321864
v -0.450297 4.000000 0.662659
v -2.169476 28.000000 5.082774
v -1.859783 24.000002 4.357206
v -1.550090 20.000002 3.631639
v -1.240396 16.000002 2.906072
v -0.930703 12.000001 2.180504
v -0.621010 8.000001 1.454937
v -0.311316 4.000000 0.729370
v -1.107983 28.000002 5.361707
v -0.949818 24.000002 4.596322
v -0.791653 20.000002 3.830937
v -0.633488 16.000002 3.065551
v -0.475323 12.000000 2.300166
v -0.317158 8.000001 1.534781
v -0.158994 4.000000 0.769396
v 0.000000 28.000004 5.454684
v -0.000000 24.000006 4.676026
v 0.000000 20.000002 3.897368
v 0.000000 16.000002 3.118711
v 0.000000 12.000001 2.340053
v 0.000000 8.000001 1.561396
v 0.000000 4.000000 0.782738
v 1.107983 28.000000 5.361706
v 0.949818 24.000004 4.596322
v 0.791653 20.000000 3.830936
v 0.633488 16.000002 3.065551
v 0.475323 12.000001 2.300166
v 0.317158 8.000001 1.534781
v 0.158994 4.000000 0.769396
v 2.169476 28.000002 5.082774
v 1.859783 24.000006 4.357206
v 1.550090 20.000002 3.631639
v 1.240396 16.000002 2.906072
v 0.930703 12.000001 2.180504
v 0.621010 8.000001 1.454937
v 0.311316 4.000000 0.729370
v 3.137992 28.000002 4.617886
v 2.690043 24.000004 3.958681
v 2.242094 20.000000 3.299477
v 1.794145 16.000002 2.640272
v 1.346195 12.000001 1.981068
v 0.898246 8.000001 1.321864
v 0.450297 4.000000 0.662659
v -0.002793 0.000000 -0.002793
v -0.002793 -0.000000 0.002793
v -4.266672 32.000004 -4.266671
v -4.266672 32.000004 4.266673
v 0.002793 0.000000 -0.002793
v 0.002793 -0.000000 0.002793
v 4.266672 32.000004 -4.266671
v 4.266672 32.000004 4.266673
v -0.003251 0.000000 -0.002209
v -0.003579 0.000000 -0.001527
v -0.003775 0.000000 -0.000780
v -0.003841 0.000000 0.000000
v -0.003775 -0.000000 0.000780
v -0.003579 -0.000000 0.001527
v -0.003251 -0.000000 0.002209
v -4.966672 32.000000 3.375005
v -5.466673 32.000004 2.333337
v -5.766673 32.000000 1.191669
v -5.866674 32.000004 0.000001
v -5.766674 32.000004 -1.191668
v -5.466673 32.000004 -2.333336
v -4.966673 32.000004 -3.375004
v 3.375004 32.000004 -4.966673
v 2.333336 32.000004 -5.466672
v 1.191668 32.000004 -5.766673
v 0.000000 32.000004 -5.866673
v -1.191668 32.000004 -5.766673
v -2.333336 32.000004 -5.466672
v -3.375004 32.000004 -4.966672
v -3.375004 32.000000 4.966673
v -2.333336 32.000004 5.466674
v -1.191668 32.000000 5.766674
v 0.000000 32.000004 5.866675
v 1.191668 32.000004 5.766675
v 2.333336 32.000004 5.466674
v 3.375004 32.000004 4.966673
v 4.966673 32.000004 3.375005
v 5.466673 32.000004 2.333337
v 5.766674 32.000004 1.191669
v 5.866674 32.000004 0.000001
v 5.766674 32.000004 -1.191668
v 5.466673 32.000004 -2.333336
v 4.966673 32.000004 -3.375004
v 3.733687 27.999998 -3.733686
v 3.200702 24.000004 -3.200702
v 2.667717 20.000004 -2.667717
v 2.134732 16.000002 -2.134732
v 1.601748 12.000002 -1.601748
v 1.068763 8.000001 -1.068763
v 0.535778 4.000000 -0.535778
v 0.003251 -0.000000 0.002209
v 0.003579 -0.000000 0.001527
v 0.003775 -0.000000 0.000780
v 0.003841 -0.000000 0.000000
v 0.003775 0.000000 -0.000780
v 0.003579 0.000000 -0.001527
v 0.003251 0.000000 -0.002209
v -0.002209 0.000000 -0.003251
v -0.001527 0.000000 -0.003579
v -0.000780 0.000000 -0.003775
v 0.000000 0.000000 -0.003841
v 0.000780 0.000000 -0.003775
v 0.001527 0.000000 -0.003579
v 0.002209 0.000000 -0.003251
v 0.002209 -0.000000 0.003251
v 0.001527 -0.000000 0.003579
v 0.000780 -0.000000 0.003775
v -0.000000 -0.000000 0.003841
v -0.000780 -0.000000 0.003775
v -0.001527 -0.000000 0.003579
v -0.002209 -0.000000 0.003251
v -0.535778 4.000000 0.535778
v -1.068763 8.000001 1.068763
v -1.601748 12.000001 1.601748
v -2.134732 16.000002 2.134733
v -2.667717 20.000002 2.667718
v -3.200702 24.000004 3.200703
v -3.733687 28.000004 3.733688
v 3.733687 27.999998 3.733687
v 3.200702 24.000004 3.200702
v 2.667717 20.000004 2.667718
v 2.134732 16.000002 2.134732
v 1.601748 12.000002 1.601748
v 1.068763 8.000001 1.068763
v 0.535778 4.000000 0.535778
v -3.733687 28.000002 -3.733686
v -3.200702 24.000004 -3.200702
v -2.667717 20.000000 -2.667717
v -2.134732 16.000002 -2.134732
v -1.601748 12.000000 -1.601748
v -1.068763 8.000001 -1.068763
v -0.535778 4.000000 -0.535778
v 4.346245 27.999998 -2.953404
v 4.783787 28.000004 -2.041860
v 5.046311 28.000000 -1.042807
v 5.133820 28.000004 0.000001
v 5.046311 28.000000 1.042808
v 4.783786 27.999998 2.041861
v 4.346245 27.999998 2.953405
v 3.725817 24.000004 -2.531805
v 4.100899 24.000004 -1.750383
v 4.325949 24.000004 -0.893946
v 4.400965 24.000004 0.000000
v 4.325949 24.000004 0.893947
v 4.100899 24.000004 1.750385
v 3.725817 24.000004 2.531806
v 3.105390 19.999996 -2.110206
v 3.418013 20.000004 -1.458908
v 3.605587 19.999996 -0.745085
v 3.668111 20.000004 0.000000
v 3.605586 19.999996 0.745085
v 3.418013 20.000004 1.458908
v 3.105390 19.999996 2.110207
v 2.484962 16.000002 -1.688607
v 2.735126 16.000002 -1.167431
v 2.885224 16.000002 -0.596224
v 2.935257 16.000002 0.000000
v 2.885224 16.000002 0.596224
v 2.735126 16.000002 1.167432
v 2.484962 16.000002 1.688607
v 1.864535 12.000000 -1.267007
v 2.052239 12.000002 -0.875956
v 2.164862 12.000000 -0.447363
v 2.202403 12.000002 0.000000
v 2.164862 12.000000 0.447363
v 2.052239 12.000002 0.875956
v 1.864534 12.000000 1.267008
v 1.244107 8.000001 -0.845408
v 1.369352 8.000001 -0.584480
v 1.444500 8.000001 -0.298502
v 1.469549 8.000001 0.000000
v 1.444500 8.000001 0.298502
v 1.369352 8.000001 0.584480
v 1.244107 8.000001 0.845408
v 0.623679 4.000000 -0.423809
v 0.686466 4.000000 -0.293003
v 0.724137 4.000000 -0.149641
v 0.736695 4.000000 0.000000
v 0.724137 4.000000 0.149641
v 0.686466 4.000000 0.293004
v 0.623679 4.000000 0.423809
v -0.623679 4.000000 -0.423809
v -0.686465 4.000000 -0.293003
v -0.724137 4.000000 -0.149641
v -0.736695 4.000000 0.000000
v -0.724137 4.000000 0.149641
v -0.686466 4.000001 0.293004
v -0.623679 4.000000 0.423809
v -1.244107 8.000000 -0.845408
v -1.369352 8.000001 -0.584480
v -1.444500 8.000000 -0.298502
v -1.469549 8.000001 0.000000
v -1.444500 8.000001 0.298502
v -1.369352 8.000001 0.584480
v -1.244107 8.000001 0.845408
v -1.864534 12.000001 -1.267007
v -2.052239 12.000000 -0.875956
v -2.164862 12.000001 -0.447363
v -2.202403 12.000001 0.000000
v -2.164862 12.000000 0.447363
v -2.052239 12.000001 0.875956
v -1.864534 12.000000 1.267007
v -2.484962 16.000002 -1.688607
v -2.735126 16.000002 -1.167431
v -2.885224 16.000002 -0.596224
v -2.935257 16.000002 0.000000
v -2.885225 16.000000 0.596224
v -2.735126 16.000000 1.167432
v -2.484962 16.000000 1.688607
v -3.105389 20.000002 -2.110206
v -3.418013 20.000000 -1.458907
v -3.605587 20.000002 -0.745085
v -3.668111 20.000002 0.000000
v -3.605587 20.000002 0.745086
v -3.418013 20.000002 1.458908
v -3.105390 20.000000 2.110206
v -3.725817 24.000004 -2.531805
v -4.100900 24.000002 -1.750384
v -4.325949 24.000002 -0.893946
v -4.400966 24.000004 0.000000
v -4.325949 24.000004 0.893947
v -4.100900 24.000000 1.750384
v -3.725817 24.000002 2.531806
v -4.346245 28.000002 -2.953404
v -4.783787 28.000004 -2.041860
v -5.046311 28.000000 -1.042807
v -5.133820 28.000004 0.000000
v -5.046311 28.000004 1.042808
v -4.783786 28.000002 2.041861
v -4.346245 28.000002 2.953405
v 2.953405 28.000002 -4.346245
v 2.531806 24.000004 -3.725817
v 2.110206 20.000000 -3.105389
v 1.688607 16.000002 -2.484962
v 1.267007 12.000001 -1.864534
v 0.845408 8.000001 -1.244107
v 0.423809 4.000000 -0.623679
v 2.041860 28.000004 -4.783786
v 1.750384 24.000006 -4.100899
v 1.458908 20.000002 -3.418012
v 1.167432 16.000002 -2.735126
v 0.875956 12.000001 -2.052239
v 0.584480 8.000001 -1.369352
v 0.293004 4.000000 -0.686465
v 1.042807 28.000000 -5.046311
v 0.893946 24.000004 -4.325949
v 0.745085 20.000000 -3.605587
v 0.596224 16.000002 -2.885224
v 0.447363 12.000001 -2.164862
v 0.298502 8.000001 -1.444500
v 0.149641 4.000000 -0.724137
v -0.000000 28.000004 -5.133819
v 0.000000 24.000006 -4.400965
v -0.000000 20.000002 -3.668111
v -0.000000 16.000002 -2.935257
v -0.000000 12.000001 -2.202403
v -0.000000 8.000001 -1.469549
v -0.000000 4.000000 -0.736695
v -1.042807 28.000000 -5.046311
v -0.893946 24.000004 -4.325949
v -0.745085 20.000000 -3.605586
v -0.596224 16.000002 -2.885224
v -0.447363 12.000001 -2.164862
v -0.298502 8.000001 -1.444500
v -0.149641 4.000000 -0.724137
v -2.041860 28.000002 -4.783786
v -1.750384 24.000006 -4.100899
v -1.458908 20.000002 -3.418012
v -1.167432 16.000002 -2.735126
v -0.875956 12.000001 -2.052239
v -0.584480 8.000001 -1.369352
v -0.293004 4.000000 -0.686465
v -2.953405 28.000002 -4.346245
v -2.531806 24.000004 -3.725817
v -2.110206 20.000000 -3.105389
v -1.688607 16.000002 -2.484962
v -1.267008 12.000001 -1.864534
v -0.845408 8.000001 -1.244107
v -0.423809 4.000000 -0.623679
v -2.953404 28.000004 4.346246
v -2.531806 24.000004 3.725818
v -2.110206 20.000002 3.105390
v -1.688607 16.000002 2.484963
v -1.267007 12.000000 1.864535
v -0.845408 8.000001 1.244107
v -0.423809 4.000000 0.623679
v -2.041860 28.000000 4.783787
v -1.750384 24.000002 4.100900
v -1.458908 20.000002 3.418013
v -1.167432 16.000002 2.735126
v -0.875956 12.000001 2.052239
v -0.584480 8.000001 1.369353
v -0.293004 4.000000 0.686466
v -1.042807 28.000002 5.046312
v -0.893946 24.000002 4.325950
v -0.745085 20.000002 3.605588
v -0.596224 16.000002 2.885225
v -0.447363 12.000000 2.164862
v -0.298502 8.000001 1.444500
v -0.149641 4.000000 0.724138
v 0.000000 28.000004 5.133821
v -0.000000 24.000006 4.400966
v 0.000000 20.000002 3.668112
v 0.000000 16.000002 2.935257
v 0.000000 12.000001 2.202403
v 0.000000 8.000001 1.469549
v 0.000000 4.000000 0.736695
v 1.042807 28.000000 5.046312
v 0.893946 24.000004 4.325950
v 0.745085 20.000000 3.605587
v 0.596224 16.000002 2.885225
v 0.447363 12.000001 2.164863
v 0.298502 8.000001 1.444500
v 0.149641 4.000000 0.724137
v 2.041860 28.000002 4.783787
v 1.750384 24.000006 4.100900
v 1.458908 20.000002 3.418013
v 1.167432 16.000002 2.735126
v 0.875956 12.000001 2.052239
v 0.584480 8.000001 1.369353
v 0.293004 4.000000 0.686466
v 2.953405 28.000002 4.346246
v 2.531806 24.000004 3.725818
v 2.110206 20.000000 3.105390
v 1.688607 16.000002 2.484962
v 1.267008 12.000001 1.864535
v 0.845408 8.000001 1.244107
v 0.423809 4.000000 0.623679
v -0.002619 0.000000 -0.002619
v -0.002619 -0.000000 0.002619
v -4.000005 32.000004 -4.000004
v -4.000005 32.000004 4.000006
v 0.002619 0.000000 -0.002619
v 0.002619 -0.000000 0.002619
v 4.000005 32.000004 -4.000004
v 4.000005 32.000004 4.000006
v -0.003048 0.000000 -0.002071
v -0.003355 0.000000 -0.001432
v -0.003539 0.000000 -0.000731
v -0.003601 0.000000 0.000000
v -0.003539 -0.000000 0.000731
v -0.003355 -0.000000 0.001432
v -0.003048 -0.000000 0.002071
v -4.656256 32.000000 3.164067
v -5.125007 32.000004 2.187503
v -5.406257 32.000000 1.117190
v -5.500007 32.000004 0.000001
v -5.406257 32.000004 -1.117188
v -5.125007 32.000004 -2.187502
v -4.656256 32.000004 -3.164066
v 3.164067 32.000004 -4.656256
v 2.187503 32.000004 -5.125006
v 1.117189 32.000004 -5.406257
v 0.000000 32.000004 -5.500007
v -1.117189 32.000004 -5.406257
v -2.187503 32.000004 -5.125006
v -3.164067 32.000004 -4.656256
v -3.164066 32.000000 4.656256
v -2.187503 32.000004 5.125007
v -1.117189 32.000000 5.406257
v 0.000000 32.000004 5.500008
v 1.117189 32.000004 5.406258
v 2.187503 32.000004 5.125007
v 3.164067 32.000004 4.656257
v 4.656256 32.000004 3.164067
v 5.125007 32.000004 2.187503
v 5.406257 32.000004 1.117190
v 5.500007 32.000004 0.000001
v 5.406257 32.000004 -1.117188
v 5.125007 32.000004 -2.187502
v 4.656256 32.000004 -3.164066
v 3.500332 27.999998 -3.500331
v 3.000659 24.000004 -3.000658
v 2.500985 20.000004 -2.500985
v 2.001312 16.000002 -2.001312
v 1.501639 12.000002 -1.501639
v 1.001965 8.000001 -1.001965
v 0.502292 4.000000 -0.502292
v 0.003048 -0.000000 0.002071
v 0.003355 -0.000000 0.001432
v 0.003539 -0.000000 0.000731
v 0.003601 -0.000000 0.000000
v 0.003539 0.000000 -0.000731
v 0.003355 0.000000 -0.001432
v 0.003048 0.000000 -0.002071
v -0.002071 0.000000 -0.003048
v -0.001432 0.000000 -0.003355
v -0.000731 0.000000 -0.003539
v 0.000000 0.000000 -0.003601
v 0.000731 0.000000 -0.003539
v 0.001432 0.000000 -0.003355
v 0.002071 0.000000 -0.003048
v 0.002071 -0.000000 0.003048
v 0.001432 -0.000000 0.003355
v 0.000731 -0.000000 0.003539
v -0.000000 -0.000000 0.003601
v -0.000731 -0.000000 0.003539
v -0.001432 -0.000000 0.003355
v -0.002071 -0.000000 0.003048
v -0.502292 4.000000 0.502292
v -1.001965 8.000001 1.001965
v -1.501639 12.000001 1.501639
v -2.001312 16.000002 2.001312
v -2.500985 20.000002 2.500986
v -3.000659 24.000004 3.000659
v -3.500332 28.000004 3.500332
v 3.500332 27.999998 3.500332
v 3.000659 24.000004 3.000659
v 2.500985 20.000004 2.500986
v 2.001312 16.000002 2.001312
v 1.501639 12.000002 1.501639
v 1.001965 8.000001 1.001965
v 0.502292 4.000000 0.502292
v -3.500332 28.000002 -3.500331
v -3.000659 24.000004 -3.000658
v -2.500985 20.000000 -2.500985
v -2.001312 16.000002 -2.001312
v -1.501639 12.000000 -1.501639
v -1.001965 8.000001 -1.001965
v -0.502292 4.000000 -0.502292
v 4.074605 27.999998 -2.768816
v 4.484800 28.000004 -1.914244
v 4.730917 28.000000 -0.977631
v 4.812956 28.000004 0.000000
v 4.730917 28.000000 0.977632
v 4.484800 27.999998 1.914244
v 4.074605 27.999998 2.768817
v 3.492954 24.000004 -2.373568
v 3.844593 24.000004 -1.640985
v 4.055577 24.000004 -0.838074
v 4.125905 24.000004 0.000000
v 4.055577 24.000004 0.838075
v 3.844593 24.000004 1.640986
v 3.492954 24.000004 2.373568
v 2.911303 19.999996 -1.978318
v 3.204387 20.000004 -1.367726
v 3.380238 19.999996 -0.698517
v 3.438855 20.000004 0.000000
v 3.380237 19.999996 0.698518
v 3.204387 20.000004 1.367727
v 2.911303 19.999996 1.978319
v 2.329652 16.000002 -1.583069
v 2.564181 16.000002 -1.094467
v 2.704898 16.000002 -0.558960
v 2.751803 16.000002 0.000000
v 2.704898 16.000002 0.558960
v 2.564181 16.000002 1.094468
v 2.329652 16.000002 1.583069
v 1.748001 12.000000 -1.187819
v 1.923974 12.000002 -0.821208
v 2.029558 12.000000 -0.419403
v 2.064753 12.000002 0.000000
v 2.029558 12.000000 0.419403
v 1.923974 12.000002 0.821209
v 1.748001 12.000000 1.187820
v 1.166350 8.000001 -0.792570
v 1.283768 8.000001 -0.547950
v 1.354219 8.000001 -0.279846
v 1.377702 8.000001 0.000000
v 1.354219 8.000001 0.279846
v 1.283768 8.000001 0.547950
v 1.166350 8.000001 0.792570
v 0.584699 4.000000 -0.397321
v 0.643561 4.000000 -0.274691
v 0.678879 4.000000 -0.140288
v 0.690651 4.000000 0.000000
v 0.678879 4.000000 0.140289
v 0.643561 4.000000 0.274691
v 0.584699 4.000000 0.397321
v -0.584699 4.000000 -0.397321
v -0.643561 4.000000 -0.274691
v -0.678879 4.000000 -0.140288
v -0.690651 4.000000 0.000000
v -0.678879 4.000000 0.140289
v -0.643562 4.000001 0.274691
v -0.584699 4.000000 0.397321
v -1.166350 8.000000 -0.792570
v -1.283768 8.000001 -0.547950
v -1.354219 8.000000 -0.279846
v -1.377702 8.000001 0.000000
v -1.354219 8.000001 0.279846
v -1.283768 8.000001 0.547950
v -1.166350 8.000001 0.792570
v -1.748001 12.000001 -1.187819
v -1.923974 12.000000 -0.821208
v -2.029558 12.000001 -0.419403
v -2.064753 12.000001 0.000000
v -2.029558 12.000000 0.419403
v -1.923974 12.000001 0.821209
v -1.748001 12.000000 1.187820
v -2.329652 16.000002 -1.583069
v -2.564181 16.000002 -1.094467
v -2.704898 16.000002 -0.558960
v -2.751804 16.000002 0.000000
v -2.704898 16.000000 0.558960
v -2.564181 16.000000 1.094468
v -2.329652 16.000000 1.583069
v -2.911303 20.000002 -1.978318
v -3.204387 20.000000 -1.367726
v -3.380238 20.000002 -0.698517
v -3.438855 20.000002 0.000000
v -3.380238 20.000002 0.698518
v -3.204387 20.000002 1.367727
v -2.911303 20.000000 1.978319
v -3.492954 24.000004 -2.373567
v -3.844594 24.000002 -1.640985
v -4.055577 24.000002 -0.838074
v -4.125906 24.000004 0.000000
v -4.055577 24.000004 0.838075
v -3.844594 24.000000 1.640985
v -3.492954 24.000002 2.373568
v -4.074605 28.000002 -2.768816
v -4.484800 28.000004 -1.914244
v -4.730917 28.000000 -0.977631
v -4.812957 28.000004 0.000000
v -4.730917 28.000004 0.977632
v -4.484800 28.000002 1.914245
v -4.074605 28.000002 2.768818
v 2.768817 28.000002 -4.074605
v 2.373568 24.000004 -3.492954
v 1.978318 20.000000 -2.911303
v 1.583069 16.000002 -2.329652
v 1.187819 12.000001 -1.748001
v 0.792570 8.000001 -1.166350
v 0.397321 4.000000 -0.584699
v 1.914244 28.000004 -4.484800
v 1.640985 24.000006 -3.844593
v 1.367726 20.000002 -3.204387
v 1.094467 16.000002 -2.564180
v 0.821209 12.000001 -1.923974
v 0.547950 8.000001 -1.283768
v 0.274691 4.000000 -0.643561
v 0.977632 28.000000 -4.730917
v 0.838075 24.000004 -4.055577
v 0.698517 20.000000 -3.380238
v 0.558960 16.000002 -2.704898
v 0.419403 12.000001 -2.029558
v 0.279846 8.000001 -1.354218
v 0.140289 4.000000 -0.678879
v -0.000000 28.000004 -4.812956
v 0.000000 24.000006 -4.125905
v -0.000000 20.000002 -3.438854
v -0.000000 16.000002 -2.751803
v -0.000000 12.000001 -2.064753
v -0.000000 8.000001 -1.377702
v -0.000000 4.000000 -0.690651
v -0.977632 28.000000 -4.730917
v -0.838074 24.000004 -4.055577
v -0.698517 20.000000 -3.380237
v -0.558960 16.000002 -2.704898
v -0.419403 12.000001 -2.029558
v -0.279846 8.000001 -1.354218
v -0.140289 4.000000 -0.678879
v -1.914244 28.000002 -4.484799
v -1.640985 24.000006 -3.844593
v -1.367726 20.000002 -3.204387
v -1.094468 16.000002 -2.564181
v -0.821209 12.000001 -1.923974
v -0.547950 8.000001 -1.283768
v -0.274691 4.000000 -0.643561
v -2.768817 28.000002 -4.074605
v -2.373568 24.000004 -3.492954
v -1.978318 20.000000 -2.911303
v -1.583069 16.000002 -2.329652
v -1.187820 12.000001 -1.748001
v -0.792570 8.000001 -1.166350
v -0.397321 4.000000 -0.584699
v -2.768817 28.000004 4.074605
v -2.373568 24.000004 3.492954
v -1.978318 20.000002 2.911304
v -1.583069 16.000002 2.329653
v -1.187819 12.000000 1.748001
v -0.792570 8.000001 1.166350
v -0.397321 4.000000 0.584699
v -1.914244 28.000000 4.484801
v -1.640985 24.000002 3.844594
v -1.367726 20.000002 3.204387
v -1.094467 16.000002 2.564181
v -0.821209 12.000001 1.923975
v -0.547950 8.000001 1.283768
v -0.274691 4.000000 0.643562
v -0.977632 28.000002 4.730918
v -0.838075 24.000002 4.055578
v -0.698517 20.000002 3.380239
v -0.558960 16.000002 2.704898
v -0.419403 12.000000 2.029558
v -0.279846 8.000001 1.354219
v -0.140289 4.000000 0.678879
v 0.000000 28.000004 4.812957
v -0.000000 24.000006 4.125906
v 0.000000 20.000002 3.438855
v 0.000000 16.000002 2.751804
v 0.000000 12.000001 2.064753
v 0.000000 8.000001 1.377702
v 0.000000 4.000000 0.690651
v 0.977632 28.000000 4.730918
v 0.838074 24.000004 4.055578
v 0.698517 20.000000 3.380238
v 0.558960 16.000002 2.704898
v 0.419403 12.000001 2.029559
v 0.279846 8.000001 1.354219
v 0.140289 4.000000 0.678879
v 1.914244 28.000002 4.484801
v 1.640985 24.000006 3.844594
v 1.367726 20.000002 3.204388
v 1.094468 16.000002 2.564181
v 0.821209 12.000001 1.923975
v 0.547950 8.000001 1.283768
v 0.274691 4.000000 0.643562
v 2.768817 28.000002 4.074605
v 2.373568 24.000004 3.492954
v 1.978318 20.000000 2.911303
v 1.583069 16.000002 2.329652
v 1.187820 12.000001 1.748001
v 0.792570 8.000001 1.166350
v 0.397321 4.000000 0.584699
v -0.002444 0.000000 -0.002444
v -0.002444 -0.000000 0.002444
v -3.733339 32.000004 -3.733338
v -3.733339 32.000004 3.733339
v 0.002444 0.000000 -0.002444
v 0.002444 -0.000000 0.002444
v 3.733339 32.000004 -3.733338
v 3.733339 32.000004 3.733339
v -0.002845 0.000000 -0.001933
v -0.003131 0.000000 -0.001337
v -0.003303 0.000000 -0.000683
v -0.003360 0.000000 0.000000
v -0.003303 -0.000000 0.000683
v -0.003131 -0.000000 0.001337
v -0.002845 -0.000000 0.001933
v -4.345839 32.000000 2.953129
v -4.783340 32.000004 2.041670
v -5.045840 32.000000 1.042710
v -5.133340 32.000004 0.000001
v -5.045840 32.000004 -1.042709
v -4.783340 32.000004 -2.041669
v -4.345839 32.000004 -2.953129
v 2.953129 32.000004 -4.345839
v 2.041669 32.000004 -4.783339
v 1.042710 32.000004 -5.045840
v 0.000000 32.000004 -5.133340
v -1.042710 32.000004 -5.045840
v -2.041670 32.000004 -4.783339
v -2.953129 32.000004 -4.345839
v -2.953129 32.000000 4.345840
v -2.041669 32.000004 4.783340
v -1.042710 32.000000 5.045840
v 0.000000 32.000004 5.133341
v 1.042710 32.000004 5.045841
v 2.041670 32.000004 4.783340
v 2.953129 32.000004 4.345840
v 4.345839 32.000004 2.953129
v 4.783340 32.000004 2.041670
v 5.045840 32.000004 1.042710
v 5.133340 32.000004 0.000001
v 5.045840 32.000004 -1.042709
v 4.783340 32.000004 -2.041669
v 4.345839 32.000004 -2.953129
v 3.266976 27.999998 -3.266976
v 2.800615 24.000004 -2.800614
v 2.334253 20.000004 -2.334253
v 1.867891 16.000002 -1.867891
v 1.401530 12.000002 -1.401530
v 0.935168 8.000001 -0.935167
v 0.468806 4.000000 -0.468806
v 0.002845 -0.000000 0.001933
v 0.003131 -0.000000 0.001337
v 0.003303 -0.000000 0.000683
v 0.003360 -0.000000 0.000000
v 0.003303 0.000000 -0.000683
v 0.003131 0.000000 -0.001337
v 0.002845 0.000000 -0.001933
v -0.001933 0.000000 -0.002845
v -0.001337 0.000000 -0.003131
v -0.000683 0.000000 -0.003303
v 0.000000 0.000000 -0.003360
v 0.000683 0.000000 -0.003303
v 0.001337 0.000000 -0.003131
v 0.001933 0.000000 -0.002845
v 0.001933 -0.000000 0.002845
v 0.001337 -0.000000 0.003131
v 0.000683 -0.000000 0.003303
v -0.000000 -0.000000 0.003360
v -0.000683 -0.000000 0.003303
v -0.001337 -0.000000 0.003131
v -0.001933 -0.000000 0.002845
v -0.468806 4.000000 0.468806
v -0.935168 8.000001 0.935168
v -1.401529 12.000001 1.401530
v -1.867891 16.000002 1.867892
v -2.334253 20.000002 2.334254
v -2.800615 24.000004 2.800615
v -3.266977 28.000004 3.266977
v 3.266976 27.999998 3.266977
v 2.800615 24.000004 2.800615
v 2.334253 20.000004 2.334254
v 1.867891 16.000002 1.867891
v 1.401530 12.000002 1.401530
v 0.935168 8.000001 0.935168
v 0.468806 4.000000 0.468806
v -3.266976 28.000002 -3.266976
v -2.800615 24.000004 -2.800614
v -2.334253 20.000000 -2.334253
v -1.867891 16.000002 -1.867891
v -1.401529 12.000000 -1.401529
v -0.935168 8.000001 -0.935167
v -0.468806 4.000000 -0.468806
v 3.802965 27.999998 -2.584229
v 4.185814 28.000004 -1.786627
v 4.415523 28.000000 -0.912456
v 4.492093 28.000004 0.000000
v 4.415523 28.000000 0.912457
v 4.185813 27.999998 1.786628
v 3.802965 27.999998 2.584230
v 3.260091 24.000004 -2.215330
v 3.588287 24.000004 -1.531586
v 3.785206 24.000004 -0.782203
v 3.850845 24.000004 0.000000
v 3.785206 24.000004 0.782203
v 3.588287 24.000004 1.531587
v 3.260091 24.000004 2.215331
v 2.717216 19.999996 -1.846430
v 2.990762 20.000004 -1.276544
v 3.154889 19.999996 -0.651949
v 3.209598 20.000004 0.000000
v 3.154888 19.999996 0.651950
v 2.990762 20.000004 1.276545
v 2.717216 19.999996 1.846431
v 2.174342 16.000002 -1.477531
v 2.393235 16.000002 -1.021503
v 2.524571 16.000002 -0.521696
v 2.568350 16.000002 0.000000
v 2.524571 16.000002 0.521696
v 2.393235 16.000002 1.021503
v 2.174342 16.000002 1.477532
v 1.631468 12.000000 -1.108631
v 1.795710 12.000002 -0.766461
v 1.894255 12.000000 -0.391443
v 1.927103 12.000002 0.000000
v 1.894255 12.000000 0.391443
v 1.795710 12.000002 0.766462
v 1.631468 12.000000 1.108632
v 1.088594 8.000001 -0.739732
v 1.198183 8.000001 -0.511420
v 1.263937 8.000001 -0.261189
v 1.285855 8.000001 0.000000
v 1.263937 8.000001 0.261190
v 1.198183 8.000001 0.511420
v 1.088594 8.000001 0.739732
v 0.545719 4.000000 -0.370833
v 0.600657 4.000000 -0.256378
v 0.633620 4.000000 -0.130936
v 0.644608 4.000000 0.000000
v 0.633620 4.000000 0.130936
v 0.600657 4.000000 0.256378
v 0.545719 4.000000 0.370833
v -0.545719 4.000000 -0.370833
v -0.600657 4.000000 -0.256378
v -0.633620 4.000000 -0.130936
v -0.644608 4.000000 0.000000
v -0.633620 4.000000 0.130936
v -0.600657 4.000001 0.256378
v -0.545719 4.000000 0.370833
v -1.088593 8.000000 -0.739732
v -1.198183 8.000001 -0.511420
v -1.263937 8.000000 -0.261189
v -1.285856 8.000001 0.000000
v -1.263938 8.000001 0.261190
v -1.198183 8.000001 0.511420
v -1.088594 8.000001 0.739732
v -1.631468 12.000001 -1.108631
v -1.795710 12.000000 -0.766461
v -1.894255 12.000001 -0.391443
v -1.927103 12.000001 0.000000
v -1.894254 12.000000 0.391443
v -1.795710 12.000001 0.766461
v -1.631468 12.000000 1.108632
v -2.174342 16.000002 -1.477531
v -2.393235 16.000002 -1.021503
v -2.524571 16.000002 -0.521696
v -2.568351 16.000002 0.000000
v -2.524572 16.000000 0.521696
v -2.393235 16.000000 1.021503
v -2.174342 16.000000 1.477531
v -2.717216 20.000002 -1.846430
v -2.990762 20.000000 -1.276544
v -3.154889 20.000002 -0.651949
v -3.209598 20.000002 0.000000
v -3.154889 20.000002 0.651950
v -2.990762 20.000002 1.276545
v -2.717216 20.000000 1.846431
v -3.260091 24.000004 -2.215330
v -3.588288 24.000002 -1.531586
v -3.785206 24.000002 -0.782203
v -3.850846 24.000004 0.000000
v -3.785206 24.000004 0.782203
v -3.588288 24.000000 1.531587
v -3.260091 24.000002 2.215331
v -3.802965 28.000002 -2.584229
v -4.185814 28.000004 -1.786628
v -4.415523 28.000000 -0.912456
v -4.492093 28.000004 0.000000
v -4.415523 28.000004 0.912457
v -4.185814 28.000002 1.786628
v -3.802965 28.000002 2.584230
v 2.584230 28.000002 -3.802965
v 2.215330 24.000004 -3.260090
v 1.846430 20.000000 -2.717216
v 1.477531 16.000002 -2.174341
v 1.108632 12.000001 -1.631468
v 0.739732 8.000001 -1.088593
v 0.370833 4.000000 -0.545719
v 1.786628 28.000004 -4.185814
v 1.531586 24.000006 -3.588287
v 1.276545 20.000002 -2.990761
v 1.021503 16.000002 -2.393235
v 0.766461 12.000001 -1.795709
v 0.511420 8.000001 -1.198183
v 0.256378 4.000000 -0.600657
v 0.912456 28.000000 -4.415523
v 0.782203 24.000004 -3.785206
v 0.651950 20.000000 -3.154889
v 0.521696 16.000002 -2.524571
v 0.391443 12.000001 -1.894254
v 0.261189 8.000001 -1.263937
v 0.130936 4.000000 -0.633620
v -0.000000 28.000004 -4.492093
v 0.000000 24.000006 -3.850845
v -0.000000 20.000002 -3.209598
v -0.000000 16.000002 -2.568350
v -0.000000 12.000001 -1.927103
v -0.000000 8.000001 -1.285855
v -0.000000 4.000000 -0.644608
v -0.912456 28.000000 -4.415523
v -0.782203 24.000004 -3.785206
v -0.651950 20.000000 -3.154888
v -0.521696 16.000002 -2.524571
v -0.391443 12.000001 -1.894255
v -0.261189 8.000001 -1.263937
v -0.130936 4.000000 -0.633620
v -1.786628 28.000002 -4.185813
v -1.531586 24.000006 -3.588287
v -1.276545 20.000002 -2.990761
v -1.021503 16.000002 -2.393235
v -0.766461 12.000001 -1.795709
v -0.511420 8.000001 -1.198183
v -0.256378 4.000000 -0.600657
v -2.584229 28.000002 -3.802965
v -2.215330 24.000004 -3.260090
v -1.846431 20.000000 -2.717216
v -1.477531 16.000002 -2.174342
v -1.108632 12.000001 -1.631468
v -0.739732 8.000001 -1.088593
v -0.370833 4.000000 -0.545719
v -2.584229 28.000004 3.802965
v -2.215330 24.000004 3.260091
v -1.846431 20.000002 2.717217
v -1.477531 16.000002 2.174343
v -1.108632 12.000000 1.631468
v -0.739732 8.000001 1.088594
v -0.370833 4.000000 0.545719
v -1.786628 28.000000 4.185814
v -1.531586 24.000002 3.588288
v -1.276545 20.000002 2.990762
v -1.021503 16.000002 2.393236
v -0.766461 12.000001 1.795710
v -0.511420 8.000001 1.198184
v -0.256378 4.000000 0.600658
v -0.912456 28.000002 4.415524
v -0.782203 24.000002 3.785207
v -0.651950 20.000002 3.154890
v -0.521696 16.000002 2.524572
v -0.391443 12.000000 1.894255
v -0.261189 8.000001 1.263938
v -0.130936 4.000000 0.633620
v 0.000000 28.000004 4.492094
v -0.000000 24.000006 3.850846
v 0.000000 20.000002 3.209598
v 0.000000 16.000002 2.568351
v 0.000000 12.000001 1.927103
v 0.000000 8.000001 1.285856
v 0.000000 4.000000 0.644608
v 0.912456 28.000000 4.415524
v 0.782203 24.000004 3.785207
v 0.651950 20.000000 3.154889
v 0.521696 16.000002 2.524572
v 0.391443 12.000001 1.894255
v 0.261189 8.000001 1.263938
v 0.130936 4.000000 0.633620
v 1.786628 28.000002 4.185814
v 1.531586 24.000006 3.588288
v 1.276545 20.000002 2.990762
v 1.021503 16.000002 2.393236
v 0.766461 12.000001 1.795710
v 0.511420 8.000001 1.198184
v 0.256378 4.000000 0.600657
v 2.584229 28.000002 3.802965
v 2.215330 24.000004 3.260091
v 1.846431 20.000000 2.717217
v 1.477531 16.000002 2.174342
v 1.108632 12.000001 1.631468
v 0.739732 8.000001 1.088594
v 0.370833 4.000000 0.545719
v -0.002269 0.000000 -0.002269
v -0.002269 -0.000000 0.002269
v -3.466672 32.000004 -3.466671
v -3.466672 32.000004 3.466672
v 0.002269 0.000000 -0.002269
v 0.002269 -0.000000 0.002269
v 3.466672 32.000004 -3.466671
v 3.466672 32.000004 3.466672
v -0.002642 0.000000 -0.001795
v -0.002908 0.000000 -0.001241
v -0.003067 0.000000 -0.000634
v -0.003120 0.000000 0.000000
v -0.003067 -0.000000 0.000634
v -0.002908 -0.000000 0.001241
v -0.002642 -0.000000 0.001795
v -4.035422 32.000000 2.742192
v -4.441673 32.000004 1.895837
v -4.685423 32.000000 0.968231
v -4.766674 32.000004 0.000000
v -4.685424 32.000004 -0.968230
v -4.441673 32.000004 -1.895836
v -4.035422 32.000004 -2.742191
v 2.742192 32.000004 -4.035422
v 1.895836 32.000004 -4.441672
v 0.968231 32.000004 -4.685423
v 0.000000 32.000004 -4.766673
v -0.968231 32.000004 -4.685423
v -1.895836 32.000004 -4.441672
v -2.742192 32.000004 -4.035422
v -2.742191 32.000000 4.035423
v -1.895836 32.000004 4.441674
v -0.968231 32.000000 4.685424
v 0.000000 32.000004 4.766675
v 0.968231 32.000004 4.685424
v 1.895836 32.000004 4.441674
v 2.742192 32.000004 4.035423
v 4.035422 32.000004 2.742192
v 4.441673 32.000004 1.895837
v 4.685424 32.000004 0.968231
v 4.766674 32.000004 0.000000
v 4.685424 32.000004 -0.968230
v 4.441673 32.000004 -1.895836
v 4.035422 32.000004 -2.742191
v 3.033621 27.999998 -3.033621
v 2.600571 24.000004 -2.600571
v 2.167521 20.000004 -2.167521
v 1.734470 16.000002 -1.734470
v 1.301420 12.000002 -1.301420
v 0.868370 8.000001 -0.868370
v 0.435320 4.000000 -0.435320
v 0.002642 -0.000000 0.001795
v 0.002908 -0.000000 0.001241
v 0.003067 -0.000000 0.000634
v 0.003120 -0.000000 0.000000
v 0.003067 0.000000 -0.000634
v 0.002908 0.000000 -0.001241
v 0.002642 0.000000 -0.001795
v -0.001795 0.000000 -0.002642
v -0.001241 0.000000 -0.002908
v -0.000634 0.000000 -0.003067
v 0.000000 0.000000 -0.003120
v 0.000634 0.000000 -0.003067
v 0.001241 0.000000 -0.002908
v 0.001795 0.000000 -0.002642
v 0.001795 -0.000000 0.002642
v 0.001241 -0.000000 0.002908
v 0.000634 -0.000000 0.003067
v -0.000000 -0.000000 0.003120
v -0.000634 -0.000000 0.003067
v -0.001241 -0.000000 0.002908
v -0.001795 -0.000000 0.002642
v -0.435320 4.000000 0.435320
v -0.868370 8.000001 0.868370
v -1.301420 12.000001 1.301421
v -1.734471 16.000002 1.734471
v -2.167521 20.000002 2.167521
v -2.600571 24.000004 2.600572
v -3.033622 28.000004 3.033622
v 3.033621 27.999998 3.033622
v 2.600571 24.000004 2.600571
v 2.167521 20.000004 2.167521
v 1.734470 16.000002 1.734471
v 1.301420 12.000002 1.301421
v 0.868370 8.000001 0.868370
v 0.435320 4.000000 0.435320
v -3.033621 28.000002 -3.033621
v -2.600571 24.000004 -2.600571
v -2.167521 20.000000 -2.167521
v -1.734471 16.000002 -1.734470
v -1.301420 12.000000 -1.301420
v -0.868370 8.000001 -0.868370
v -0.435320 4.000000 -0.435320
v 3.531325 27.999998 -2.399641
v 3.886828 28.000004 -1.659011
v 4.100129 28.000000 -0.847281
v 4.171229 28.000004 0.000000
v 4.100129 28.000000 0.847281
v 3.886827 27.999998 1.659012
v 3.531325 27.999998 2.399642
v 3.027227 24.000004 -2.057092
v 3.331981 24.000004 -1.422187
v 3.514834 24.000004 -0.726331
v 3.575785 24.000004 0.000000
v 3.514834 24.000004 0.726332
v 3.331981 24.000004 1.422188
v 3.027227 24.000004 2.057093
v 2.523129 19.999996 -1.714543
v 2.777136 20.000004 -1.185363
v 2.929540 19.999996 -0.605381
v 2.980341 20.000004 0.000000
v 2.929539 19.999996 0.605382
v 2.777136 20.000004 1.185363
v 2.523130 19.999996 1.714543
v 2.019032 16.000002 -1.371993
v 2.222290 16.000002 -0.948538
v 2.344245 16.000002 -0.484432
v 2.384897 16.000002 0.000000
v 2.344245 16.000002 0.484432
v 2.222290 16.000002 0.948539
v 2.019032 16.000002 1.371994
v 1.514935 12.000000 -1.029444
v 1.667445 12.000002 -0.711714
v 1.758951 12.000000 -0.363482
v 1.789453 12.000002 0.000000
v 1.758951 12.000000 0.363483
v 1.667445 12.000002 0.711714
v 1.514935 12.000000 1.029444
v 1.010837 8.000001 -0.686894
v 1.112599 8.000001 -0.474890
v 1.173656 8.000001 -0.242533
v 1.194009 8.000001 0.000000
v 1.173656 8.000001 0.242533
v 1.112599 8.000001 0.474890
v 1.010837 8.000001 0.686894
v 0.506739 4.000000 -0.344345
v 0.557753 4.000000 -0.238065
v 0.588362 4.000000 -0.121583
v 0.598565 4.000000 0.000000
v 0.588362 4.000000 0.121583
v 0.557753 4.000000 0.238065
v 0.506739 4.000000 0.344345
v -0.506739 4.000000 -0.344345
v -0.557753 4.000000 -0.238065
v -0.588362 4.000000 -0.121583
v -0.598565 4.000000 0.000000
v -0.588362 4.000000 0.121584
v -0.557753 4.000001 0.238066
v -0.506739 4.000000 0.344345
v -1.010837 8.000000 -0.686894
v -1.112599 8.000001 -0.474890
v -1.173656 8.000000 -0.242533
v -1.194009 8.000001 0.000000
v -1.173656 8.000001 0.242533
v -1.112599 8.000001 0.474890
v -1.010837 8.000001 0.686894
v -1.514934 12.000001 -1.029444
v -1.667445 12.000000 -0.711714
v -1.758951 12.000001 -0.363482
v -1.789453 12.000001 0.000000
v -1.758951 12.000000 0.363483
v -1.667445 12.000001 0.711714
v -1.514935 12.000000 1.029444
v -2.019032 16.000002 -1.371993
v -2.222290 16.000002 -0.948538
v -2.344245 16.000002 -0.484432
v -2.384897 16.000002 0.000000
v -2.344245 16.000000 0.484432
v -2.222290 16.000000 0.948539
v -2.019032 16.000000 1.371994
v -2.523129 20.000002 -1.714543
v -2.777136 20.000000 -1.185363
v -2.929540 20.000002 -0.605382
v -2.980341 20.000002 0.000000
v -2.929540 20.000002 0.605382
v -2.777136 20.000002 1.185363
v -2.523130 20.000000 1.714543
v -3.027227 24.000004 -2.057092
v -3.331982 24.000002 -1.422187
v -3.514834 24.000002 -0.726331
v -3.575786 24.000004 0.000000
v -3.514834 24.000004 0.726332
v -3.331982 24.000000 1.422188
v -3.027227 24.000002 2.057093
v -3.531325 28.000002 -2.399641
v -3.886828 28.000004 -1.659011
v -4.100129 28.000000 -0.847281
v -4.171230 28.000004 0.000000
v -4.100129 28.000004 0.847281
v -3.886827 28.000002 1.659012
v -3.531325 28.000002 2.399642
v 2.399642 28.000002 -3.531325
v 2.057092 24.000004 -3.027227
v 1.714543 20.000000 -2.523129
v 1.371993 16.000002 -2.019032
v 1.029444 12.000001 -1.514934
v 0.686894 8.000001 -1.010837
v 0.344345 4.000000 -0.506739
v 1.659012 28.000004 -3.886827
v 1.422187 24.000006 -3.331981
v 1.185363 20.000002 -2.777136
v 0.948539 16.000002 -2.222290
v 0.711714 12.000001 -1.667445
v 0.474890 8.000001 -1.112599
v 0.238065 4.000000 -0.557753
v 0.847281 28.000000 -4.100128
v 0.726331 24.000004 -3.514834
v 0.605382 20.000000 -2.929540
v 0.484432 16.000002 -2.344245
v 0.363483 12.000001 -1.758951
v 0.242533 8.000001 -1.173656
v 0.121583 4.000000 -0.588362
v -0.000000 28.000004 -4.171229
v 0.000000 24.000006 -3.575785
v -0.000000 20.000002 -2.980341
v -0.000000 16.000002 -2.384897
v -0.000000 12.000001 -1.789453
v -0.000000 8.000001 -1.194008
v -0.000000 4.000000 -0.598565
v -0.847281 28.000000 -4.100129
v -0.726331 24.000004 -3.514834
v -0.605382 20.000000 -2.929539
v -0.484432 16.000002 -2.344245
v -0.363483 12.000001 -1.758951
v -0.242533 8.000001 -1.173656
v -0.121583 4.000000 -0.588362
v -1.659012 28.000002 -3.886827
v -1.422187 24.000006 -3.331981
v -1.185363 20.000002 -2.777136
v -0.948539 16.000002 -2.222290
v -0.711714 12.000001 -1.667445
v -0.474890 8.000001 -1.112599
v -0.238065 4.000000 -0.557753
v -2.399642 28.000002 -3.531325
v -2.057092 24.000004 -3.027227
v -1.714543 20.000000 -2.523129
v -1.371993 16.000002 -2.019032
v -1.029444 12.000001 -1.514934
v -0.686894 8.000001 -1.010837
v -0.344345 4.000000 -0.506739
v -2.399642 28.000004 3.531325
v -2.057092 24.000004 3.027228
v -1.714543 20.000002 2.523130
v -1.371993 16.000002 2.019032
v -1.029444 12.000000 1.514935
v -0.686894 8.000001 1.010837
v -0.344345 4.000000 0.506739
v -1.659012 28.000000 3.886828
v -1.422187 24.000002 3.331982
v -1.185363 20.000002 2.777136
v -0.948539 16.000002 2.222291
v -0.711714 12.000001 1.667445
v -0.474890 8.000001 1.112599
v -0.238065 4.000000 0.557754
v -0.847281 28.000002 4.100130
v -0.726331 24.000002 3.514835
v -0.605382 20.000002 2.929541
v -0.484432 16.000002 2.344245
v -0.363483 12.000000 1.758951
v -0.242533 8.000001 1.173657
v -0.121583 4.000000 0.588362
v 0.000000 28.000004 4.171230
v -0.000000 24.000006 3.575786
v 0.000000 20.000002 2.980341
v 0.000000 16.000002 2.384897
v 0.000000 12.000001 1.789453
v 0.000000 8.000001 1.194009
v 0.000000 4.000000 0.598565
v 0.847281 28.000000 4.100129
v 0.726331 24.000004 3.514835
v 0.605382 20.000000 2.929540
v 0.484432 16.000002 2.344246
v 0.363483 12.000001 1.758951
v 0.242533 8.000001 1.173656
v 0.121583 4.000000 0.588362
v 1.659012 28.000002 3.886828
v 1.422187 24.000006 3.331982
v 1.185363 20.000002 2.777137
v 0.948539 16.000002 2.222291
v 0.711714 12.000001 1.667445
v 0.474890 8.000001 1.112599
v 0.238065 4.000000 0.557753
v 2.399642 28.000002 3.531325
v 2.057092 24.000004 3.027228
v 1.714543 20.000000 2.523130
v 1.371993 16.000002 2.019032
v 1.029444 12.000001 1.514935
v 0.686894 8.000001 1.010837
v 0.344345 4.000000 0.506739
v -0.002095 0.000000 -0.002095
v -0.002095 -0.000000 0.002095
v -3.200005 32.000004 -3.200004
v -3.200005 32.000004 3.200005
v 0.002095 0.000000 -0.002095
v 0.002095 -0.000000 0.002095
v 3.200005 32.000004 -3.200004
v 3.200005 32.000004 3.200005
v -0.002439 0.000000 -0.001657
v -0.002684 0.000000 -0.001146
v -0.002831 0.000000 -0.000585
v -0.002880 0.000000 0.000000
v -0.002831 -0.000000 0.000585
v -0.002684 -0.000000 0.001146
v -0.002439 -0.000000 0.001657
v -3.725005 32.000000 2.531254
v -4.100006 32.000004 1.750003
v -4.325006 32.000000 0.893752
v -4.400007 32.000004 0.000000
v -4.325007 32.000004 -0.893751
v -4.100006 32.000004 -1.750002
v -3.725006 32.000004 -2.531254
v 2.531254 32.000004 -3.725006
v 1.750003 32.000004 -4.100006
v 0.893751 32.000004 -4.325006
v 0.000000 32.000004 -4.400006
v -0.893751 32.000004 -4.325006
v -1.750003 32.000004 -4.100006
v -2.531254 32.000004 -3.725005
v -2.531254 32.000000 3.725006
v -1.750003 32.000004 4.100007
v -0.893751 32.000000 4.325007
v 0.000000 32.000004 4.400008
v 0.893751 32.000004 4.325007
v 1.750003 32.000004 4.100007
v 2.531254 32.000004 3.725006
v 3.725006 32.000004 2.531254
v 4.100006 32.000004 1.750003
v 4.325007 32.000004 0.893752
v 4.400007 32.000004 0.000000
v 4.325007 32.000004 -0.893751
v 4.100006 32.000004 -1.750002
v 3.725006 32.000004 -2.531254
v 2.800266 27.999998 -2.800266
v 2.400527 24.000004 -2.400527
v 2.000789 20.000004 -2.000788
v 1.601050 16.000002 -1.601050
v 1.201311 12.000002 -1.201311
v 0.801572 8.000001 -0.801572
v 0.401834 4.000000 -0.401834
v 0.002439 -0.000000 0.001657
v 0.002684 -0.000000 0.001146
v 0.002831 -0.000000 0.000585
v 0.002880 -0.000000 0.000000
v 0.002831 0.000000 -0.000585
v 0.002684 0.000000 -0.001146
v 0.002439 0.000000 -0.001657
v -0.001657 0.000000 -0.002439
v -0.001146 0.000000 -0.002684
v -0.000585 0.000000 -0.002831
v 0.000000 0.000000 -0.002880
v 0.000585 0.000000 -0.002831
v 0.001146 0.000000 -0.002684
v 0.001657 0.000000 -0.002439
v 0.001657 -0.000000 0.002439
v 0.001146 -0.000000 0.002684
v 0.000585 -0.000000 0.002831
v -0.000000 -0.000000 0.002880
v -0.000585 -0.000000 0.002831
v -0.001146 -0.000000 0.002684
v -0.001657 -0.000000 0.002439
v -0.401834 4.000000 0.401834
v -0.801572 8.000001 0.801573
v -1.201311 12.000001 1.201311
v -1.601050 16.000002 1.601050
v -2.000789 20.000002 2.000789
v -2.400527 24.000004 2.400528
v -2.800266 28.000004 2.800267
v 2.800266 27.999998 2.800266
v 2.400527 24.000004 2.400527
v 2.000789 20.000004 2.000789
v 1.601050 16.000002 1.601050
v 1.201311 12.000002 1.201311
v 0.801572 8.000001 0.801573
v 0.401834 4.000000 0.401834
v -2.800266 28.000002 -2.800266
v -2.400527 24.000004 -2.400527
v -2.000789 20.000000 -2.000788
v -1.601050 16.000002 -1.601050
v -1.201311 12.000000 -1.201311
v -0.801572 8.000001 -0.801572
v -0.401834 4.000000 -0.401834
v 3.259685 27.999998 -2.215054
v 3.587841 28.000004 -1.531395
v 3.784735 28.000000 -0.782105
v 3.850366 28.000004 0.000000
v 3.784735 28.000000 0.782106
v 3.587841 27.999998 1.531396
v 3.259685 27.999998 2.215055
v 2.794364 24.000004 -1.898854
v 3.075675 24.000004 -1.312788
v 3.244463 24.000004 -0.670460
v 3.300725 24.000004 0.000000
v 3.244463 24.000004 0.670460
v 3.075675 24.000004 1.312789
v 2.794364 24.000004 1.898855
v 2.329043 19.999996 -1.582655
v 2.563510 20.000004 -1.094181
v 2.704191 19.999996 -0.558814
v 2.751084 20.000004 0.000000
v 2.704190 19.999996 0.558814
v 2.563510 20.000004 1.094182
v 2.329043 19.999996 1.582655
v 1.863722 16.000002 -1.266455
v 2.051345 16.000002 -0.875574
v 2.163919 16.000002 -0.447168
v 2.201443 16.000002 0.000000
v 2.163919 16.000002 0.447168
v 2.051345 16.000002 0.875574
v 1.863722 16.000002 1.266456
v 1.398401 12.000000 -0.950256
v 1.539180 12.000002 -0.656967
v 1.623647 12.000000 -0.335522
v 1.651803 12.000002 0.000000
v 1.623647 12.000000 0.335523
v 1.539180 12.000002 0.656967
v 1.398401 12.000000 0.950256
v 0.933080 8.000001 -0.634056
v 1.027014 8.000001 -0.438360
v 1.083375 8.000001 -0.223877
v 1.102162 8.000001 0.000000
v 1.083375 8.000001 0.223877
v 1.027015 8.000001 0.438360
v 0.933080 8.000001 0.634056
v 0.467759 4.000000 -0.317857
v 0.514849 4.000000 -0.219753
v 0.543103 4.000000 -0.112231
v 0.552521 4.000000 0.000000
v 0.543103 4.000000 0.112231
v 0.514849 4.000000 0.219753
v 0.467759 4.000000 0.317857
v -0.467759 4.000000 -0.317857
v -0.514849 4.000000 -0.219753
v -0.543103 4.000000 -0.112231
v -0.552521 4.000000 0.000000
v -0.543103 4.000000 0.112231
v -0.514849 4.000001 0.219753
v -0.467759 4.000000 0.317857
v -0.933080 8.000000 -0.634056
v -1.027014 8.000001 -0.438360
v -1.083375 8.000000 -0.223877
v -1.102162 8.000001 0.000000
v -1.083375 8.000001 0.223877
v -1.027015 8.000001 0.438360
v -0.933080 8.000001 0.634056
v -1.398401 12.000001 -0.950256
v -1.539180 12.000000 -0.656967
v -1.623647 12.000001 -0.335522
v -1.651803 12.000001 0.000000
v -1.623647 12.000000 0.335523
v -1.539180 12.000001 0.656967
v -1.398401 12.000000 0.950256
v -1.863722 16.000002 -1.266455
v -2.051345 16.000002 -0.875574
v -2.163919 16.000002 -0.447168
v -2.201444 16.000002 0.000000
v -2.163919 16.000000 0.447168
v -2.051345 16.000000 0.875574
v -1.863722 16.000000 1.266456
v -2.329043 20.000002 -1.582655
v -2.563510 20.000000 -1.094181
v -2.704191 20.000002 -0.558814
v -2.751084 20.000002 0.000000
v -2.704191 20.000002 0.558814
v -2.563511 20.000002 1.094182
v -2.329043 20.000000 1.582655
v -2.794364 24.000004 -1.898854
v -3.075675 24.000002 -1.312788
v -3.244463 24.000002 -0.670460
v -3.300725 24.000004 0.000000
v -3.244463 24.000004 0.670460
v -3.075675 24.000000 1.312789
v -2.794364 24.000002 1.898855
v -3.259685 28.000002 -2.215054
v -3.587841 28.000004 -1.531395
v -3.784734 28.000000 -0.782105
v -3.850366 28.000004 0.000000
v -3.784735 28.000004 0.782106
v -3.587841 28.000002 1.531396
v -3.259685 28.000002 2.215055
v 2.215054 28.000002 -3.259685
v 1.898855 24.000004 -2.794364
v 1.582655 20.000000 -2.329042
v 1.266456 16.000002 -1.863722
v 0.950256 12.000001 -1.398401
v 0.634056 8.000001 -0.933080
v 0.317857 4.000000 -0.467759
v 1.531396 28.000004 -3.587841
v 1.312788 24.000006 -3.075675
v 1.094181 20.000002 -2.563510
v 0.875574 16.000002 -2.051345
v 0.656967 12.000001 -1.539180
v 0.438360 8.000001 -1.027014
v 0.219753 4.000000 -0.514849
v 0.782106 28.000000 -3.784734
v 0.670460 24.000004 -3.244462
v 0.558814 20.000000 -2.704191
v 0.447168 16.000002 -2.163919
v 0.335522 12.000001 -1.623647
v 0.223877 8.000001 -1.083375
v 0.112231 4.000000 -0.543103
v -0.000000 28.000004 -3.850366
v 0.000000 24.000006 -3.300725
v -0.000000 20.000002 -2.751084
v -0.000000 16.000002 -2.201443
v -0.000000 12.000001 -1.651803
v -0.000000 8.000001 -1.102162
v -0.000000 4.000000 -0.552521
v -0.782106 28.000000 -3.784734
v -0.670460 24.000004 -3.244463
v -0.558814 20.000000 -2.704190
v -0.447168 16.000002 -2.163919
v -0.335522 12.000001 -1.623647
v -0.223877 8.000001 -1.083375
v -0.112231 4.000000 -0.543103
v -1.531396 28.000002 -3.587840
v -1.312788 24.000006 -3.075675
v -1.094181 20.000002 -2.563510
v -0.875574 16.000002 -2.051345
v -0.656967 12.000001 -1.539180
v -0.438360 8.000001 -1.027014
v -0.219753 4.000000 -0.514849
v -2.215054 28.000002 -3.259685
v -1.898855 24.000004 -2.794364
v -1.582655 20.000000 -2.329043
v -1.266455 16.000002 -1.863722
v -0.950256 12.000001 -1.398401
v -0.634056 8.000001 -0.933080
v -0.317857 4.000000 -0.467759
v -2.215054 28.000004 3.259685
v -1.898855 24.000004 2.794364
v -1.582655 20.000002 2.329043
v -1.266455 16.000002 1.863723
v -0.950256 12.000000 1.398401
v -0.634056 8.000001 0.933081
v -0.317857 4.000000 0.467759
v -1.531396 28.000000 3.587842
v -1.312788 24.000002 3.075676
v -1.094181 20.000002 2.563511
v -0.875574 16.000002 2.051345
v -0.656967 12.000001 1.539180
v -0.438360 8.000001 1.027015
v -0.219753 4.000000 0.514849
v -0.782106 28.000002 3.784735
v -0.670460 24.000002 3.244463
v -0.558814 20.000002 2.704191
v -0.447168 16.000002 2.163919
v -0.335522 12.000000 1.623647
v -0.223877 8.000001 1.083375
v -0.112231 4.000000 0.543103
v 0.000000 28.000004 3.850367
v -0.000000 24.000006 3.300725
v 0.000000 20.000002 2.751085
v 0.000000 16.000002 2.201444
v 0.000000 12.000001 1.651803
v 0.000000 8.000001 1.102162
v 0.000000 4.000000 0.552521
v 0.782106 28.000000 3.784735
v 0.670460 24.000004 3.244463
v 0.558814 20.000000 2.704191
v 0.447168 16.000002 2.163919
v 0.335522 12.000001 1.623647
v 0.223877 8.000001 1.083375
v 0.112231 4.000000 0.543103
v 1.531396 28.000002 3.587842
v 1.312788 24.000006 3.075676
v 1.094181 20.000002 2.563511
v 0.875574 16.000002 2.051345
v 0.656967 12.000001 1.539180
v 0.438360 8.000001 1.027015
v 0.219753 4.000000 0.514849
v 2.215054 28.000002 3.259685
v 1.898855 24.000004 2.794364
v 1.582655 20.000000 2.329043
v 1.266455 16.000002 1.863722
v 0.950256 12.000001 1.398401
v 0.634056 8.000001 0.933080
v 0.317857 4.000000 0.467759
v -0.001920 0.000000 -0.001920
v -0.001920 -0.000000 0.001920
v -2.933338 32.000004 -2.933338
v -2.933338 32.000004 2.933338
v 0.001920 0.000000 -0.001920
v 0.001920 -0.000000 0.001920
v 2.933338 32.000004 -2.933338
v 2.933338 32.000004 2.933338
v -0.002235 0.000000 -0.001519
v -0.002460 0.000000 -0.001050
v -0.002595 0.000000 -0.000536
v -0.002640 0.000000 0.000000
v -0.002595 -0.000000 0.000536
v -0.002460 -0.000000 0.001050
v -0.002235 -0.000000 0.001519
v -3.414589 32.000000 2.320317
v -3.758339 32.000004 1.604170
v -3.964590 32.000000 0.819273
v -4.033340 32.000004 0.000000
v -3.964590 32.000004 -0.819272
v -3.758339 32.000004 -1.604169
v -3.414589 32.000004 -2.320316
v 2.320316 32.000004 -3.414589
v 1.604169 32.000004 -3.758339
v 0.819272 32.000004 -3.964590
v 0.000000 32.000004 -4.033340
v -0.819272 32.000004 -3.964590
v -1.604169 32.000004 -3.758339
v -2.320316 32.000004 -3.414589
v -2.320316 32.000000 3.414589
v -1.604169 32.000004 3.758340
v -0.819272 32.000000 3.964590
v 0.000000 32.000004 4.033340
v 0.819272 32.000004 3.964590
v 1.604169 32.000004 3.758340
v 2.320316 32.000004 3.414589
v 3.414589 32.000004 2.320317
v 3.758339 32.000004 1.604170
v 3.964590 32.000004 0.819273
v 4.033340 32.000004 0.000000
v 3.964590 32.000004 -0.819272
v 3.758339 32.000004 -1.604169
v 3.414589 32.000004 -2.320316
v 2.566911 27.999998 -2.566911
v 2.200484 24.000004 -2.200483
v 1.834056 20.000004 -1.834056
v 1.467629 16.000002 -1.467629
v 1.101202 12.000002 -1.101202
v 0.734775 8.000001 -0.734775
v 0.368348 4.000000 -0.368347
v 0.002235 -0.000000 0.001519
v 0.002460 -0.000000 0.001050
v 0.002595 -0.000000 0.000536
v 0.002640 -0.000000 0.000000
v 0.002595 0.000000 -0.000536
v 0.002460 0.000000 -0.001050
v 0.002235 0.000000 -0.001519
v -0.001519 0.000000 -0.002235
v -0.001050 0.000000 -0.002460
v -0.000536 0.000000 -0.002595
v 0.000000 0.000000 -0.002640
v 0.000536 0.000000 -0.002595
v 0.001050 0.000000 -0.002460
v 0.001519 0.000000 -0.002235
v 0.001519 -0.000000 0.002235
v 0.001050 -0.000000 0.002460
v 0.000536 -0.000000 0.002595
v -0.000000 -0.000000 0.002640
v -0.000536 -0.000000 0.002595
v -0.001050 -0.000000 0.002460
v -0.001519 -0.000000 0.002235
v -0.368348 4.000000 0.368348
v -0.734775 8.000001 0.734775
v -1.101202 12.000001 1.101202
v -1.467629 16.000002 1.467630
v -1.834056 20.000002 1.834057
v -2.200484 24.000004 2.200484
v -2.566911 28.000004 2.566911
v 2.566911 27.999998 2.566911
v 2.200484 24.000004 2.200484
v 1.834056 20.000004 1.834057
v 1.467629 16.000002 1.467629
v 1.101202 12.000002 1.101202
v 0.734775 8.000001 0.734775
v 0.368348 4.000000 0.368348
v -2.566911 28.000002 -2.566911
v -2.200484 24.000004 -2.200483
v -1.834056 20.000000 -1.834056
v -1.467629 16.000002 -1.467629
v -1.101202 12.000000 -1.101202
v -0.734775 8.000001 -0.734775
v -0.368348 4.000000 -0.368347
v 2.988045 27.999998 -2.030466
v 3.288855 28.000004 -1.403779
v 3.469341 28.000000 -0.716930
v 3.529502 28.000004 0.000000
v 3.469341 28.000000 0.716931
v 3.288854 27.999998 1.403780
v 2.988045 27.999998 2.030467
v 2.561501 24.000004 -1.740617
v 2.819369 24.000004 -1.203389
v 2.974091 24.000004 -0.614588
v 3.025665 24.000004 0.000000
v 2.974091 24.000004 0.614589
v 2.819369 24.000004 1.203390
v 2.561501 24.000004 1.740617
v 2.134956 19.999996 -1.450767
v 2.349885 20.000004 -1.002999
v 2.478842 19.999996 -0.512246
v 2.521828 20.000004 0.000000
v 2.478842 19.999996 0.512246
v 2.349885 20.000004 1.003000
v 2.134956 19.999996 1.450768
v 1.708412 16.000002 -1.160917
v 1.880400 16.000002 -0.802610
v 1.983592 16.000002 -0.409904
v 2.017990 16.000002 0.000000
v 1.983592 16.000002 0.409904
v 1.880400 16.000002 0.802610
v 1.708412 16.000002 1.160918
v 1.281868 12.000000 -0.871068
v 1.410915 12.000002 -0.602220
v 1.488343 12.000000 -0.307562
v 1.514153 12.000002 0.000000
v 1.488343 12.000000 0.307562
v 1.410915 12.000002 0.602220
v 1.281868 12.000000 0.871068
v 0.855324 8.000001 -0.581218
v 0.941430 8.000001 -0.401830
v 0.993094 8.000001 -0.205220
v 1.010315 8.000001 0.000000
v 0.993094 8.000001 0.205220
v 0.941430 8.000001 0.401830
v 0.855324 8.000001 0.581218
v 0.428779 4.000000 -0.291369
v 0.471945 4.000000 -0.201440
v 0.497845 4.000000 -0.102878
v 0.506478 4.000000 0.000000
v 0.497845 4.000000 0.102878
v 0.471945 4.000000 0.201440
v 0.428779 4.000000 0.291369
v -0.428780 4.000000 -0.291369
v -0.471945 4.000000 -0.201440
v -0.497845 4.000000 -0.102878
v -0.506478 4.000000 0.000000
v -0.497845 4.000000 0.102878
v -0.471945 4.000001 0.201440
v -0.428780 4.000000 0.291369
v -0.855324 8.000000 -0.581218
v -0.941430 8.000001 -0.401830
v -0.993094 8.000000 -0.205220
v -1.010315 8.000001 0.000000
v -0.993094 8.000001 0.205220
v -0.941430 8.000001 0.401830
v -0.855324 8.000001 0.581218
v -1.281868 12.000001 -0.871068
v -1.410915 12.000000 -0.602220
v -1.488343 12.000001 -0.307562
v -1.514153 12.000001 0.000000
v -1.488343 12.000000 0.307562
v -1.410915 12.000001 0.602220
v -1.281868 12.000000 0.871068
v -1.708412 16.000002 -1.160918
v -1.880400 16.000002 -0.802610
v -1.983592 16.000002 -0.409904
v -2.017990 16.000002 0.000000
v -1.983593 16.000000 0.409904
v -1.880400 16.000000 0.802610
v -1.708412 16.000000 1.160918
v -2.134956 20.000002 -1.450767
v -2.349885 20.000000 -1.002999
v -2.478842 20.000002 -0.512246
v -2.521828 20.000002 0.000000
v -2.478842 20.000002 0.512247
v -2.349885 20.000002 1.003000
v -2.134956 20.000000 1.450767
v -2.561501 24.000004 -1.740617
v -2.819370 24.000002 -1.203389
v -2.974091 24.000002 -0.614588
v -3.025665 24.000004 0.000000
v -2.974091 24.000004 0.614589
v -2.819370 24.000000 1.203390
v -2.561501 24.000002 1.740617
v -2.988045 28.000002 -2.030466
v -3.288855 28.000004 -1.403779
v -3.469340 28.000000 -0.716930
v -3.529503 28.000004 0.000000
v -3.469341 28.000004 0.716931
v -3.288855 28.000002 1.403780
v -2.988045 28.000002 2.030467
v 2.030467 28.000002 -2.988045
v 1.740617 24.000004 -2.561500
v 1.450767 20.000000 -2.134956
v 1.160918 16.000002 -1.708412
v 0.871068 12.000001 -1.281868
v 0.581218 8.000001 -0.855324
v 0.291369 4.000000 -0.428779
v 1.403780 28.000004 -3.288855
v 1.203389 24.000006 -2.819369
v 1.003000 20.000002 -2.349885
v 0.802610 16.000002 -1.880400
v 0.602220 12.000001 -1.410915
v 0.401830 8.000001 -0.941430
v 0.201440 4.000000 -0.471945
v 0.716930 28.000000 -3.469340
v 0.614588 24.000004 -2.974091
v 0.512246 20.000000 -2.478842
v 0.409904 16.000002 -1.983592
v 0.307562 12.000001 -1.488343
v 0.205220 8.000001 -0.993094
v 0.102878 4.000000 -0.497845
v -0.000000 28.000004 -3.529502
v 0.000000 24.000006 -3.025665
v -0.000000 20.000002 -2.521827
v -0.000000 16.000002 -2.017990
v -0.000000 12.000001 -1.514153
v -0.000000 8.000001 -1.010315
v -0.000000 4.000000 -0.506478
v -0.716930 28.000000 -3.469340
v -0.614588 24.000004 -2.974091
v -0.512246 20.000000 -2.478842
v -0.409904 16.000002 -1.983592
v -0.307562 12.000001 -1.488343
v -0.205220 8.000001 -0.993094
v -0.102878 4.000000 -0.497845
v -1.403780 28.000002 -3.288854
v -1.203390 24.000006 -2.819369
v -1.003000 20.000002 -2.349885
v -0.802610 16.000002 -1.880400
v -0.602220 12.000001 -1.410915
v -0.401830 8.000001 -0.941430
v -0.201440 4.000000 -0.471945
v -2.030467 28.000002 -2.988045
v -1.740617 24.000004 -2.561500
v -1.450767 20.000000 -2.134956
v -1.160918 16.000002 -1.708412
v -0.871068 12.000001 -1.281868
v -0.581218 8.000001 -0.855324
v -0.291369 4.000000 -0.428779
v -2.030467 28.000004 2.988045
v -1.740617 24.000004 2.561501
v -1.450767 20.000002 2.134957
v -1.160917 16.000002 1.708413
v -0.871068 12.000000 1.281868
v -0.581218 8.000001 0.855324
v -0.291369 4.000000 0.428780
v -1.403780 28.000000 3.288855
v -1.203389 24.000002 2.819370
v -1.003000 20.000002 2.349885
v -0.802610 16.000002 1.880400
v -0.602220 12.000001 1.410915
v -0.401830 8.000001 0.941430
v -0.201440 4.000000 0.471945
v -0.716930 28.000002 3.469341
v -0.614588 24.000002 2.974092
v -0.512246 20.000002 2.478842
v -0.409904 16.000002 1.983593
v -0.307562 12.000000 1.488343
v -0.205220 8.000001 0.993094
v -0.102878 4.000000 0.497845
v 0.000000 28.000004 3.529503
v -0.000000 24.000006 3.025665
v 0.000000 20.000002 2.521828
v 0.000000 16.000002 2.017990
v 0.000000 12.000001 1.514153
v 0.000000 8.000001 1.010315
v 0.000000 4.000000 0.506478
v 0.716930 28.000000 3.469341
v 0.614588 24.000004 2.974092
v 0.512246 20.000000 2.478842
v 0.409904 16.000002 1.983593
v 0.307562 12.000001 1.488344
v 0.205220 8.000001 0.993094
v 0.102878 4.000000 0.497845
v 1.403780 28.000002 3.288855
v 1.203390 24.000006 2.819370
v 1.003000 20.000002 2.349885
v 0.802610 16.000002 1.880400
v 0.602220 12.000001 1.410915
v 0.401830 8.000001 0.941430
v 0.201440 4.000000 0.471945
v 2.030467 28.000002 2.988045
v 1.740617 24.000004 2.561501
v 1.450767 20.000000 2.134957
v 1.160918 16.000002 1.708412
v 0.871068 12.000001 1.281868
v 0.581218 8.000001 0.855324
v 0.291369 4.000000 0.428780
v -0.001746 0.000000 -0.001746
v -0.001746 -0.000000 0.001746
v -2.666672 32.000004 -2.666671
v -2.666672 32.000004 2.666672
v 0.001746 0.000000 -0.001746
v 0.001746 -0.000000 0.001746
v 2.666672 32.000004 -2.666671
v 2.666672 32.000004 2.666672
v -0.002032 0.000000 -0.001381
v -0.002237 0.000000 -0.000955
v -0.002359 0.000000 -0.000488
v -0.002400 0.000000 0.000000
v -0.002359 -0.000000 0.000488
v -0.002237 -0.000000 0.000955
v -0.002032 -0.000000 0.001381
v -3.104172 32.000000 2.109379
v -3.416673 32.000004 1.458336
v -3.604173 32.000000 0.744793
v -3.666673 32.000004 0.000000
v -3.604173 32.000004 -0.744793
v -3.416673 32.000004 -1.458336
v -3.104172 32.000004 -2.109379
v 2.109379 32.000004 -3.104172
v 1.458336 32.000004 -3.416672
v 0.744793 32.000004 -3.604173
v 0.000000 32.000004 -3.666673
v -0.744793 32.000004 -3.604173
v -1.458336 32.000004 -3.416672
v -2.109379 32.000004 -3.104172
v -2.109379 32.000000 3.104172
v -1.458336 32.000004 3.416673
v -0.744793 32.000000 3.604173
v 0.000000 32.000004 3.666674
v 0.744793 32.000004 3.604173
v 1.458336 32.000004 3.416673
v 2.109379 32.000004 3.104173
v 3.104172 32.000004 2.109379
v 3.416673 32.000004 1.458336
v 3.604173 32.000004 0.744793
v 3.666673 32.000004 0.000000
v 3.604173 32.000004 -0.744793
v 3.416673 32.000004 -1.458336
v 3.104172 32.000004 -2.109379
v 2.333555 27.999998 -2.333555
v 2.000440 24.000004 -2.000440
v 1.667324 20.000004 -1.667324
v 1.334208 16.000002 -1.334208
v 1.001093 12.000002 -1.001093
v 0.667977 8.000001 -0.667977
v 0.334861 4.000000 -0.334861
v 0.002032 -0.000000 0.001381
v 0.002237 -0.000000 0.000955
v 0.002359 -0.000000 0.000488
v 0.002400 -0.000000 0.000000
v 0.002359 0.000000 -0.000488
v 0.002237 0.000000 -0.000955
v 0.002032 0.000000 -0.001381
v -0.001381 0.000000 -0.002032
v -0.000955 0.000000 -0.002237
v -0.000488 0.000000 -0.002359
v 0.000000 0.000000 -0.002400
v 0.000488 0.000000 -0.002359
v 0.000955 0.000000 -0.002237
v 0.001381 0.000000 -0.002032
v 0.001381 -0.000000 0.002032
v 0.000955 -0.000000 0.002237
v 0.000488 -0.000000 0.002359
v -0.000000 -0.000000 0.002400
v -0.000488 -0.000000 0.002359
v -0.000955 -0.000000 0.002237
v -0.001381 -0.000000 0.002032
v -0.334861 4.000000 0.334861
v -0.667977 8.000001 0.667977
v -1.001093 12.000001 1.001093
v -1.334209 16.000002 1.334209
v -1.667324 20.000002 1.667325
v -2.000440 24.000004 2.000440
v -2.333556 28.000004 2.333556
v 2.333555 27.999998 2.333556
v 2.000440 24.000004 2.000440
v 1.667324 20.000004 1.667325
v 1.334208 16.000002 1.334209
v 1.001093 12.000002 1.001093
v 0.667977 8.000001 0.667977
v 0.334861 4.000000 0.334861
v -2.333555 28.000002 -2.333555
v -2.000440 24.000004 -2.000440
v -1.667324 20.000000 -1.667324
v -1.334209 16.000002 -1.334208
v -1.001093 12.000000 -1.001093
v -0.667977 8.000001 -0.667977
v -0.334861 4.000000 -0.334861
v 2.716405 27.999998 -1.845879
v 2.989868 28.000004 -1.276163
v 3.153946 28.000000 -0.651754
v 3.208639 28.000004 0.000000
v 3.153946 28.000000 0.651755
v 2.989868 27.999998 1.276164
v 2.716405 27.999998 1.845879
v 2.328637 24.000004 -1.582379
v 2.563063 24.000004 -1.093990
v 2.703720 24.000004 -0.558716
v 2.750605 24.000004 0.000000
v 2.703720 24.000004 0.558717
v 2.563063 24.000004 1.093991
v 2.328637 24.000004 1.582380
v 1.940869 19.999996 -1.318879
v 2.136259 20.000004 -0.911818
v 2.253493 19.999996 -0.465678
v 2.292571 20.000004 0.000000
v 2.253493 19.999996 0.465679
v 2.136259 20.000004 0.911818
v 1.940870 19.999996 1.318880
v 1.553102 16.000002 -1.055380
v 1.709455 16.000002 -0.729645
v 1.803266 16.000002 -0.372640
v 1.834537 16.000002 0.000000
v 1.803266 16.000002 0.372640
v 1.709455 16.000002 0.729645
v 1.553102 16.000002 1.055380
v 1.165335 12.000000 -0.791880
v 1.282650 12.000002 -0.547473
v 1.353040 12.000000 -0.279602
v 1.376503 12.000002 0.000000
v 1.353040 12.000000 0.279602
v 1.282650 12.000002 0.547473
v 1.165335 12.000000 0.791880
v 0.777567 8.000001 -0.528380
v 0.855846 8.000001 -0.365300
v 0.902813 8.000001 -0.186564
v 0.918469 8.000001 0.000000
v 0.902813 8.000001 0.186564
v 0.855846 8.000001 0.365300
v 0.777567 8.000001 0.528380
v 0.389800 4.000000 -0.264881
v 0.429041 4.000000 -0.183127
v 0.452586 4.000000 -0.093526
v 0.460434 4.000000 0.000000
v 0.452586 4.000000 0.093526
v 0.429041 4.000000 0.183127
v 0.389800 4.000000 0.264881
v -0.389800 4.000000 -0.264881
v -0.429041 4.000000 -0.183127
v -0.452586 4.000000 -0.093526
v -0.460434 4.000000 0.000000
v -0.452586 4.000000 0.093526
v -0.429041 4.000001 0.183127
v -0.389800 4.000000 0.264881
v -0.777567 8.000000 -0.528380
v -0.855846 8.000001 -0.365300
v -0.902813 8.000000 -0.186564
v -0.918469 8.000001 0.000000
v -0.902813 8.000001 0.186564
v -0.855846 8.000001 0.365300
v -0.777567 8.000001 0.528380
v -1.165334 12.000001 -0.791880
v -1.282650 12.000000 -0.547473
v -1.353040 12.000001 -0.279602
v -1.376503 12.000001 0.000000
v -1.353039 12.000000 0.279602
v -1.282650 12.000001 0.547473
v -1.165335 12.000000 0.791880
v -1.553102 16.000002 -1.055380
v -1.709455 16.000002 -0.729645
v -1.803266 16.000002 -0.372640
v -1.834537 16.000002 0.000000
v -1.803266 16.000000 0.372640
v -1.709455 16.000000 0.729646
v -1.553102 16.000000 1.055380
v -1.940869 20.000002 -1.318879
v -2.136259 20.000000 -0.911818
v -2.253493 20.000002 -0.465678
v -2.292571 20.000002 0.000000
v -2.253493 20.000002 0.465679
v -2.136259 20.000002 0.911818
v -1.940870 20.000000 1.318880
v -2.328637 24.000004 -1.582379
v -2.563064 24.000002 -1.093990
v -2.703720 24.000002 -0.558716
v -2.750605 24.000004 0.000000
v -2.703720 24.000004 0.558717
v -2.563064 24.000000 1.093991
v -2.328637 24.000002 1.582380
v -2.716405 28.000002 -1.845879
v -2.989868 28.000004 -1.276163
v -3.153946 28.000000 -0.651754
v -3.208639 28.000004 0.000000
v -3.153946 28.000004 0.651755
v -2.989868 28.000002 1.276164
v -2.716405 28.000002 1.845879
v 1.845879 28.000002 -2.716404
v 1.582379 24.000004 -2.328637
v 1.318879 20.000000 -1.940869
v 1.055380 16.000002 -1.553102
v 0.791880 12.000001 -1.165334
v 0.528380 8.000001 -0.777567
v 0.264881 4.000000 -0.389800
v 1.276163 28.000004 -2.989868
v 1.093990 24.000006 -2.563063
v 0.911818 20.000002 -2.136259
v 0.729645 16.000002 -1.709454
v 0.547473 12.000001 -1.282650
v 0.365300 8.000001 -0.855846
v 0.183127 4.000000 -0.429041
v 0.651755 28.000000 -3.153946
v 0.558717 24.000004 -2.703719
v 0.465678 20.000000 -2.253493
v 0.372640 16.000002 -1.803266
v 0.279602 12.000001 -1.353039
v 0.186564 8.000001 -0.902813
v 0.093526 4.000000 -0.452586
v -0.000000 28.000004 -3.208639
v 0.000000 24.000006 -2.750605
v -0.000000 20.000002 -2.292571
v -0.000000 16.000002 -1.834537
v -0.000000 12.000001 -1.376502
v -0.000000 8.000001 -0.918468
v -0.000000 4.000000 -0.460434
v -0.651755 28.000000 -3.153946
v -0.558717 24.000004 -2.703720
v -0.465678 20.000000 -2.253493
v -0.372640 16.000002 -1.803266
v -0.279602 12.000001 -1.353040
v -0.186564 8.000001 -0.902813
v -0.093526 4.000000 -0.452586
v -1.276163 28.000002 -2.989868
v -1.093991 24.000006 -2.563063
v -0.911818 20.000002 -2.136259
v -0.729645 16.000002 -1.709455
v -0.547473 12.000001 -1.282650
v -0.365300 8.000001 -0.855846
v -0.183127 4.000000 -0.429041
v -1.845879 28.000002 -2.716404
v -1.582379 24.000004 -2.328637
v -1.318879 20.000000 -1.940869
v -1.055380 16.000002 -1.553102
v -0.791880 12.000001 -1.165334
v -0.528380 8.000001 -0.777567
v -0.264881 4.000000 -0.389800
v -1.845879 28.000004 2.716405
v -1.582379 24.000004 2.328637
v -1.318879 20.000002 1.940870
v -1.055380 16.000002 1.553102
v -0.791880 12.000000 1.165335
v -0.528380 8.000001 0.777567
v -0.264881 4.000000 0.389800
v -1.276163 28.000000 2.989869
v -1.093990 24.000002 2.563064
v -0.911818 20.000002 2.136259
v -0.729645 16.000002 1.709455
v -0.547473 12.000001 1.282650
v -0.365300 8.000001 0.855846
v -0.183127 4.000000 0.429041
v -0.651755 28.000002 3.153947
v -0.558717 24.000002 2.703720
v -0.465678 20.000002 2.253494
v -0.372640 16.000002 1.803266
v -0.279602 12.000000 1.353040
v -0.186564 8.000001 0.902813
v -0.093526 4.000000 0.452586
v 0.000000 28.000004 3.208640
v -0.000000 24.000006 2.750605
v 0.000000 20.000002 2.292571
v 0.000000 16.000002 1.834537
v 0.000000 12.000001 1.376503
v 0.000000 8.000001 0.918469
v 0.000000 4.000000 0.460434
v 0.651755 28.000000 3.153947
v 0.558717 24.000004 2.703720
v 0.465678 20.000000 2.253493
v 0.372640 16.000002 1.803266
v 0.279602 12.000001 1.353040
v 0.186564 8.000001 0.902813
v 0.093526 4.000000 0.452586
v 1.276163 28.000002 2.989869
v 1.093991 24.000006 2.563064
v 0.911818 20.000002 2.136260
v 0.729645 16.000002 1.709455
v 0.547473 12.000001 1.282650
v 0.365300 8.000001 0.855846
v 0.183127 4.000000 0.429041
v 1.845879 28.000002 2.716405
v 1.582379 24.000004 2.328637
v 1.318879 20.000000 1.940870
v 1.055380 16.000002 1.553102
v 0.791880 12.000001 1.165335
v 0.528380 8.000001 0.777567
v 0.264881 4.000000 0.389800
vn -0.6397 -0.4262 -0.6397
vn -0.6397 -0.4262 0.6397
vn 0.6397 -0.4262 -0.6397
vn 0.6397 -0.4262 0.6397
vn -0.7695 -0.4242 -0.4774
vn -0.8520 -0.4205 -0.3119
vn -0.8956 -0.4175 -0.1533
vn -0.9092 -0.4164 -0.0000
vn -0.8956 -0.4175 0.1533
vn -0.8520 -0.4205 0.3119
vn -0.7695 -0.4242 0.4774
vn -0.7684 -0.4242 0.4792
vn -0.8512 -0.4205 0.3141
vn -0.8954 -0.4175 0.1547
vn -0.8954 -0.4175 -0.1547
vn -0.8512 -0.4205 -0.3141
vn -0.7684 -0.4242 -0.4792
vn 0.4792 -0.4242 -0.7684
vn 0.3141 -0.4205 -0.8512
vn 0.1547 -0.4175 -0.8954
vn -0.0000 -0.4164 -0.9092
vn -0.1547 -0.4175 -0.8954
vn -0.3141 -0.4205 -0.8512
vn -0.4792 -0.4242 -0.7684
vn -0.4792 -0.4242 0.7684
vn -0.3141 -0.4205 0.8512
vn -0.1547 -0.4175 0.8954
vn -0.0000 -0.4164 0.9092
vn 0.1547 -0.4175 0.8954
vn 0.3141 -0.4205 0.8512
vn 0.4792 -0.4242 0.7684
vn 0.7684 -0.4242 0.4792
vn 0.8512 -0.4205 0.3141
vn 0.8954 -0.4175 0.1547
vn 0.9092 -0.4164 -0.0000
vn 0.8954 -0.4175 -0.1547
vn 0.8512 -0.4205 -0.3141
vn 0.7684 -0.4242 -0.4792
vn 0.7695 -0.4242 0.4774
vn 0.8520 -0.4205 0.3119
vn 0.8956 -0.4175 0.1533
vn 0.8956 -0.4175 -0.1533
vn 0.8520 -0.4205 -0.3119
vn 0.7695 -0.4242 -0.4774
vn -0.4774 -0.4242 -0.7695
vn -0.3119 -0.4205 -0.8520
vn -0.1533 -0.4175 -0.8956
vn 0.1533 -0.4175 -0.8956
vn 0.3119 -0.4205 -0.8520
vn 0.4774 -0.4242 -0.7695
vn 0.4774 -0.4242 0.7695
vn 0.3119 -0.4205 0.8520
vn 0.1533 -0.4175 0.8956
vn -0.1533 -0.4175 0.8956
vn -0.3119 -0.4205 0.8520
vn -0.4774 -0.4242 0.7695
vn 0.7689 -0.4242 -0.4783
vn 0.8516 -0.4205 -0.3130
vn 0.8955 -0.4175 -0.1540
vn 0.8955 -0.4175 0.1540
vn 0.8516 -0.4205 0.3130
vn 0.7689 -0.4242 0.4783
vn -0.7689 -0.4242 -0.4783
vn -0.8516 -0.4205 -0.3130
vn -0.8955 -0.4175 -0.1540
vn -0.8955 -0.4175 0.1540
vn -0.8516 -0.4205 0.3130
vn -0.7689 -0.4242 0.4783
vn 0.4783 -0.4242 -0.7689
vn 0.3130 -0.4205 -0.8516
vn 0.1540 -0.4175 -0.8955
vn -0.1540 -0.4175 -0.8955
vn -0.3130 -0.4205 -0.8516
vn -0.4783 -0.4242 -0.7689
vn -0.4783 -0.4242 0.7689
vn -0.3130 -0.4205 0.8516
vn -0.1540 -0.4175 0.8955
vn 0.1540 -0.4175 0.8955
vn 0.3130 -0.4205 0.8516
vn 0.4783 -0.4242 0.7689
vn -0.6426 -0.4174 -0.6426
vn -0.6426 -0.4174 0.6426
vn 0.6426 -0.4174 -0.6426
vn 0.6426 -0.4174 0.6426
vn -0.7729 -0.4154 -0.4796
vn -0.8558 -0.4118 -0.3133
vn -0.8995 -0.4088 -0.1540
vn -0.9131 -0.4078 -0.0000
vn -0.8995 -0.4088 0.1540
vn -0.8558 -0.4118 0.3133
vn -0.7729 -0.4154 0.4796
vn -0.7718 -0.4155 0.4814
vn -0.8549 -0.4118 0.3154
vn -0.8993 -0.4089 0.1554
vn -0.8993 -0.4089 -0.1554
vn -0.8549 -0.4118 -0.3154
vn -0.7718 -0.4155 -0.4814
vn 0.4814 -0.4155 -0.7718
vn 0.3154 -0.4118 -0.8549
vn 0.1554 -0.4089 -0.8993
vn -0.0000 -0.4078 -0.9131
vn -0.1554 -0.4089 -0.8993
vn -0.3154 -0.4118 -0.8549
vn -0.4814 -0.4155 -0.7718
vn -0.4814 -0.4155 0.7718
vn -0.3154 -0.4118 0.8549
vn -0.1554 -0.4089 0.8993
vn -0.0000 -0.4078 0.9131
vn 0.1554 -0.4089 0.8993
vn 0.3154 -0.4118 0.8549
vn 0.4814 -0.4155 0.7718
vn 0.7718 -0.4155 0.4814
vn 0.8549 -0.4118 0.3154
vn 0.8993 -0.4089 0.1554
vn 0.9131 -0.4078 -0.0000
vn 0.8993 -0.4089 -0.1554
vn 0.8549 -0.4118 -0.3154
vn 0.7718 -0.4155 -0.4814
vn 0.7729 -0.4154 0.4796
vn 0.8558 -0.4118 0.3133
vn 0.8995 -0.4088 0.1540
vn 0.8995 -0.4088 -0.1540
vn 0.8558 -0.4118 -0.3133
vn 0.7729 -0.4154 -0.4796
vn -0.4796 -0.4154 -0.7729
vn -0.3133 -0.4118 -0.8558
vn -0.1540 -0.4088 -0.8995
vn 0.1540 -0.4088 -0.8995
vn 0.3133 -0.4118 -0.8558
vn 0.4796 -0.4154 -0.7729
vn 0.4796 -0.4154 0.7729
vn 0.3133 -0.4118 0.8558
vn 0.1540 -0.4088 0.8995
vn -0.1540 -0.4088 0.8995
vn -0.3133 -0.4118 0.8558
vn -0.4796 -0.4154 0.7729
vn 0.7724 -0.4154 -0.4804
vn 0.8554 -0.4118 -0.3143
vn 0.8994 -0.4088 -0.1547
vn 0.8994 -0.4088 0.1547
vn 0.8554 -0.4118 0.3143
vn 0.7724 -0.4154 0.4804
vn -0.7724 -0.4154 -0.4804
vn -0.8554 -0.4118 -0.3143
vn -0.8994 -0.4088 -0.1547
vn -0.8994 -0.4088 0.1547
vn -0.8554 -0.4118 0.3143
vn -0.7724 -0.4154 0.4804
vn 0.4804 -0.4154 -0.7724
vn 0.3143 -0.4118 -0.8554
vn 0.1547 -0.4088 -0.8994
vn -0.1547 -0.4088 -0.8994
vn -0.3143 -0.4118 -0.8554
vn -0.4804 -0.4154 -0.7724
vn -0.4804 -0.4154 0.7724
vn -0.3143 -0.4118 0.8554
vn -0.1547 -0.4088 0.8994
vn 0.1547 -0.4088 0.8994
vn 0.3143 -0.4118 0.8554
vn 0.4804 -0.4154 0.7724
vn -0.6454 -0.4085 -0.6454
vn -0.6454 -0.4085 0.6454
vn 0.6454 -0.4085 -0.6454
vn 0.6454 -0.4085 0.6454
vn -0.7763 -0.4066 -0.4817
vn -0.8594 -0.4029 -0.3146
vn -0.9033 -0.4000 -0.1547
vn -0.9170 -0.3990 -0.0000
vn -0.9033 -0.4000 0.1547
vn -0.8594 -0.4029 0.3146
vn -0.7763 -0.4066 0.4817
vn -0.7752 -0.4066 0.4835
vn -0.8586 -0.4030 0.3168
vn -0.9031 -0.4001 0.1560
vn -0.9031 -0.4001 -0.1560
vn -0.8586 -0.4030 -0.3168
vn -0.7752 -0.4066 -0.4835
vn 0.4835 -0.4066 -0.7752
vn 0.3168 -0.4030 -0.8586
vn 0.1560 -0.4001 -0.9031
vn -0.0000 -0.3990 -0.9170
vn -0.1560 -0.4001 -0.9031
vn -0.3168 -0.4030 -0.8586
vn -0.4835 -0.4066 -0.7752
vn -0.4835 -0.4066 0.7752
vn -0.3168 -0.4030 0.8586
vn -0.1560 -0.4001 0.9031
vn -0.0000 -0.3990 0.9170
vn 0.1560 -0.4001 0.9031
vn 0.3168 -0.4030 0.8586
vn 0.4835 -0.4066 0.7752
vn 0.7752 -0.4066 0.4835
vn 0.8586 -0.4030 0.3168
vn 0.9031 -0.4001 0.1560
vn 0.9170 -0.3990 -0.0000
vn 0.9031 -0.4001 -0.1560
vn 0.8586 -0.4030 -0.3168
vn 0.7752 -0.4066 -0.4835
vn 0.7763 -0.4066 0.4817
vn 0.8594 -0.4029 0.3146
vn 0.9033 -0.4000 0.1547
vn 0.9033 -0.4000 -0.1547
vn 0.8594 -0.4029 -0.3146
vn 0.7763 -0.4066 -0.4817
vn -0.4817 -0.4066 -0.7763
vn -0.3146 -0.4029 -0.8594
vn -0.1547 -0.4000 -0.9033
vn 0.1547 -0.4000 -0.9033
vn 0.3146 -0.4029 -0.8594
vn 0.4817 -0.4066 -0.7763
vn 0.4817 -0.4066 0.7763
vn 0.3146 -0.4029 0.8594
vn 0.1547 -0.4000 0.9033
vn -0.1547 -0.4000 0.9033
vn -0.3146 -0.4029 0.8594
vn -0.4817 -0.4066 0.7763
vn 0.7758 -0.4066 -0.4826
vn 0.8591 -0.4029 -0.3157
vn 0.9032 -0.4001 -0.1553
vn 0.9032 -0.4001 0.1553
vn 0.8591 -0.4029 0.3157
vn 0.7758 -0.4066 0.4826
vn -0.7758 -0.4066 -0.4826
vn -0.8591 -0.4029 -0.3157
vn -0.9032 -0.4001 -0.1553
vn -0.9032 -0.4001 0.1553
vn -0.8591 -0.4029 0.3157
vn -0.7758 -0.4066 0.4826
vn 0.4826 -0.4066 -0.7758
vn 0.3157 -0.4029 -0.8591
vn 0.1553 -0.4001 -0.9032
vn -0.1553 -0.4001 -0.9032
vn -0.3157 -0.4029 -0.8591
vn -0.4826 -0.4066 -0.7758
vn -0.4826 -0.4066 0.7758
vn -0.3157 -0.4029 0.8591
vn -0.1553 -0.4001 0.9032
vn 0.1553 -0.4001 0.9032
vn 0.3157 -0.4029 0.8591
vn 0.4826 -0.4066 0.7758
vn -0.6482 -0.3995 -0.6482
vn -0.6482 -0.3995 0.6482
vn 0.6482 -0.3995 -0.6482
vn 0.6482 -0.3995 0.6482
vn -0.7797 -0.3976 -0.4838
vn -0.8631 -0.3940 -0.3160
vn -0.9071 -0.3911 -0.1553
vn -0.9208 -0.3901 -0.0000
vn -0.9071 -0.3911 0.1553
vn -0.8631 -0.3940 0.3160
vn -0.7797 -0.3976 0.4838
vn -0.7786 -0.3976 0.4855
vn -0.8623 -0.3940 0.3181
vn -0.9069 -0.3912 0.1566
vn -0.9069 -0.3912 -0.1566
vn -0.8623 -0.3940 -0.3181
vn -0.7786 -0.3976 -0.4855
vn 0.4855 -0.3976 -0.7786
vn 0.3181 -0.3940 -0.8623
vn 0.1566 -0.3912 -0.9069
vn -0.0000 -0.3901 -0.9208
vn -0.1566 -0.3912 -0.9069
vn -0.3181 -0.3940 -0.8623
vn -0.4855 -0.3976 -0.7786
vn -0.4855 -0.3976 0.7786
vn -0.3181 -0.3940 0.8623
vn -0.1566 -0.3912 0.9069
vn -0.0000 -0.3901 0.9208
vn 0.1566 -0.3912 0.9069
vn 0.3181 -0.3940 0.8623
vn 0.4855 -0.3976 0.7786
vn 0.7786 -0.3976 0.4855
vn 0.8623 -0.3940 0.3181
vn 0.9069 -0.3912 0.1566
vn 0.9208 -0.3901 -0.0000
vn 0.9069 -0.3912 -0.1566
vn 0.8623 -0.3940 -0.3181
vn 0.7786 -0.3976 -0.4855
vn 0.7797 -0.3976 0.4838
vn 0.8631 -0.3940 0.3160
vn 0.9071 -0.3911 0.1553
vn 0.9071 -0.3911 -0.1553
vn 0.8631 -0.3940 -0.3160
vn 0.7797 -0.3976 -0.4838
vn -0.4838 -0.3976 -0.7797
vn -0.3160 -0.3940 -0.8631
vn -0.1553 -0.3911 -0.9071
vn 0.1553 -0.3911 -0.9071
vn 0.3160 -0.3940 -0.8631
vn 0.4838 -0.3976 -0.7797
vn 0.4838 -0.3976 0.7797
vn 0.3160 -0.3940 0.8631
vn 0.1553 -0.3911 0.9071
vn -0.1553 -0.3911 0.9071
vn -0.3160 -0.3940 0.8631
vn -0.4838 -0.3976 0.7797
vn 0.7791 -0.3976 -0.4846
vn 0.8627 -0.3940 -0.3170
vn 0.9070 -0.3912 -0.1560
vn 0.9070 -0.3912 0.1560
vn 0.8627 -0.3940 0.3170
vn 0.7791 -0.3976 0.4846
vn -0.7791 -0.3976 -0.4846
vn -0.8627 -0.3940 -0.3170
vn -0.9070 -0.3912 -0.1560
vn -0.9070 -0.3912 0.1560
vn -0.8627 -0.3940 0.3170
vn -0.7791 -0.3976 0.4846
vn 0.4846 -0.3976 -0.7791
vn 0.3170 -0.3940 -0.8627
vn 0.1560 -0.3912 -0.9070
vn -0.1560 -0.3912 -0.9070
vn -0.3170 -0.3940 -0.8627
vn -0.4846 -0.3976 -0.7791
vn -0.4846 -0.3976 0.7791
vn -0.3170 -0.3940 0.8627
vn -0.1560 -0.3912 0.9070
vn 0.1560 -0.3912 0.9070
vn 0.3170 -0.3940 0.8627
vn 0.4846 -0.3976 0.7791
vn -0.6510 -0.3903 -0.6510
vn -0.6510 -0.3904 0.6510
vn 0.6510 -0.3903 -0.6510
vn 0.6510 -0.3904 0.6510
vn 0.6510 -0.3903 0.6510
vn -0.7830 -0.3885 -0.4859
vn -0.8667 -0.3849 -0.3173
vn -0.9108 -0.3821 -0.1560
vn -0.9245 -0.3811 -0.0000
vn -0.9108 -0.3821 0.1560
vn -0.8667 -0.3849 0.3173
vn -0.7830 -0.3885 0.4859
vn -0.7819 -0.3885 0.4876
vn -0.8659 -0.3850 0.3194
vn -0.9106 -0.3822 0.1573
vn -0.9106 -0.3822 -0.1573
vn -0.8659 -0.3850 -0.3194
vn -0.7819 -0.3885 -0.4876
vn 0.4876 -0.3885 -0.7819
vn 0.3194 -0.3850 -0.8659
vn 0.1573 -0.3822 -0.9106
vn -0.0000 -0.3811 -0.9245
vn -0.1573 -0.3822 -0.9106
vn -0.3194 -0.3850 -0.8659
vn -0.4876 -0.3885 -0.7819
vn -0.4876 -0.3885 0.7819
vn -0.3194 -0.3850 0.8659
vn -0.1573 -0.3822 0.9106
vn -0.0000 -0.3811 0.9245
vn 0.1573 -0.3822 0.9106
vn 0.3194 -0.3850 0.8659
vn 0.4876 -0.3885 0.7819
vn 0.7819 -0.3885 0.4876
vn 0.8659 -0.3850 0.3194
vn 0.9106 -0.3822 0.1573
vn 0.9245 -0.3811 -0.0000
vn 0.9106 -0.3822 -0.1573
vn 0.8659 -0.3850 -0.3194
vn 0.7819 -0.3885 -0.4876
vn 0.6510 -0.3904 -0.6510
vn 0.7830 -0.3885 0.4859
vn 0.8667 -0.3849 0.3173
vn 0.9108 -0.3821 0.1560
vn 0.9108 -0.3821 -0.1560
vn 0.8667 -0.3849 -0.3173
vn 0.7830 -0.3885 -0.4859
vn -0.4859 -0.3885 -0.7830
vn -0.3173 -0.3849 -0.8667
vn -0.1560 -0.3821 -0.9108
vn 0.1560 -0.3821 -0.9108
vn 0.3173 -0.3849 -0.8667
vn 0.4859 -0.3885 -0.7830
vn 0.4859 -0.3885 0.7830
vn 0.3173 -0.3849 0.8667
vn 0.1560 -0.3821 0.9108
vn -0.1560 -0.3821 0.9108
vn -0.3173 -0.3849 0.8667
vn -0.4859 -0.3885 0.7830
vn -0.6510 -0.3904 -0.6510
vn 0.7824 -0.3885 -0.4867
vn 0.8663 -0.3850 -0.3184
vn 0.9107 -0.3821 -0.1566
vn 0.9107 -0.3821 0.1566
vn 0.8663 -0.3850 0.3184
vn 0.7824 -0.3885 0.4867
vn -0.7824 -0.3885 -0.4867
vn -0.8663 -0.3850 -0.3184
vn -0.9107 -0.3821 -0.1566
vn -0.9107 -0.3821 0.1566
vn -0.8663 -0.3850 0.3184
vn -0.7824 -0.3885 0.4867
vn 0.4867 -0.3885 -0.7824
vn 0.3184 -0.3850 -0.8663
vn 0.1566 -0.3821 -0.9107
vn -0.1566 -0.3821 -0.9107
vn -0.3184 -0.3850 -0.8663
vn -0.4867 -0.3885 -0.7824
vn -0.4867 -0.3885 0.7824
vn -0.3184 -0.3850 0.8663
vn -0.1566 -0.3821 0.9107
vn 0.1566 -0.3821 0.9107
vn 0.3184 -0.3850 0.8663
vn 0.4867 -0.3885 0.7824
vn -0.6537 -0.3811 -0.6537
vn -0.6537 -0.3811 0.6537
vn 0.6537 -0.3811 -0.6537
vn 0.6537 -0.3811 0.6537
vn -0.7862 -0.3792 -0.4879
vn -0.8702 -0.3758 -0.3187
vn -0.9145 -0.3730 -0.1566
vn -0.9282 -0.3720 -0.0000
vn -0.9145 -0.3730 0.1566
vn -0.8702 -0.3758 0.3187
vn -0.7862 -0.3792 0.4879
vn -0.7851 -0.3793 0.4896
vn -0.8694 -0.3758 0.3207
vn -0.9143 -0.3730 0.1579
vn -0.9143 -0.3730 -0.1579
vn -0.8694 -0.3758 -0.3207
vn -0.7851 -0.3793 -0.4896
vn 0.4896 -0.3793 -0.7851
vn 0.3207 -0.3758 -0.8694
vn 0.1579 -0.3730 -0.9143
vn -0.0000 -0.3720 -0.9282
vn -0.1579 -0.3730 -0.9143
vn -0.3207 -0.3758 -0.8694
vn -0.4896 -0.3793 -0.7851
vn -0.4896 -0.3793 0.7851
vn -0.3207 -0.3758 0.8694
vn -0.1579 -0.3730 0.9143
vn -0.0000 -0.3720 0.9282
vn 0.1579 -0.3730 0.9143
vn 0.3207 -0.3758 0.8694
vn 0.4896 -0.3793 0.7851
vn 0.7851 -0.3793 0.4896
vn 0.8694 -0.3758 0.3207
vn 0.9143 -0.3730 0.1579
vn 0.9282 -0.3720 -0.0000
vn 0.9143 -0.3730 -0.1579
vn 0.8694 -0.3758 -0.3207
vn 0.7851 -0.3793 -0.4896
vn 0.7862 -0.3792 0.4879
vn 0.8702 -0.3758 0.3187
vn 0.9145 -0.3730 0.1566
vn 0.9145 -0.3730 -0.1566
vn 0.8702 -0.3758 -0.3187
vn 0.7862 -0.3792 -0.4879
vn -0.4879 -0.3792 -0.7862
vn -0.3187 -0.3758 -0.8702
vn -0.1566 -0.3730 -0.9145
vn 0.1566 -0.3730 -0.9145
vn 0.3187 -0.3758 -0.8702
vn 0.4879 -0.3792 -0.7862
vn 0.4879 -0.3792 0.7862
vn 0.3187 -0.3758 0.8702
vn 0.1566 -0.3730 0.9145
vn -0.1566 -0.3730 0.9145
vn -0.3187 -0.3758 0.8702
vn -0.4879 -0.3792 0.7862
vn 0.7857 -0.3793 -0.4887
vn 0.8698 -0.3758 -0.3197
vn 0.9144 -0.3730 -0.1573
vn 0.9144 -0.3730 0.1573
vn 0.8698 -0.3758 0.3197
vn 0.7857 -0.3793 0.4887
vn -0.7857 -0.3793 -0.4887
vn -0.8698 -0.3758 -0.3197
vn -0.9144 -0.3730 -0.1573
vn -0.9144 -0.3730 0.1573
vn -0.8698 -0.3758 0.3197
vn -0.7857 -0.3793 0.4887
vn 0.4887 -0.3793 -0.7857
vn 0.3197 -0.3758 -0.8698
vn 0.1573 -0.3730 -0.9144
vn -0.1573 -0.3730 -0.9144
vn -0.3197 -0.3758 -0.8698
vn -0.4887 -0.3793 -0.7857
vn -0.4887 -0.3793 0.7857
vn -0.3197 -0.3758 0.8698
vn -0.1573 -0.3730 0.9144
vn 0.1573 -0.3730 0.9144
vn 0.3197 -0.3758 0.8698
vn 0.4887 -0.3793 0.7857
vn -0.6564 -0.3717 -0.6564
vn -0.6564 -0.3717 0.6564
vn 0.6564 -0.3717 -0.6564
vn 0.6564 -0.3717 0.6564
vn -0.7894 -0.3699 -0.4899
vn -0.8737 -0.3665 -0.3200
vn -0.9181 -0.3638 -0.1573
vn -0.9319 -0.3628 -0.0000
vn -0.9181 -0.3638 0.1573
vn -0.8737 -0.3665 0.3200
vn -0.7894 -0.3699 0.4899
vn -0.7884 -0.3699 0.4916
vn -0.8729 -0.3665 0.3220
vn -0.9179 -0.3638 0.1585
vn -0.9179 -0.3638 -0.1585
vn -0.8729 -0.3665 -0.3220
vn -0.7884 -0.3699 -0.4916
vn 0.4916 -0.3699 -0.7884
vn 0.3220 -0.3665 -0.8729
vn 0.1585 -0.3638 -0.9179
vn -0.0000 -0.3628 -0.9319
vn -0.1585 -0.3638 -0.9179
vn -0.3220 -0.3665 -0.8729
vn -0.4916 -0.3699 -0.7884
vn -0.4916 -0.3699 0.7884
vn -0.3220 -0.3665 0.8729
vn -0.1585 -0.3638 0.9179
vn -0.0000 -0.3628 0.9319
vn 0.1585 -0.3638 0.9179
vn 0.3220 -0.3665 0.8729
vn 0.4916 -0.3699 0.7884
vn 0.7884 -0.3699 0.4916
vn 0.8729 -0.3665 0.3220
vn 0.9179 -0.3638 0.1585
vn 0.9319 -0.3628 -0.0000
vn 0.9179 -0.3638 -0.1585
vn 0.8729 -0.3665 -0.3220
vn 0.7884 -0.3699 -0.4916
vn 0.7894 -0.3699 0.4899
vn 0.8737 -0.3665 0.3200
vn 0.9181 -0.3638 0.1573
vn 0.9181 -0.3638 -0.1573
vn 0.8737 -0.3665 -0.3200
vn 0.7894 -0.3699 -0.4899
vn -0.4899 -0.3699 -0.7894
vn -0.3200 -0.3665 -0.8737
vn -0.1573 -0.3638 -0.9181
vn 0.1573 -0.3638 -0.9181
vn 0.3200 -0.3665 -0.8737
vn 0.4899 -0.3699 -0.7894
vn 0.4899 -0.3699 0.7894
vn 0.3200 -0.3665 0.8737
vn 0.1573 -0.3638 0.9181
vn -0.1573 -0.3638 0.9181
vn -0.3200 -0.3665 0.8737
vn -0.4899 -0.3699 0.7894
vn 0.7889 -0.3699 -0.4907
vn 0.8733 -0.3665 -0.3209
vn 0.9180 -0.3638 -0.1579
vn 0.9180 -0.3638 0.1579
vn 0.8733 -0.3665 0.3209
vn 0.7889 -0.3699 0.4907
vn -0.7889 -0.3699 -0.4907
vn -0.8733 -0.3665 -0.3209
vn -0.9180 -0.3638 -0.1579
vn -0.9180 -0.3638 0.1579
vn -0.8733 -0.3665 0.3209
vn -0.7889 -0.3699 0.4907
vn 0.4907 -0.3699 -0.7889
vn 0.3209 -0.3665 -0.8733
vn 0.1579 -0.3638 -0.9180
vn -0.1579 -0.3638 -0.9180
vn -0.3209 -0.3665 -0.8733
vn -0.4907 -0.3699 -0.7889
vn -0.4907 -0.3699 0.7889
vn -0.3209 -0.3665 0.8733
vn -0.1579 -0.3638 0.9180
vn 0.1579 -0.3638 0.9180
vn 0.3209 -0.3665 0.8733
vn 0.4907 -0.3699 0.7889
vn -0.6591 -0.3623 -0.6591
vn -0.6591 -0.3623 0.6591
vn 0.6591 -0.3623 -0.6591
vn 0.6591 -0.3623 0.6591
vn -0.7925 -0.3605 -0.4919
vn -0.8771 -0.3571 -0.3213
vn -0.9216 -0.3545 -0.1579
vn -0.9354 -0.3535 -0.0000
vn -0.9216 -0.3545 0.1579
vn -0.8771 -0.3571 0.3213
vn -0.7925 -0.3605 0.4919
vn -0.7915 -0.3605 0.4935
vn -0.8764 -0.3571 0.3232
vn -0.9214 -0.3545 0.1591
vn -0.9214 -0.3545 -0.1591
vn -0.8764 -0.3571 -0.3232
vn -0.7915 -0.3605 -0.4935
vn 0.4935 -0.3605 -0.7915
vn 0.3232 -0.3571 -0.8764
vn 0.1591 -0.3545 -0.9214
vn -0.0000 -0.3535 -0.9354
vn -0.1591 -0.3545 -0.9214
vn -0.3232 -0.3571 -0.8764
vn -0.4935 -0.3605 -0.7915
vn -0.4935 -0.3605 0.7915
vn -0.3232 -0.3571 0.8764
vn -0.1591 -0.3545 0.9214
vn -0.0000 -0.3535 0.9354
vn 0.1591 -0.3545 0.9214
vn 0.3232 -0.3571 0.8764
vn 0.4935 -0.3605 0.7915
vn 0.7915 -0.3605 0.4935
vn 0.8764 -0.3571 0.3232
vn 0.9214 -0.3545 0.1591
vn 0.9354 -0.3535 -0.0000
vn 0.9214 -0.3545 -0.1591
vn 0.8764 -0.3571 -0.3232
vn 0.7915 -0.3605 -0.4935
vn 0.7925 -0.3605 0.4919
vn 0.8771 -0.3571 0.3213
vn 0.9216 -0.3545 0.1579
vn 0.9216 -0.3545 -0.1579
vn 0.8771 -0.3571 -0.3213
vn 0.7925 -0.3605 -0.4919
vn -0.4919 -0.3605 -0.7925
vn -0.3213 -0.3571 -0.8771
vn -0.1579 -0.3545 -0.9216
vn 0.1579 -0.3545 -0.9216
vn 0.3213 -0.3571 -0.8771
vn 0.4919 -0.3605 -0.7925
vn 0.4919 -0.3605 0.7925
vn 0.3213 -0.3571 0.8771
vn 0.1579 -0.3545 0.9216
vn -0.1579 -0.3545 0.9216
vn -0.3213 -0.3571 0.8771
vn -0.4919 -0.3605 0.7925
vn 0.7920 -0.3605 -0.4927
vn 0.8767 -0.3571 -0.3222
vn 0.9215 -0.3545 -0.1585
vn 0.9215 -0.3545 0.1585
vn 0.8767 -0.3571 0.3222
vn 0.7920 -0.3605 0.4927
vn -0.7920 -0.3605 -0.4927
vn -0.8767 -0.3571 -0.3222
vn -0.9215 -0.3545 -0.1585
vn -0.9215 -0.3545 0.1585
vn -0.8767 -0.3571 0.3222
vn -0.7920 -0.3605 0.4927
vn 0.4927 -0.3605 -0.7920
vn 0.3222 -0.3571 -0.8767
vn 0.1585 -0.3545 -0.9215
vn -0.1585 -0.3545 -0.9215
vn -0.3222 -0.3571 -0.8767
vn -0.4927 -0.3605 -0.7920
vn -0.4927 -0.3605 0.7920
vn -0.3222 -0.3571 0.8767
vn -0.1585 -0.3545 0.9215
vn 0.1585 -0.3545 0.9215
vn 0.3222 -0.3571 0.8767
vn 0.4927 -0.3605 0.7920
vn -0.6617 -0.3527 -0.6617
vn -0.6617 -0.3527 0.6617
vn 0.6617 -0.3527 -0.6617
vn 0.6617 -0.3527 0.6617
vn -0.7956 -0.3509 -0.4938
vn -0.8804 -0.3476 -0.3225
vn -0.9251 -0.3450 -0.1585
vn -0.9389 -0.3441 -0.0000
vn -0.9251 -0.3450 0.1585
vn -0.8804 -0.3476 0.3225
vn -0.7956 -0.3509 0.4938
vn -0.7946 -0.3509 0.4954
vn -0.8797 -0.3477 0.3244
vn -0.9249 -0.3450 0.1597
vn -0.9249 -0.3450 -0.1597
vn -0.8797 -0.3477 -0.3244
vn -0.7946 -0.3509 -0.4954
vn 0.4954 -0.3509 -0.7946
vn 0.3244 -0.3477 -0.8797
vn 0.1597 -0.3450 -0.9249
vn -0.0000 -0.3441 -0.9389
vn -0.1597 -0.3450 -0.9249
vn -0.3244 -0.3477 -0.8797
vn -0.4954 -0.3509 -0.7946
vn -0.4954 -0.3509 0.7946
vn -0.3244 -0.3477 0.8797
vn -0.1597 -0.3450 0.9249
vn -0.0000 -0.3441 0.9389
vn 0.1597 -0.3450 0.9249
vn 0.3244 -0.3477 0.8797
vn 0.4954 -0.3509 0.7946
vn 0.7946 -0.3509 0.4954
vn 0.8797 -0.3477 0.3244
vn 0.9249 -0.3450 0.1597
vn 0.9389 -0.3441 -0.0000
vn 0.9249 -0.3450 -0.1597
vn 0.8797 -0.3477 -0.3244
vn 0.7946 -0.3509 -0.4954
vn 0.7956 -0.3509 0.4938
vn 0.8804 -0.3476 0.3225
vn 0.9251 -0.3450 0.1585
vn 0.9251 -0.3450 -0.1585
vn 0.8804 -0.3476 -0.3225
vn 0.7956 -0.3509 -0.4938
vn -0.4939 -0.3509 -0.7956
vn -0.3225 -0.3476 -0.8804
vn -0.1585 -0.3450 -0.9251
vn 0.1585 -0.3450 -0.9251
vn 0.3225 -0.3476 -0.8804
vn 0.4938 -0.3509 -0.7956
vn 0.4939 -0.3509 0.7956
vn 0.3225 -0.3476 0.8804
vn 0.1585 -0.3450 0.9251
vn -0.1585 -0.3450 0.9251
vn -0.3225 -0.3476 0.8804
vn -0.4939 -0.3509 0.7956
vn 0.7951 -0.3509 -0.4946
vn 0.8801 -0.3476 -0.3234
vn 0.9250 -0.3450 -0.1591
vn 0.9250 -0.3450 0.1591
vn 0.8801 -0.3476 0.3234
vn 0.7951 -0.3509 0.4946
vn -0.7951 -0.3509 -0.4946
vn -0.8801 -0.3476 -0.3234
vn -0.9250 -0.3450 -0.1591
vn -0.9250 -0.3450 0.1591
vn -0.8801 -0.3476 0.3234
vn -0.7951 -0.3509 0.4946
vn 0.4946 -0.3509 -0.7951
vn 0.3234 -0.3476 -0.8801
vn 0.1591 -0.3450 -0.9250
vn -0.1591 -0.3450 -0.9250
vn -0.3234 -0.3476 -0.8801
vn -0.4946 -0.3509 -0.7951
vn -0.4946 -0.3509 0.7951
vn -0.3234 -0.3476 0.8801
vn -0.1591 -0.3450 0.9250
vn 0.1591 -0.3450 0.9250
vn 0.3234 -0.3476 0.8801
vn 0.4946 -0.3509 0.7951
vn -0.6642 -0.3430 -0.6642
vn -0.6642 -0.3430 0.6642
vn 0.6642 -0.3430 -0.6642
vn 0.6642 -0.3430 0.6642
vn -0.7986 -0.3412 -0.4958
vn -0.8837 -0.3380 -0.3237
vn -0.9285 -0.3355 -0.1591
vn -0.9424 -0.3345 -0.0000
vn -0.9285 -0.3355 0.1591
vn -0.8837 -0.3380 0.3237
vn -0.7986 -0.3412 0.4958
vn -0.7977 -0.3413 0.4973
vn -0.8830 -0.3380 0.3256
vn -0.9283 -0.3355 0.1603
vn -0.9283 -0.3355 -0.1603
vn -0.8830 -0.3380 -0.3256
vn -0.7977 -0.3413 -0.4973
vn 0.4973 -0.3413 -0.7977
vn 0.3256 -0.3380 -0.8830
vn 0.1603 -0.3355 -0.9283
vn -0.0000 -0.3345 -0.9424
vn -0.1603 -0.3355 -0.9283
vn -0.3256 -0.3380 -0.8830
vn -0.4973 -0.3413 -0.7977
vn -0.4973 -0.3413 0.7977
vn -0.3256 -0.3380 0.8830
vn -0.1603 -0.3355 0.9283
vn -0.0000 -0.3345 0.9424
vn 0.1603 -0.3355 0.9283
vn 0.3256 -0.3380 0.8830
vn 0.4973 -0.3413 0.7977
vn 0.7977 -0.3413 0.4973
vn 0.8830 -0.3380 0.3256
vn 0.9283 -0.3355 0.1603
vn 0.9424 -0.3345 -0.0000
vn 0.9283 -0.3355 -0.1603
vn 0.8830 -0.3380 -0.3256
vn 0.7977 -0.3413 -0.4973
vn 0.7986 -0.3412 0.4958
vn 0.8837 -0.3380 0.3237
vn 0.9285 -0.3355 0.1591
vn 0.9285 -0.3355 -0.1591
vn 0.8837 -0.3380 -0.3237
vn 0.7986 -0.3412 -0.4958
vn -0.4958 -0.3412 -0.7986
vn -0.3237 -0.3380 -0.8837
vn -0.1591 -0.3355 -0.9285
vn 0.1591 -0.3355 -0.9285
vn 0.3237 -0.3380 -0.8837
vn 0.4958 -0.3412 -0.7986
vn 0.4958 -0.3412 0.7986
vn 0.3237 -0.3380 0.8837
vn 0.1591 -0.3355 0.9285
vn -0.1591 -0.3355 0.9285
vn -0.3237 -0.3380 0.8837
vn -0.4958 -0.3412 0.7986
vn 0.7981 -0.3412 -0.4965
vn 0.8834 -0.3380 -0.3246
vn 0.9284 -0.3355 -0.1597
vn 0.9284 -0.3355 0.1597
vn 0.8834 -0.3380 0.3246
vn 0.7981 -0.3412 0.4965
vn -0.7981 -0.3412 -0.4965
vn -0.8834 -0.3380 -0.3246
vn -0.9284 -0.3355 -0.1597
vn -0.9284 -0.3355 0.1597
vn -0.8834 -0.3380 0.3246
vn -0.7981 -0.3412 0.4965
vn 0.4965 -0.3412 -0.7981
vn 0.3246 -0.3380 -0.8834
vn 0.1597 -0.3355 -0.9284
vn -0.1597 -0.3355 -0.9284
vn -0.3246 -0.3380 -0.8834
vn -0.4965 -0.3412 -0.7981
vn -0.4965 -0.3412 0.7981
vn -0.3246 -0.3380 0.8834
vn -0.1597 -0.3355 0.9284
vn 0.1597 -0.3355 0.9284
vn 0.3246 -0.3380 0.8834
vn 0.4965 -0.3412 0.7981
vn -0.6667 -0.3331 -0.6667
vn -0.6667 -0.3331 0.6667
vn 0.6667 -0.3331 -0.6667
vn 0.6667 -0.3331 0.6667
vn -0.8016 -0.3315 -0.4976
vn -0.8869 -0.3283 -0.3250
vn -0.9319 -0.3258 -0.1597
vn -0.9458 -0.3249 -0.0000
vn -0.9319 -0.3258 0.1597
vn -0.8869 -0.3283 0.3250
vn -0.8016 -0.3315 0.4976
vn -0.8006 -0.3315 0.4991
vn -0.8862 -0.3283 0.3268
vn -0.9317 -0.3258 0.1608
vn -0.9317 -0.3258 -0.1608
vn -0.8862 -0.3283 -0.3268
vn -0.8006 -0.3315 -0.4991
vn 0.4991 -0.3315 -0.8006
vn 0.3268 -0.3283 -0.8862
vn 0.1608 -0.3258 -0.9317
vn -0.0000 -0.3249 -0.9458
vn -0.1608 -0.3258 -0.9317
vn -0.3268 -0.3283 -0.8862
vn -0.4991 -0.3315 -0.8006
vn -0.4991 -0.3315 0.8006
vn -0.3268 -0.3283 0.8862
vn -0.1608 -0.3258 0.9317
vn -0.0000 -0.3249 0.9458
vn 0.1608 -0.3258 0.9317
vn 0.3268 -0.3283 0.8862
vn 0.4991 -0.3315 0.8006
vn 0.8006 -0.3315 0.4991
vn 0.8862 -0.3283 0.3268
vn 0.9317 -0.3258 0.1608
vn 0.9458 -0.3249 -0.0000
vn 0.9317 -0.3258 -0.1608
vn 0.8862 -0.3283 -0.3268
vn 0.8006 -0.3315 -0.4991
vn 0.8016 -0.3315 0.4976
vn 0.8869 -0.3283 0.3250
vn 0.9319 -0.3258 0.1597
vn 0.9319 -0.3258 -0.1597
vn 0.8869 -0.3283 -0.3250
vn 0.8016 -0.3315 -0.4976
vn -0.4976 -0.3315 -0.8016
vn -0.3250 -0.3283 -0.8869
vn -0.1597 -0.3258 -0.9319
vn 0.1597 -0.3258 -0.9319
vn 0.3250 -0.3283 -0.8869
vn 0.4976 -0.3315 -0.8016
vn 0.4976 -0.3315 0.8016
vn 0.3250 -0.3283 0.8869
vn 0.1597 -0.3258 0.9319
vn -0.1597 -0.3258 0.9319
vn -0.3250 -0.3283 0.8869
vn -0.4976 -0.3315 0.8016
vn 0.8011 -0.3315 -0.4983
vn 0.8866 -0.3283 -0.3258
vn 0.9318 -0.3258 -0.1602
vn 0.9318 -0.3258 0.1602
vn 0.8866 -0.3283 0.3258
vn 0.8011 -0.3315 0.4983
vn -0.8011 -0.3315 -0.4983
vn -0.8866 -0.3283 -0.3258
vn -0.9318 -0.3258 -0.1602
vn -0.9318 -0.3258 0.1602
vn -0.8866 -0.3283 0.3258
vn -0.8011 -0.3315 0.4983
vn 0.4983 -0.3315 -0.8011
vn 0.3258 -0.3283 -0.8866
vn 0.1602 -0.3258 -0.9318
vn -0.1602 -0.3258 -0.9318
vn -0.3258 -0.3283 -0.8866
vn -0.4983 -0.3315 -0.8011
vn -0.4983 -0.3315 0.8011
vn -0.3258 -0.3283 0.8866
vn -0.1602 -0.3258 0.9318
vn 0.1602 -0.3258 0.9318
vn 0.3258 -0.3283 0.8866
vn 0.4983 -0.3315 0.8011
vn -0.6692 -0.3232 -0.6692
vn -0.6692 -0.3232 0.6692
vn 0.6692 -0.3232 -0.6692
vn 0.6692 -0.3232 0.6692
vn -0.8045 -0.3216 -0.4994
vn -0.8901 -0.3185 -0.3261
vn -0.9351 -0.3160 -0.1603
vn -0.9490 -0.3152 -0.0000
vn -0.9351 -0.3160 0.1603
vn -0.8901 -0.3185 0.3261
vn -0.8045 -0.3216 0.4994
vn -0.8035 -0.3216 0.5009
vn -0.8894 -0.3185 0.3279
vn -0.9349 -0.3161 0.1614
vn -0.9349 -0.3161 -0.1614
vn -0.8894 -0.3185 -0.3279
vn -0.8035 -0.3216 -0.5009
vn 0.5009 -0.3216 -0.8035
vn 0.3279 -0.3185 -0.8894
vn 0.1614 -0.3161 -0.9349
vn -0.0000 -0.3152 -0.9490
vn -0.1614 -0.3161 -0.9349
vn -0.3279 -0.3185 -0.8894
vn -0.5009 -0.3216 -0.8035
vn -0.5009 -0.3216 0.8035
vn -0.3279 -0.3185 0.8894
vn -0.1614 -0.3161 0.9349
vn -0.0000 -0.3152 0.9490
vn 0.1614 -0.3161 0.9349
vn 0.3279 -0.3185 0.8894
vn 0.5009 -0.3216 0.8035
vn 0.8035 -0.3216 0.5009
vn 0.8894 -0.3185 0.3279
vn 0.9349 -0.3161 0.1614
vn 0.9490 -0.3152 -0.0000
vn 0.9349 -0.3161 -0.1614
vn 0.8894 -0.3185 -0.3279
vn 0.8035 -0.3216 -0.5009
vn 0.8045 -0.3216 0.4994
vn 0.8901 -0.3185 0.3261
vn 0.9351 -0.3160 0.1603
vn 0.9351 -0.3160 -0.1603
vn 0.8901 -0.3185 -0.3261
vn 0.8045 -0.3216 -0.4994
vn -0.4994 -0.3216 -0.8045
vn -0.3261 -0.3185 -0.8901
vn -0.1603 -0.3160 -0.9351
vn 0.1603 -0.3160 -0.9351
vn 0.3261 -0.3185 -0.8901
vn 0.4994 -0.3216 -0.8045
vn 0.4994 -0.3216 0.8045
vn 0.3261 -0.3185 0.8901
vn 0.1603 -0.3160 0.9351
vn -0.1603 -0.3160 0.9351
vn -0.3261 -0.3185 0.8901
vn -0.4994 -0.3216 0.8045
vn 0.8040 -0.3216 -0.5002
vn 0.8897 -0.3185 -0.3270
vn 0.9350 -0.3160 -0.1608
vn 0.9350 -0.3160 0.1608
vn 0.8897 -0.3185 0.3270
vn 0.8040 -0.3216 0.5002
vn -0.8040 -0.3216 -0.5002
vn -0.8897 -0.3185 -0.3270
vn -0.9350 -0.3160 -0.1608
vn -0.9350 -0.3160 0.1608
vn -0.8897 -0.3185 0.3270
vn -0.8040 -0.3216 0.5002
vn 0.5002 -0.3216 -0.8040
vn 0.3270 -0.3185 -0.8897
vn 0.1608 -0.3160 -0.9350
vn -0.1608 -0.3160 -0.9350
vn -0.3270 -0.3185 -0.8897
vn -0.5002 -0.3216 -0.8040
vn -0.5002 -0.3216 0.8040
vn -0.3270 -0.3185 0.8897
vn -0.1608 -0.3160 0.9350
vn 0.1608 -0.3160 0.9350
vn 0.3270 -0.3185 0.8897
vn 0.5002 -0.3216 0.8040
vn -0.6715 -0.3132 -0.6715
vn -0.6715 -0.3132 0.6715
vn 0.6715 -0.3132 -0.6715
vn 0.6715 -0.3132 0.6715
vn -0.8073 -0.3116 -0.5012
vn -0.8931 -0.3086 -0.3273
vn -0.9383 -0.3062 -0.1608
vn -0.9523 -0.3053 -0.0000
vn -0.9383 -0.3062 0.1608
vn -0.8931 -0.3086 0.3273
vn -0.8073 -0.3116 0.5012
vn -0.8064 -0.3116 0.5026
vn -0.8925 -0.3086 0.3290
vn -0.9381 -0.3062 0.1619
vn -0.9381 -0.3062 -0.1619
vn -0.8925 -0.3086 -0.3290
vn -0.8064 -0.3116 -0.5026
vn 0.5026 -0.3116 -0.8064
vn 0.3290 -0.3086 -0.8925
vn 0.1619 -0.3062 -0.9381
vn -0.0000 -0.3053 -0.9523
vn -0.1619 -0.3062 -0.9381
vn -0.3290 -0.3086 -0.8925
vn -0.5026 -0.3116 -0.8064
vn -0.5026 -0.3116 0.8064
vn -0.3290 -0.3086 0.8925
vn -0.1619 -0.3062 0.9381
vn -0.0000 -0.3053 0.9523
vn 0.1619 -0.3062 0.9381
vn 0.3290 -0.3086 0.8925
vn 0.5026 -0.3116 0.8064
vn 0.8064 -0.3116 0.5026
vn 0.8925 -0.3086 0.3290
vn 0.9381 -0.3062 0.1619
vn 0.9523 -0.3053 -0.0000
vn 0.9381 -0.3062 -0.1619
vn 0.8925 -0.3086 -0.3290
vn 0.8064 -0.3116 -0.5026
vn 0.8073 -0.3116 0.5012
vn 0.8931 -0.3086 0.3273
vn 0.9383 -0.3062 0.1608
vn 0.9383 -0.3062 -0.1608
vn 0.8931 -0.3086 -0.3273
vn 0.8073 -0.3116 -0.5012
vn -0.5012 -0.3116 -0.8073
vn -0.3273 -0.3086 -0.8931
vn -0.1608 -0.3062 -0.9383
vn 0.1608 -0.3062 -0.9383
vn 0.3273 -0.3086 -0.8931
vn 0.5012 -0.3116 -0.8073
vn 0.5012 -0.3116 0.8073
vn 0.3273 -0.3086 0.8931
vn 0.1608 -0.3062 0.9383
vn -0.1608 -0.3062 0.9383
vn -0.3273 -0.3086 0.8931
vn -0.5012 -0.3116 0.8073
vn 0.8068 -0.3116 -0.5019
vn 0.8928 -0.3086 -0.3281
vn 0.9382 -0.3062 -0.1614
vn 0.9382 -0.3062 0.1614
vn 0.8928 -0.3086 0.3281
vn 0.8068 -0.3116 0.5019
vn -0.8068 -0.3116 -0.5019
vn -0.8928 -0.3086 -0.3281
vn -0.9382 -0.3062 -0.1614
vn -0.9382 -0.3062 0.1614
vn -0.8928 -0.3086 0.3281
vn -0.8068 -0.3116 0.5019
vn 0.5019 -0.3116 -0.8068
vn 0.3281 -0.3086 -0.8928
vn 0.1614 -0.3062 -0.9382
vn -0.1614 -0.3062 -0.9382
vn -0.3281 -0.3086 -0.8928
vn -0.5019 -0.3116 -0.8068
vn -0.5019 -0.3116 0.8068
vn -0.3281 -0.3086 0.8928
vn -0.1614 -0.3062 0.9382
vn 0.1614 -0.3062 0.9382
vn 0.3281 -0.3086 0.8928
vn 0.5019 -0.3116 0.8068
vn -0.6739 -0.3030 -0.6739
vn -0.6739 -0.3030 0.6739
vn 0.6739 -0.3030 -0.6739
vn 0.6739 -0.3030 0.6739
vn -0.8100 -0.3015 -0.5030
vn -0.8961 -0.2985 -0.3284
vn -0.9414 -0.2962 -0.1614
vn -0.9554 -0.2954 -0.0000
vn -0.9414 -0.2962 0.1614
vn -0.8961 -0.2985 0.3284
vn -0.8100 -0.3015 0.5030
vn -0.8092 -0.3015 0.5043
vn -0.8955 -0.2986 0.3301
vn -0.9412 -0.2962 0.1624
vn -0.9412 -0.2962 -0.1624
vn -0.8955 -0.2986 -0.3301
vn -0.8092 -0.3015 -0.5043
vn 0.5043 -0.3015 -0.8092
vn 0.3301 -0.2986 -0.8955
vn 0.1624 -0.2962 -0.9412
vn -0.0000 -0.2954 -0.9554
vn -0.1624 -0.2962 -0.9412
vn -0.3301 -0.2986 -0.8955
vn -0.5043 -0.3015 -0.8092
vn -0.5043 -0.3015 0.8092
vn -0.3301 -0.2986 0.8955
vn -0.1624 -0.2962 0.9412
vn -0.0000 -0.2954 0.9554
vn 0.1624 -0.2962 0.9412
vn 0.3301 -0.2986 0.8955
vn 0.5043 -0.3015 0.8092
vn 0.8092 -0.3015 0.5043
vn 0.8955 -0.2986 0.3301
vn 0.9412 -0.2962 0.1624
vn 0.9554 -0.2954 -0.0000
vn 0.9412 -0.2962 -0.1624
vn 0.8955 -0.2986 -0.3301
vn 0.8092 -0.3015 -0.5043
vn 0.8100 -0.3015 0.5030
vn 0.8961 -0.2985 0.3284
vn 0.9414 -0.2962 0.1614
vn 0.9414 -0.2962 -0.1614
vn 0.8961 -0.2985 -0.3284
vn 0.8100 -0.3015 -0.5030
vn -0.5030 -0.3015 -0.8100
vn -0.3284 -0.2985 -0.8961
vn -0.1614 -0.2962 -0.9414
vn 0.1614 -0.2962 -0.9414
vn 0.3284 -0.2985 -0.8961
vn 0.5030 -0.3015 -0.8100
vn 0.5030 -0.3015 0.8100
vn 0.3284 -0.2985 0.8961
vn 0.1614 -0.2962 0.9414
vn -0.1614 -0.2962 0.9414
vn -0.3284 -0.2985 0.8961
vn -0.5030 -0.3015 0.8100
vn 0.8096 -0.3015 -0.5036
vn 0.8958 -0.2986 -0.3292
vn 0.9413 -0.2962 -0.1619
vn 0.9413 -0.2962 0.1619
vn 0.8958 -0.2986 0.3292
vn 0.8096 -0.3015 0.5036
vn -0.8096 -0.3015 -0.5036
vn -0.8958 -0.2986 -0.3292
vn -0.9413 -0.2962 -0.1619
vn -0.9413 -0.2962 0.1619
vn -0.8958 -0.2986 0.3292
vn -0.8096 -0.3015 0.5036
vn 0.5036 -0.3015 -0.8096
vn 0.3292 -0.2986 -0.8958
vn 0.1619 -0.2962 -0.9413
vn -0.1619 -0.2962 -0.9413
vn -0.3292 -0.2986 -0.8958
vn -0.5036 -0.3015 -0.8096
vn -0.5036 -0.3015 0.8096
vn -0.3292 -0.2986 0.8958
vn -0.1619 -0.2962 0.9413
vn 0.1619 -0.2962 0.9413
vn 0.3292 -0.2986 0.8958
vn 0.5036 -0.3015 0.8096
vn -0.6761 -0.2928 -0.6761
vn -0.6761 -0.2928 0.6761
vn 0.6761 -0.2928 -0.6761
vn 0.6761 -0.2928 0.6761
vn -0.8127 -0.2913 -0.5047
vn -0.8990 -0.2884 -0.3295
vn -0.9444 -0.2862 -0.1619
vn -0.9584 -0.2853 -0.0000
vn -0.9444 -0.2862 0.1619
vn -0.8990 -0.2884 0.3295
vn -0.8127 -0.2913 0.5047
vn -0.8119 -0.2913 0.5060
vn -0.8984 -0.2885 0.3311
vn -0.9442 -0.2862 0.1629
vn -0.9442 -0.2862 -0.1629
vn -0.8984 -0.2885 -0.3311
vn -0.8119 -0.2913 -0.5060
vn 0.5060 -0.2913 -0.8119
vn 0.3311 -0.2884 -0.8984
vn 0.1629 -0.2862 -0.9442
vn -0.0000 -0.2853 -0.9584
vn -0.1629 -0.2862 -0.9442
vn -0.3311 -0.2884 -0.8984
vn -0.5060 -0.2913 -0.8119
vn -0.5060 -0.2913 0.8119
vn -0.3311 -0.2885 0.8984
vn -0.1629 -0.2862 0.9442
vn -0.0000 -0.2853 0.9584
vn 0.1629 -0.2862 0.9442
vn 0.3311 -0.2885 0.8984
vn 0.5060 -0.2913 0.8119
vn 0.8119 -0.2913 0.5060
vn 0.8984 -0.2885 0.3311
vn 0.9442 -0.2862 0.1629
vn 0.9584 -0.2853 -0.0000
vn 0.9442 -0.2862 -0.1629
vn 0.8984 -0.2885 -0.3311
vn 0.8119 -0.2913 -0.5060
vn 0.8127 -0.2913 0.5047
vn 0.8990 -0.2884 0.3295
vn 0.9444 -0.2862 0.1619
vn 0.9444 -0.2862 -0.1619
vn 0.8990 -0.2884 -0.3295
vn 0.8127 -0.2913 -0.5047
vn -0.5047 -0.2913 -0.8127
vn -0.3295 -0.2884 -0.8990
vn -0.1619 -0.2862 -0.9444
vn 0.1619 -0.2862 -0.9444
vn 0.3295 -0.2884 -0.8990
vn 0.5047 -0.2913 -0.8127
vn 0.5047 -0.2913 0.8127
vn 0.3295 -0.2884 0.8990
vn 0.1619 -0.2862 0.9444
vn -0.1619 -0.2862 0.9444
vn -0.3295 -0.2884 0.8990
vn -0.5047 -0.2913 0.8127
vn 0.8123 -0.2913 -0.5053
vn 0.8987 -0.2884 -0.3303
vn 0.9443 -0.2862 -0.1624
vn 0.9443 -0.2862 0.1624
vn 0.8987 -0.2884 0.3303
vn 0.8123 -0.2913 0.5053
vn -0.8123 -0.2913 -0.5053
vn -0.8987 -0.2884 -0.3303
vn -0.9443 -0.2862 -0.1624
vn -0.9443 -0.2862 0.1624
vn -0.8987 -0.2884 0.3303
vn -0.8123 -0.2913 0.5053
vn 0.5053 -0.2913 -0.8123
vn 0.3303 -0.2884 -0.8987
vn 0.1624 -0.2862 -0.9443
vn -0.1624 -0.2862 -0.9443
vn -0.3303 -0.2884 -0.8987
vn -0.5053 -0.2913 -0.8123
vn -0.5053 -0.2913 0.8123
vn -0.3303 -0.2884 0.8987
vn -0.1624 -0.2862 0.9443
vn 0.1624 -0.2862 0.9443
vn 0.3303 -0.2884 0.8987
vn 0.5053 -0.2913 0.8123
vn -0.6783 -0.2824 -0.6783
vn -0.6783 -0.2824 0.6783
vn 0.6783 -0.2824 -0.6783
vn 0.6783 -0.2824 0.6783
vn -0.8153 -0.2810 -0.5063
vn -0.9018 -0.2782 -0.3306
vn -0.9473 -0.2760 -0.1624
vn -0.9614 -0.2752 -0.0000
vn -0.9473 -0.2760 0.1624
vn -0.9018 -0.2782 0.3306
vn -0.8153 -0.2810 0.5063
vn -0.8145 -0.2810 0.5076
vn -0.9013 -0.2782 0.3321
vn -0.9472 -0.2760 0.1634
vn -0.9472 -0.2760 -0.1634
vn -0.9013 -0.2782 -0.3321
vn -0.8145 -0.2810 -0.5076
vn 0.5076 -0.2810 -0.8145
vn 0.3321 -0.2782 -0.9013
vn 0.1634 -0.2760 -0.9472
vn -0.0000 -0.2752 -0.9614
vn -0.1634 -0.2760 -0.9472
vn -0.3321 -0.2782 -0.9013
vn -0.5076 -0.2810 -0.8145
vn -0.5076 -0.2810 0.8145
vn -0.3321 -0.2782 0.9013
vn -0.1634 -0.2760 0.9472
vn -0.0000 -0.2752 0.9614
vn 0.1634 -0.2760 0.9472
vn 0.3321 -0.2782 0.9013
vn 0.5076 -0.2810 0.8145
vn 0.8145 -0.2810 0.5076
vn 0.9013 -0.2782 0.3321
vn 0.9472 -0.2760 0.1634
vn 0.9614 -0.2752 -0.0000
vn 0.9472 -0.2760 -0.1634
vn 0.9013 -0.2782 -0.3321
vn 0.8145 -0.2810 -0.5076
vn 0.8153 -0.2810 0.5063
vn 0.9018 -0.2782 0.3306
vn 0.9473 -0.2760 0.1624
vn 0.9473 -0.2760 -0.1624
vn 0.9018 -0.2782 -0.3306
vn 0.8153 -0.2810 -0.5063
vn -0.5063 -0.2810 -0.8153
vn -0.3306 -0.2782 -0.9018
vn -0.1624 -0.2760 -0.9473
vn 0.1624 -0.2760 -0.9473
vn 0.3306 -0.2782 -0.9018
vn 0.5063 -0.2810 -0.8153
vn 0.5063 -0.2810 0.8153
vn 0.3306 -0.2782 0.9018
vn 0.1624 -0.2760 0.9473
vn -0.1624 -0.2760 0.9473
vn -0.3306 -0.2782 0.9018
vn -0.5063 -0.2810 0.8153
vn 0.8149 -0.2810 -0.5069
vn 0.9016 -0.2782 -0.3313
vn 0.9472 -0.2760 -0.1629
vn 0.9472 -0.2760 0.1629
vn 0.9016 -0.2782 0.3313
vn 0.8149 -0.2810 0.5069
vn -0.8149 -0.2810 -0.5069
vn -0.9016 -0.2782 -0.3313
vn -0.9472 -0.2760 -0.1629
vn -0.9472 -0.2760 0.1629
vn -0.9016 -0.2782 0.3313
vn -0.8149 -0.2810 0.5069
vn 0.5069 -0.2810 -0.8149
vn 0.3313 -0.2782 -0.9016
vn 0.1629 -0.2760 -0.9472
vn -0.1629 -0.2760 -0.9472
vn -0.3313 -0.2782 -0.9016
vn -0.5069 -0.2810 -0.8149
vn -0.5069 -0.2810 0.8149
vn -0.3313 -0.2782 0.9016
vn -0.1629 -0.2760 0.9472
vn 0.1629 -0.2760 0.9472
vn 0.3313 -0.2782 0.9016
vn 0.5069 -0.2810 0.8149
vn -0.6804 -0.2720 -0.6804
vn -0.6804 -0.2720 0.6804
vn 0.6804 -0.2720 -0.6804
vn 0.6804 -0.2720 0.6804
vn -0.8178 -0.2706 -0.5079
vn -0.9046 -0.2679 -0.3316
vn -0.9502 -0.2658 -0.1629
vn -0.9642 -0.2650 -0.0000
vn -0.9502 -0.2658 0.1629
vn -0.9046 -0.2679 0.3316
vn -0.8178 -0.2706 0.5079
vn -0.8170 -0.2706 0.5091
vn -0.9040 -0.2679 0.3331
vn -0.9500 -0.2658 0.1639
vn -0.9500 -0.2658 -0.1639
vn -0.9040 -0.2679 -0.3331
vn -0.8170 -0.2706 -0.5091
vn 0.5091 -0.2706 -0.8170
vn 0.3331 -0.2679 -0.9040
vn 0.1639 -0.2658 -0.9500
vn -0.0000 -0.2650 -0.9642
vn -0.1639 -0.2658 -0.9500
vn -0.3331 -0.2679 -0.9040
vn -0.5091 -0.2706 -0.8170
vn -0.5091 -0.2706 0.8170
vn -0.3331 -0.2679 0.9040
vn -0.1639 -0.2658 0.9500
vn -0.0000 -0.2650 0.9642
vn 0.1639 -0.2658 0.9500
vn 0.3331 -0.2679 0.9040
vn 0.5091 -0.2706 0.8170
vn 0.8170 -0.2706 0.5091
vn 0.9040 -0.2679 0.3331
vn 0.9500 -0.2658 0.1639
vn 0.9642 -0.2650 -0.0000
vn 0.9500 -0.2658 -0.1639
vn 0.9040 -0.2679 -0.3331
vn 0.8170 -0.2706 -0.5091
vn 0.8178 -0.2706 0.5079
vn 0.9046 -0.2679 0.3316
vn 0.9502 -0.2658 0.1629
vn 0.9502 -0.2658 -0.1629
vn 0.9046 -0.2679 -0.3316
vn 0.8178 -0.2706 -0.5079
vn -0.5079 -0.2706 -0.8178
vn -0.3316 -0.2679 -0.9046
vn -0.1629 -0.2658 -0.9502
vn 0.1629 -0.2658 -0.9502
vn 0.3316 -0.2679 -0.9046
vn 0.5079 -0.2706 -0.8178
vn 0.5079 -0.2706 0.8178
vn 0.3316 -0.2679 0.9046
vn 0.1629 -0.2658 0.9502
vn -0.1629 -0.2658 0.9502
vn -0.3316 -0.2679 0.9046
vn -0.5079 -0.2706 0.8178
vn 0.8174 -0.2706 -0.5085
vn 0.9043 -0.2679 -0.3324
vn 0.9501 -0.2658 -0.1634
vn 0.9501 -0.2658 0.1634
vn 0.9043 -0.2679 0.3324
vn 0.8174 -0.2706 0.5085
vn -0.8174 -0.2706 -0.5085
vn -0.9043 -0.2679 -0.3324
vn -0.9501 -0.2658 -0.1634
vn -0.9501 -0.2658 0.1634
vn -0.9043 -0.2679 0.3324
vn -0.8174 -0.2706 0.5085
vn 0.5085 -0.2706 -0.8174
vn 0.3324 -0.2679 -0.9043
vn 0.1634 -0.2658 -0.9501
vn -0.1634 -0.2658 -0.9501
vn -0.3324 -0.2679 -0.9043
vn -0.5085 -0.2706 -0.8174
vn -0.5085 -0.2706 0.8174
vn -0.3324 -0.2679 0.9043
vn -0.1634 -0.2658 0.9501
vn 0.1634 -0.2658 0.9501
vn 0.3324 -0.2679 0.9043
vn 0.5085 -0.2706 0.8174
vn -0.6825 -0.2615 -0.6825
vn -0.6825 -0.2615 0.6825
vn 0.6825 -0.2615 -0.6825
vn 0.6825 -0.2615 0.6825
vn -0.8203 -0.2601 -0.5095
vn -0.9072 -0.2575 -0.3326
vn -0.9529 -0.2554 -0.1634
vn -0.9670 -0.2547 -0.0000
vn -0.9529 -0.2554 0.1634
vn -0.9072 -0.2575 0.3326
vn -0.8203 -0.2601 0.5095
vn -0.8195 -0.2601 0.5106
vn -0.9067 -0.2575 0.3341
vn -0.9528 -0.2554 0.1643
vn -0.9528 -0.2554 -0.1643
vn -0.9067 -0.2575 -0.3341
vn -0.8195 -0.2601 -0.5106
vn 0.5106 -0.2601 -0.8195
vn 0.3341 -0.2575 -0.9067
vn 0.1643 -0.2554 -0.9528
vn -0.0000 -0.2547 -0.9670
vn -0.1643 -0.2554 -0.9528
vn -0.3341 -0.2575 -0.9067
vn -0.5106 -0.2601 -0.8195
vn -0.5106 -0.2601 0.8195
vn -0.3341 -0.2575 0.9067
vn -0.1643 -0.2554 0.9528
vn -0.0000 -0.2547 0.9670
vn 0.1643 -0.2554 0.9528
vn 0.3341 -0.2575 0.9067
vn 0.5106 -0.2601 0.8195
vn 0.8195 -0.2601 0.5106
vn 0.9067 -0.2575 0.3341
vn 0.9528 -0.2554 0.1643
vn 0.9670 -0.2547 -0.0000
vn 0.9528 -0.2554 -0.1643
vn 0.9067 -0.2575 -0.3341
vn 0.8195 -0.2601 -0.5106
vn 0.8203 -0.2601 0.5095
vn 0.9072 -0.2575 0.3326
vn 0.9529 -0.2554 0.1634
vn 0.9529 -0.2554 -0.1634
vn 0.9072 -0.2575 -0.3326
vn 0.8203 -0.2601 -0.5095
vn -0.5095 -0.2601 -0.8203
vn -0.3326 -0.2575 -0.9072
vn -0.1634 -0.2554 -0.9529
vn 0.1634 -0.2554 -0.9529
vn 0.3326 -0.2575 -0.9072
vn 0.5095 -0.2601 -0.8203
vn 0.5095 -0.2601 0.8203
vn 0.3326 -0.2575 0.9072
vn 0.1634 -0.2554 0.9529
vn -0.1634 -0.2554 0.9529
vn -0.3326 -0.2575 0.9072
vn -0.5095 -0.2601 0.8202
vn 0.8199 -0.2601 -0.5100
vn 0.9070 -0.2575 -0.3333
vn 0.9528 -0.2554 -0.1639
vn 0.9528 -0.2554 0.1639
vn 0.9070 -0.2575 0.3333
vn 0.8199 -0.2601 0.5100
vn -0.8199 -0.2601 -0.5100
vn -0.9070 -0.2575 -0.3333
vn -0.9528 -0.2554 -0.1639
vn -0.9528 -0.2554 0.1639
vn -0.9070 -0.2575 0.3333
vn -0.8199 -0.2601 0.5100
vn 0.5100 -0.2601 -0.8199
vn 0.3333 -0.2575 -0.9070
vn 0.1639 -0.2554 -0.9528
vn -0.1639 -0.2554 -0.9528
vn -0.3333 -0.2575 -0.9070
vn -0.5100 -0.2601 -0.8199
vn -0.5100 -0.2601 0.8199
vn -0.3333 -0.2575 0.9070
vn -0.1639 -0.2554 0.9528
vn 0.1639 -0.2554 0.9528
vn 0.3333 -0.2575 0.9070
vn 0.5100 -0.2601 0.8199
vn -0.6845 -0.2508 -0.6845
vn -0.6845 -0.2508 0.6845
vn 0.6845 -0.2508 -0.6845
vn 0.6845 -0.2508 0.6845
vn -0.8226 -0.2495 -0.5110
vn -0.9098 -0.2470 -0.3336
vn -0.9556 -0.2450 -0.1639
vn -0.9697 -0.2443 -0.0000
vn -0.9556 -0.2450 0.1639
vn -0.9098 -0.2470 0.3336
vn -0.8226 -0.2495 0.5110
vn -0.8219 -0.2495 0.5121
vn -0.9093 -0.2470 0.3350
vn -0.9554 -0.2450 0.1648
vn -0.9554 -0.2450 -0.1648
vn -0.9093 -0.2470 -0.3350
vn -0.8219 -0.2495 -0.5121
vn 0.5121 -0.2495 -0.8219
vn 0.3350 -0.2470 -0.9093
vn 0.1648 -0.2450 -0.9554
vn -0.0000 -0.2443 -0.9697
vn -0.1648 -0.2450 -0.9554
vn -0.3350 -0.2470 -0.9093
vn -0.5121 -0.2495 -0.8219
vn -0.5121 -0.2495 0.8219
vn -0.3350 -0.2470 0.9093
vn -0.1648 -0.2450 0.9554
vn -0.0000 -0.2443 0.9697
vn 0.1648 -0.2450 0.9554
vn 0.3350 -0.2470 0.9093
vn 0.5121 -0.2495 0.8219
vn 0.8219 -0.2495 0.5121
vn 0.9093 -0.2470 0.3350
vn 0.9554 -0.2450 0.1648
vn 0.9697 -0.2443 -0.0000
vn 0.9554 -0.2450 -0.1648
vn 0.9093 -0.2470 -0.3350
vn 0.8219 -0.2495 -0.5121
vn 0.8226 -0.2495 0.5110
vn 0.9098 -0.2470 0.3336
vn 0.9556 -0.2450 0.1639
vn 0.9556 -0.2450 -0.1639
vn 0.9098 -0.2470 -0.3336
vn 0.8226 -0.2495 -0.5110
vn -0.5110 -0.2495 -0.8226
vn -0.3336 -0.2470 -0.9098
vn -0.1639 -0.2450 -0.9556
vn 0.1639 -0.2450 -0.9556
vn 0.3336 -0.2470 -0.9098
vn 0.5110 -0.2495 -0.8226
vn 0.5110 -0.2495 0.8226
vn 0.3336 -0.2470 0.9098
vn 0.1639 -0.2450 0.9556
vn -0.1639 -0.2450 0.9556
vn -0.3336 -0.2470 0.9098
vn -0.5110 -0.2495 0.8226
vn 0.8223 -0.2495 -0.5115
vn 0.9095 -0.2470 -0.3343
vn 0.9555 -0.2450 -0.1643
vn 0.9555 -0.2450 0.1643
vn 0.9095 -0.2470 0.3343
vn 0.8223 -0.2495 0.5115
vn -0.8223 -0.2495 -0.5115
vn -0.9095 -0.2470 -0.3343
vn -0.9555 -0.2450 -0.1643
vn -0.9555 -0.2450 0.1643
vn -0.9095 -0.2470 0.3343
vn -0.8223 -0.2495 0.5115
vn 0.5115 -0.2495 -0.8223
vn 0.3343 -0.2470 -0.9095
vn 0.1643 -0.2450 -0.9555
vn -0.1643 -0.2450 -0.9555
vn -0.3343 -0.2470 -0.9095
vn -0.5115 -0.2495 -0.8223
vn -0.5115 -0.2495 0.8223
vn -0.3343 -0.2470 0.9095
vn -0.1643 -0.2450 0.9555
vn 0.1643 -0.2450 0.9555
vn 0.3343 -0.2470 0.9095
vn 0.5115 -0.2495 0.8223
vn -0.6864 -0.2401 -0.6864
vn -0.6864 -0.2401 0.6864
vn 0.6864 -0.2401 -0.6864
vn 0.6864 -0.2401 0.6864
vn -0.8249 -0.2388 -0.5124
vn -0.9122 -0.2364 -0.3345
vn -0.9581 -0.2345 -0.1644
vn -0.9723 -0.2338 -0.0000
vn -0.9581 -0.2345 0.1644
vn -0.9122 -0.2364 0.3345
vn -0.8249 -0.2388 0.5124
vn -0.8242 -0.2388 0.5135
vn -0.9118 -0.2364 0.3359
vn -0.9580 -0.2345 0.1652
vn -0.9580 -0.2345 -0.1652
vn -0.9118 -0.2364 -0.3359
vn -0.8242 -0.2388 -0.5135
vn 0.5135 -0.2388 -0.8242
vn 0.3359 -0.2364 -0.9118
vn 0.1652 -0.2345 -0.9580
vn -0.0000 -0.2338 -0.9723
vn -0.1652 -0.2345 -0.9580
vn -0.3359 -0.2364 -0.9118
vn -0.5135 -0.2388 -0.8242
vn -0.5135 -0.2388 0.8242
vn -0.3359 -0.2364 0.9118
vn -0.1652 -0.2345 0.9580
vn -0.0000 -0.2338 0.9723
vn 0.1652 -0.2345 0.9580
vn 0.3359 -0.2364 0.9118
vn 0.5135 -0.2388 0.8242
vn 0.8242 -0.2388 0.5135
vn 0.9118 -0.2364 0.3359
vn 0.9580 -0.2345 0.1652
vn 0.9723 -0.2338 -0.0000
vn 0.9580 -0.2345 -0.1652
vn 0.9118 -0.2364 -0.3359
vn 0.8242 -0.2388 -0.5135
vn 0.8249 -0.2388 0.5124
vn 0.9122 -0.2364 0.3345
vn 0.9581 -0.2345 0.1644
vn 0.9581 -0.2345 -0.1644
vn 0.9122 -0.2364 -0.3345
vn 0.8249 -0.2388 -0.5124
vn -0.5124 -0.2388 -0.8249
vn -0.3345 -0.2364 -0.9122
vn -0.1644 -0.2345 -0.9581
vn 0.1644 -0.2345 -0.9581
vn 0.3345 -0.2364 -0.9122
vn 0.5124 -0.2388 -0.8249
vn 0.5124 -0.2388 0.8249
vn 0.3345 -0.2364 0.9122
vn 0.1644 -0.2345 0.9581
vn -0.1644 -0.2345 0.9581
vn -0.3345 -0.2364 0.9122
vn -0.5124 -0.2388 0.8249
vn 0.8245 -0.2388 -0.5129
vn 0.9120 -0.2364 -0.3352
vn 0.9580 -0.2345 -0.1648
vn 0.9580 -0.2345 0.1648
vn 0.9120 -0.2364 0.3352
vn 0.8245 -0.2388 0.5129
vn -0.8245 -0.2388 -0.5129
vn -0.9120 -0.2364 -0.3352
vn -0.9580 -0.2345 -0.1648
vn -0.9580 -0.2345 0.1648
vn -0.9120 -0.2364 0.3352
vn -0.8245 -0.2388 0.5129
vn 0.5129 -0.2388 -0.8245
vn 0.3352 -0.2364 -0.9120
vn 0.1648 -0.2345 -0.9580
vn -0.1648 -0.2345 -0.9580
vn -0.3352 -0.2364 -0.9120
vn -0.5129 -0.2388 -0.8245
vn -0.5129 -0.2388 0.8245
vn -0.3352 -0.2364 0.9120
vn -0.1648 -0.2345 0.9580
vn 0.1648 -0.2345 0.9580
vn 0.3352 -0.2364 0.9120
vn 0.5129 -0.2388 0.8245
vn -0.6883 -0.2293 -0.6883
vn -0.6883 -0.2293 0.6883
vn 0.6883 -0.2293 -0.6883
vn 0.6883 -0.2293 0.6883
vn -0.8271 -0.2280 -0.5138
vn -0.9146 -0.2257 -0.3354
vn -0.9606 -0.2239 -0.1648
vn -0.9748 -0.2232 -0.0000
vn -0.9606 -0.2239 0.1648
vn -0.9146 -0.2257 0.3354
vn -0.8271 -0.2280 0.5138
vn -0.8264 -0.2281 0.5148
vn -0.9141 -0.2258 0.3367
vn -0.9604 -0.2239 0.1656
vn -0.9604 -0.2239 -0.1656
vn -0.9141 -0.2258 -0.3367
vn -0.8264 -0.2281 -0.5148
vn 0.5148 -0.2281 -0.8264
vn 0.3367 -0.2258 -0.9141
vn 0.1656 -0.2239 -0.9604
vn -0.0000 -0.2232 -0.9748
vn -0.1656 -0.2239 -0.9604
vn -0.3367 -0.2258 -0.9141
vn -0.5148 -0.2281 -0.8264
vn -0.5148 -0.2281 0.8264
vn -0.3367 -0.2258 0.9141
vn -0.1656 -0.2239 0.9604
vn -0.0000 -0.2232 0.9748
vn 0.1656 -0.2239 0.9604
vn 0.3367 -0.2258 0.9141
vn 0.5148 -0.2281 0.8264
vn 0.8264 -0.2281 0.5148
vn 0.9141 -0.2258 0.3367
vn 0.9604 -0.2239 0.1656
vn 0.9748 -0.2232 -0.0000
vn 0.9604 -0.2239 -0.1656
vn 0.9141 -0.2258 -0.3367
vn 0.8264 -0.2281 -0.5148
vn 0.8271 -0.2280 0.5138
vn 0.9146 -0.2257 0.3354
vn 0.9606 -0.2239 0.1648
vn 0.9606 -0.2239 -0.1648
vn 0.9146 -0.2257 -0.3354
vn 0.8271 -0.2280 -0.5138
vn -0.5138 -0.2280 -0.8271
vn -0.3354 -0.2257 -0.9146
vn -0.1648 -0.2239 -0.9606
vn 0.1648 -0.2239 -0.9606
vn 0.3354 -0.2257 -0.9146
vn 0.5138 -0.2280 -0.8271
vn 0.5138 -0.2280 0.8271
vn 0.3354 -0.2257 0.9146
vn 0.1648 -0.2239 0.9606
vn -0.1648 -0.2239 0.9606
vn -0.3354 -0.2257 0.9146
vn -0.5138 -0.2280 0.8271
vn 0.8267 -0.2280 -0.5143
vn 0.9144 -0.2257 -0.3361
vn 0.9605 -0.2239 -0.1652
vn 0.9605 -0.2239 0.1652
vn 0.9144 -0.2257 0.3361
vn 0.8267 -0.2280 0.5143
vn -0.8267 -0.2280 -0.5143
vn -0.9144 -0.2257 -0.3361
vn -0.9605 -0.2239 -0.1652
vn -0.9605 -0.2239 0.1652
vn -0.9144 -0.2257 0.3361
vn -0.8267 -0.2280 0.5143
vn 0.5143 -0.2280 -0.8267
vn 0.3361 -0.2257 -0.9144
vn 0.1652 -0.2239 -0.9605
vn -0.1652 -0.2239 -0.9605
vn -0.3361 -0.2257 -0.9144
vn -0.5143 -0.2280 -0.8267
vn -0.5143 -0.2280 0.8267
vn -0.3361 -0.2257 0.9144
vn -0.1652 -0.2239 0.9605
vn 0.1652 -0.2239 0.9605
vn 0.3361 -0.2257 0.9144
vn 0.5143 -0.2280 0.8267
vn -0.6900 -0.2184 -0.6900
vn -0.6900 -0.2184 0.6900
vn 0.6900 -0.2184 -0.6900
vn 0.6900 -0.2184 0.6900
vn -0.8291 -0.2172 -0.5151
vn -0.9169 -0.2150 -0.3363
vn -0.9629 -0.2132 -0.1652
vn -0.9771 -0.2126 -0.0000
vn -0.9629 -0.2132 0.1652
vn -0.9169 -0.2150 0.3363
vn -0.8291 -0.2172 0.5151
vn -0.8285 -0.2172 0.5161
vn -0.9164 -0.2150 0.3375
vn -0.9628 -0.2132 0.1660
vn -0.9628 -0.2132 -0.1660
vn -0.9164 -0.2150 -0.3375
vn -0.8285 -0.2172 -0.5161
vn 0.5161 -0.2172 -0.8285
vn 0.3375 -0.2150 -0.9164
vn 0.1660 -0.2132 -0.9628
vn -0.0000 -0.2126 -0.9771
vn -0.1660 -0.2132 -0.9628
vn -0.3375 -0.2150 -0.9164
vn -0.5161 -0.2172 -0.8285
vn -0.5161 -0.2172 0.8285
vn -0.3375 -0.2150 0.9164
vn -0.1660 -0.2132 0.9628
vn -0.0000 -0.2126 0.9771
vn 0.1660 -0.2132 0.9628
vn 0.3375 -0.2150 0.9164
vn 0.5161 -0.2172 0.8285
vn 0.8285 -0.2172 0.5161
vn 0.9164 -0.2150 0.3375
vn 0.9628 -0.2132 0.1660
vn 0.9771 -0.2126 -0.0000
vn 0.9628 -0.2132 -0.1660
vn 0.9164 -0.2150 -0.3375
vn 0.8285 -0.2172 -0.5161
vn 0.8291 -0.2172 0.5151
vn 0.9169 -0.2150 0.3363
vn 0.9629 -0.2132 0.1652
vn 0.9629 -0.2132 -0.1652
vn 0.9169 -0.2150 -0.3363
vn 0.8291 -0.2172 -0.5151
vn -0.5151 -0.2172 -0.8291
vn -0.3363 -0.2150 -0.9169
vn -0.1652 -0.2132 -0.9629
vn 0.1652 -0.2132 -0.9629
vn 0.3363 -0.2150 -0.9169
vn 0.5151 -0.2172 -0.8291
vn 0.5151 -0.2172 0.8291
vn 0.3363 -0.2150 0.9169
vn 0.1652 -0.2132 0.9629
vn -0.1652 -0.2132 0.9629
vn -0.3363 -0.2150 0.9169
vn -0.5151 -0.2172 0.8291
vn 0.8288 -0.2172 -0.5156
vn 0.9167 -0.2150 -0.3369
vn 0.9629 -0.2132 -0.1656
vn 0.9629 -0.2132 0.1656
vn 0.9167 -0.2150 0.3369
vn 0.8288 -0.2172 0.5156
vn -0.8288 -0.2172 -0.5156
vn -0.9167 -0.2150 -0.3369
vn -0.9629 -0.2132 -0.1656
vn -0.9629 -0.2132 0.1656
vn -0.9167 -0.2150 0.3369
vn -0.8288 -0.2172 0.5156
vn 0.5156 -0.2172 -0.8288
vn 0.3369 -0.2150 -0.9167
vn 0.1656 -0.2132 -0.9629
vn -0.1656 -0.2132 -0.9629
vn -0.3369 -0.2150 -0.9167
vn -0.5156 -0.2172 -0.8288
vn -0.5156 -0.2172 0.8288
vn -0.3369 -0.2150 0.9167
vn -0.1656 -0.2132 0.9629
vn 0.1656 -0.2132 0.9629
vn 0.3369 -0.2150 0.9167
vn 0.5156 -0.2172 0.8288
vn -0.6917 -0.2074 -0.6917
vn -0.6917 -0.2074 0.6917
vn 0.6917 -0.2074 -0.6917
vn 0.6917 -0.2074 0.6917
vn -0.8311 -0.2063 -0.5164
vn -0.9191 -0.2042 -0.3371
vn -0.9652 -0.2025 -0.1656
vn -0.9794 -0.2019 -0.0000
vn -0.9652 -0.2025 0.1656
vn -0.9191 -0.2042 0.3371
vn -0.8311 -0.2063 0.5164
vn -0.8305 -0.2063 0.5174
vn -0.9186 -0.2042 0.3383
vn -0.9651 -0.2025 0.1664
vn -0.9651 -0.2025 -0.1664
vn -0.9186 -0.2042 -0.3383
vn -0.8305 -0.2063 -0.5174
vn 0.5174 -0.2063 -0.8305
vn 0.3383 -0.2042 -0.9186
vn 0.1664 -0.2025 -0.9651
vn -0.0000 -0.2019 -0.9794
vn -0.1664 -0.2025 -0.9651
vn -0.3383 -0.2042 -0.9186
vn -0.5174 -0.2063 -0.8305
vn -0.5174 -0.2063 0.8305
vn -0.3383 -0.2042 0.9186
vn -0.1664 -0.2025 0.9651
vn -0.0000 -0.2019 0.9794
vn 0.1664 -0.2025 0.9651
vn 0.3383 -0.2042 0.9186
vn 0.5174 -0.2063 0.8305
vn 0.8305 -0.2063 0.5174
vn 0.9186 -0.2042 0.3383
vn 0.9651 -0.2025 0.1664
vn 0.9794 -0.2019 -0.0000
vn 0.9651 -0.2025 -0.1664
vn 0.9186 -0.2042 -0.3383
vn 0.8305 -0.2063 -0.5174
vn 0.8311 -0.2063 0.5164
vn 0.9191 -0.2042 0.3371
vn 0.9652 -0.2025 0.1656
vn 0.9652 -0.2025 -0.1656
vn 0.9191 -0.2042 -0.3371
vn 0.8311 -0.2063 -0.5164
vn -0.5164 -0.2063 -0.8311
vn -0.3371 -0.2042 -0.9191
vn -0.1656 -0.2025 -0.9652
vn 0.1656 -0.2025 -0.9652
vn 0.3371 -0.2042 -0.9191
vn 0.5164 -0.2063 -0.8311
vn 0.5164 -0.2063 0.8311
vn 0.3371 -0.2042 0.9191
vn 0.1656 -0.2025 0.9652
vn -0.1656 -0.2025 0.9652
vn -0.3371 -0.2042 0.9191
vn -0.5164 -0.2063 0.8311
vn 0.8308 -0.2063 -0.5169
vn 0.9188 -0.2042 -0.3377
vn 0.9651 -0.2025 -0.1660
vn 0.9651 -0.2025 0.1660
vn 0.9188 -0.2042 0.3377
vn 0.8308 -0.2063 0.5169
vn -0.8308 -0.2063 -0.5169
vn -0.9188 -0.2042 -0.3377
vn -0.9651 -0.2025 -0.1660
vn -0.9651 -0.2025 0.1660
vn -0.9188 -0.2042 0.3377
vn -0.8308 -0.2063 0.5169
vn 0.5169 -0.2063 -0.8308
vn 0.3377 -0.2042 -0.9188
vn 0.1660 -0.2025 -0.9651
vn -0.1660 -0.2025 -0.9651
vn -0.3377 -0.2042 -0.9188
vn -0.5169 -0.2063 -0.8308
vn -0.5169 -0.2063 0.8308
vn -0.3377 -0.2042 0.9188
vn -0.1660 -0.2025 0.9651
vn 0.1660 -0.2025 0.9651
vn 0.3377 -0.2042 0.9188
vn 0.5169 -0.2063 0.8308
vn -0.6933 -0.1963 -0.6933
vn -0.6933 -0.1963 0.6933
vn 0.6933 -0.1963 -0.6933
vn 0.6933 -0.1963 0.6933
vn -0.8330 -0.1953 -0.5176
vn -0.9211 -0.1932 -0.3379
vn -0.9673 -0.1917 -0.1660
vn -0.9816 -0.1911 -0.0000
vn -0.9673 -0.1917 0.1660
vn -0.9211 -0.1932 0.3379
vn -0.8330 -0.1953 0.5176
vn -0.8325 -0.1953 0.5185
vn -0.9207 -0.1933 0.3390
vn -0.9672 -0.1917 0.1667
vn -0.9672 -0.1917 -0.1667
vn -0.9207 -0.1933 -0.3390
vn -0.8325 -0.1953 -0.5185
vn 0.5185 -0.1953 -0.8325
vn 0.3390 -0.1933 -0.9207
vn 0.1667 -0.1917 -0.9672
vn -0.0000 -0.1911 -0.9816
vn -0.1667 -0.1917 -0.9672
vn -0.3390 -0.1933 -0.9207
vn -0.5185 -0.1953 -0.8325
vn -0.5185 -0.1953 0.8325
vn -0.3390 -0.1933 0.9207
vn -0.1667 -0.1917 0.9672
vn -0.0000 -0.1911 0.9816
vn 0.1667 -0.1917 0.9672
vn 0.3390 -0.1933 0.9207
vn 0.5185 -0.1953 0.8325
vn 0.8325 -0.1953 0.5185
vn 0.9207 -0.1933 0.3390
vn 0.9672 -0.1917 0.1667
vn 0.9816 -0.1911 -0.0000
vn 0.9672 -0.1917 -0.1667
vn 0.9207 -0.1933 -0.3390
vn 0.8325 -0.1953 -0.5185
vn 0.8330 -0.1953 0.5176
vn 0.9211 -0.1932 0.3379
vn 0.9673 -0.1917 0.1660
vn 0.9673 -0.1917 -0.1660
vn 0.9211 -0.1932 -0.3379
vn 0.8330 -0.1953 -0.5176
vn -0.5176 -0.1953 -0.8330
vn -0.3379 -0.1932 -0.9211
vn -0.1660 -0.1917 -0.9673
vn 0.1660 -0.1917 -0.9673
vn 0.3379 -0.1932 -0.9211
vn 0.5176 -0.1953 -0.8330
vn 0.5176 -0.1953 0.8330
vn 0.3379 -0.1932 0.9211
vn 0.1660 -0.1917 0.9673
vn -0.1660 -0.1917 0.9673
vn -0.3379 -0.1932 0.9211
vn -0.5176 -0.1953 0.8330
vn 0.8328 -0.1953 -0.5181
vn 0.9209 -0.1933 -0.3385
vn 0.9673 -0.1917 -0.1664
vn 0.9673 -0.1917 0.1664
vn 0.9209 -0.1933 0.3385
vn 0.8328 -0.1953 0.5181
vn -0.8328 -0.1953 -0.5181
vn -0.9209 -0.1933 -0.3385
vn -0.9673 -0.1917 -0.1664
vn -0.9673 -0.1917 0.1664
vn -0.9209 -0.1933 0.3385
vn -0.8328 -0.1953 0.5181
vn 0.5181 -0.1953 -0.8328
vn 0.3385 -0.1933 -0.9209
vn 0.1664 -0.1917 -0.9673
vn -0.1664 -0.1917 -0.9673
vn -0.3385 -0.1933 -0.9209
vn -0.5181 -0.1953 -0.8328
vn -0.5181 -0.1953 0.8328
vn -0.3385 -0.1933 0.9209
vn -0.1664 -0.1917 0.9673
vn 0.1664 -0.1917 0.9673
vn 0.3385 -0.1933 0.9209
vn 0.5181 -0.1953 0.8328
vn -0.6949 -0.1852 -0.6949
vn -0.6949 -0.1852 0.6949
vn 0.6949 -0.1852 -0.6949
vn 0.6949 -0.1852 0.6949
vn -0.8348 -0.1842 -0.5188
vn -0.9231 -0.1823 -0.3387
vn -0.9693 -0.1808 -0.1664
vn -0.9836 -0.1802 -0.0000
vn -0.9693 -0.1808 0.1664
vn -0.9231 -0.1823 0.3387
vn -0.8348 -0.1842 0.5188
vn -0.8343 -0.1842 0.5196
vn -0.9227 -0.1823 0.3397
vn -0.9692 -0.1808 0.1670
vn -0.9692 -0.1808 -0.1670
vn -0.9227 -0.1823 -0.3397
vn -0.8343 -0.1842 -0.5196
vn 0.5196 -0.1842 -0.8343
vn 0.3397 -0.1823 -0.9227
vn 0.1670 -0.1808 -0.9692
vn -0.0000 -0.1802 -0.9836
vn -0.1670 -0.1808 -0.9692
vn -0.3397 -0.1823 -0.9227
vn -0.5196 -0.1842 -0.8343
vn -0.5196 -0.1842 0.8343
vn -0.3397 -0.1823 0.9227
vn -0.1670 -0.1808 0.9692
vn -0.0000 -0.1802 0.9836
vn 0.1670 -0.1808 0.9692
vn 0.3397 -0.1823 0.9227
vn 0.5196 -0.1842 0.8343
vn 0.8343 -0.1842 0.5196
vn 0.9227 -0.1823 0.3397
vn 0.9692 -0.1808 0.1670
vn 0.9836 -0.1802 -0.0000
vn 0.9692 -0.1808 -0.1670
vn 0.9227 -0.1823 -0.3397
vn 0.8343 -0.1842 -0.5196
vn 0.8348 -0.1842 0.5188
vn 0.9231 -0.1823 0.3387
vn 0.9693 -0.1808 0.1664
vn 0.9693 -0.1808 -0.1664
vn 0.9231 -0.1823 -0.3387
vn 0.8348 -0.1842 -0.5188
vn -0.5188 -0.1842 -0.8348
vn -0.3387 -0.1823 -0.9231
vn -0.1664 -0.1808 -0.9693
vn 0.1664 -0.1808 -0.9693
vn 0.3387 -0.1823 -0.9231
vn 0.5188 -0.1842 -0.8348
vn 0.5188 -0.1842 0.8348
vn 0.3387 -0.1823 0.9231
vn 0.1664 -0.1808 0.9693
vn -0.1664 -0.1808 0.9693
vn -0.3387 -0.1823 0.9231
vn -0.5188 -0.1842 0.8348
vn 0.8346 -0.1842 -0.5192
vn 0.9229 -0.1823 -0.3392
vn 0.9693 -0.1808 -0.1667
vn 0.9693 -0.1808 0.1667
vn 0.9229 -0.1823 0.3392
vn 0.8346 -0.1842 0.5192
vn -0.8346 -0.1842 -0.5192
vn -0.9229 -0.1823 -0.3392
vn -0.9693 -0.1808 -0.1667
vn -0.9693 -0.1808 0.1667
vn -0.9229 -0.1823 0.3392
vn -0.8346 -0.1842 0.5192
vn 0.5192 -0.1842 -0.8346
vn 0.3392 -0.1823 -0.9229
vn 0.1667 -0.1808 -0.9693
vn -0.1667 -0.1808 -0.9693
vn -0.3392 -0.1823 -0.9229
vn -0.5192 -0.1842 -0.8346
vn -0.5192 -0.1842 0.8346
vn -0.3392 -0.1823 0.9229
vn -0.1667 -0.1808 0.9693
vn 0.1667 -0.1808 0.9693
vn 0.3392 -0.1823 0.9229
vn 0.5192 -0.1842 0.8346
vn -0.6963 -0.1740 -0.6963
vn -0.6963 -0.1740 0.6963
vn 0.6963 -0.1740 -0.6963
vn 0.6963 -0.1740 0.6963
vn -0.8365 -0.1730 -0.5199
vn -0.9249 -0.1712 -0.3394
vn -0.9713 -0.1698 -0.1668
vn -0.9856 -0.1693 -0.0000
vn -0.9713 -0.1698 0.1668
vn -0.9249 -0.1712 0.3394
vn -0.8365 -0.1730 0.5199
vn -0.8360 -0.1730 0.5207
vn -0.9246 -0.1712 0.3404
vn -0.9712 -0.1698 0.1674
vn -0.9712 -0.1698 -0.1674
vn -0.9246 -0.1712 -0.3404
vn -0.8360 -0.1730 -0.5207
vn 0.5207 -0.1730 -0.8360
vn 0.3404 -0.1712 -0.9246
vn 0.1674 -0.1698 -0.9712
vn -0.0000 -0.1693 -0.9856
vn -0.1674 -0.1698 -0.9712
vn -0.3404 -0.1712 -0.9246
vn -0.5207 -0.1730 -0.8360
vn -0.5207 -0.1730 0.8360
vn -0.3404 -0.1712 0.9246
vn -0.1674 -0.1698 0.9712
vn -0.0000 -0.1693 0.9856
vn 0.1674 -0.1698 0.9712
vn 0.3404 -0.1712 0.9246
vn 0.5207 -0.1730 0.8360
vn 0.8360 -0.1730 0.5207
vn 0.9246 -0.1712 0.3404
vn 0.9712 -0.1698 0.1674
vn 0.9856 -0.1693 -0.0000
vn 0.9712 -0.1698 -0.1674
vn 0.9246 -0.1712 -0.3404
vn 0.8360 -0.1730 -0.5207
vn 0.8365 -0.1730 0.5199
vn 0.9249 -0.1712 0.3394
vn 0.9713 -0.1698 0.1668
vn 0.9713 -0.1698 -0.1668
vn 0.9249 -0.1712 -0.3394
vn 0.8365 -0.1730 -0.5199
vn -0.5199 -0.1730 -0.8365
vn -0.3394 -0.1712 -0.9249
vn -0.1668 -0.1698 -0.9713
vn 0.1668 -0.1698 -0.9713
vn 0.3394 -0.1712 -0.9249
vn 0.5199 -0.1730 -0.8365
vn 0.5199 -0.1730 0.8365
vn 0.3394 -0.1712 0.9249
vn 0.1668 -0.1698 0.9713
vn -0.1667 -0.1698 0.9713
vn -0.3394 -0.1712 0.9249
vn -0.5199 -0.1730 0.8365
vn 0.8363 -0.1730 -0.5203
vn 0.9247 -0.1712 -0.3399
vn 0.9712 -0.1698 -0.1671
vn 0.9712 -0.1698 0.1671
vn 0.9247 -0.1712 0.3399
vn 0.8363 -0.1730 0.5203
vn -0.8363 -0.1730 -0.5203
vn -0.9247 -0.1712 -0.3399
vn -0.9712 -0.1698 -0.1671
vn -0.9712 -0.1698 0.1671
vn -0.9247 -0.1712 0.3399
vn -0.8363 -0.1730 0.5203
vn 0.5203 -0.1730 -0.8363
vn 0.3399 -0.1712 -0.9247
vn 0.1671 -0.1698 -0.9712
vn -0.1671 -0.1698 -0.9712
vn -0.3399 -0.1712 -0.9247
vn -0.5203 -0.1730 -0.8363
vn -0.5203 -0.1730 0.8363
vn -0.3399 -0.1712 0.9247
vn -0.1671 -0.1698 0.9712
vn 0.1671 -0.1698 0.9712
vn 0.3399 -0.1712 0.9247
vn 0.5203 -0.1730 0.8363
vn -0.6977 -0.1627 -0.6977
vn -0.6977 -0.1627 0.6977
vn 0.6977 -0.1627 -0.6977
vn 0.6977 -0.1627 0.6977
vn -0.8381 -0.1618 -0.5209
vn -0.9267 -0.1601 -0.3401
vn -0.9731 -0.1588 -0.1671
vn -0.9874 -0.1583 -0.0000
vn -0.9731 -0.1588 0.1671
vn -0.9267 -0.1601 0.3401
vn -0.8381 -0.1618 0.5209
vn -0.8377 -0.1618 0.5217
vn -0.9263 -0.1601 0.3410
vn -0.9730 -0.1588 0.1676
vn -0.9730 -0.1588 -0.1676
vn -0.9263 -0.1601 -0.3410
vn -0.8377 -0.1618 -0.5217
vn 0.5217 -0.1618 -0.8377
vn 0.3410 -0.1601 -0.9263
vn 0.1676 -0.1588 -0.9730
vn -0.0000 -0.1583 -0.9874
vn -0.1677 -0.1588 -0.9730
vn -0.3410 -0.1601 -0.9263
vn -0.5217 -0.1618 -0.8377
vn -0.5217 -0.1618 0.8377
vn -0.3410 -0.1601 0.9263
vn -0.1676 -0.1588 0.9730
vn -0.0000 -0.1583 0.9874
vn 0.1676 -0.1588 0.9730
vn 0.3410 -0.1601 0.9263
vn 0.5217 -0.1618 0.8377
vn 0.8377 -0.1618 0.5217
vn 0.9263 -0.1601 0.3410
vn 0.9730 -0.1588 0.1676
vn 0.9874 -0.1583 -0.0000
vn 0.9730 -0.1588 -0.1676
vn 0.9263 -0.1601 -0.3410
vn 0.8377 -0.1618 -0.5217
vn 0.8381 -0.1618 0.5209
vn 0.9267 -0.1601 0.3401
vn 0.9731 -0.1588 0.1671
vn 0.9731 -0.1588 -0.1671
vn 0.9267 -0.1601 -0.3401
vn 0.8381 -0.1618 -0.5209
vn -0.5209 -0.1618 -0.8381
vn -0.3401 -0.1601 -0.9267
vn -0.1671 -0.1588 -0.9731
vn 0.1671 -0.1588 -0.9731
vn 0.3401 -0.1601 -0.9267
vn 0.5209 -0.1618 -0.8381
vn 0.5209 -0.1618 0.8381
vn 0.3401 -0.1601 0.9267
vn 0.1671 -0.1588 0.9731
vn -0.1671 -0.1588 0.9731
vn -0.3401 -0.1601 0.9267
vn -0.5209 -0.1618 0.8381
vn 0.8379 -0.1618 -0.5213
vn 0.9265 -0.1601 -0.3405
vn 0.9730 -0.1588 -0.1674
vn 0.9730 -0.1588 0.1674
vn 0.9265 -0.1601 0.3405
vn 0.8379 -0.1618 0.5213
vn -0.8379 -0.1618 -0.5213
vn -0.9265 -0.1601 -0.3405
vn -0.9730 -0.1588 -0.1674
vn -0.9730 -0.1588 0.1674
vn -0.9265 -0.1601 0.3405
vn -0.8379 -0.1618 0.5213
vn 0.5213 -0.1618 -0.8379
vn 0.3405 -0.1601 -0.9265
vn 0.1674 -0.1588 -0.9730
vn -0.1674 -0.1588 -0.9730
vn -0.3405 -0.1601 -0.9265
vn -0.5213 -0.1618 -0.8379
vn -0.5213 -0.1618 0.8379
vn -0.3405 -0.1601 0.9265
vn -0.1674 -0.1588 0.9730
vn 0.1674 -0.1588 0.9730
vn 0.3405 -0.1601 0.9265
vn 0.5213 -0.1618 0.8379
vn -0.6990 -0.1513 -0.6990
vn -0.6990 -0.1513 0.6990
vn 0.6990 -0.1513 -0.6990
vn 0.6990 -0.1513 0.6990
vn -0.8396 -0.1505 -0.5219
vn -0.9283 -0.1489 -0.3407
vn -0.9748 -0.1477 -0.1674
vn -0.9891 -0.1472 -0.0000
vn -0.9748 -0.1477 0.1674
vn -0.9283 -0.1489 0.3407
vn -0.8396 -0.1505 0.5219
vn -0.8392 -0.1505 0.5226
vn -0.9280 -0.1489 0.3416
vn -0.9747 -0.1477 0.1679
vn -0.9747 -0.1477 -0.1679
vn -0.9280 -0.1489 -0.3416
vn -0.8392 -0.1505 -0.5226
vn 0.5226 -0.1505 -0.8392
vn 0.3416 -0.1489 -0.9280
vn 0.1679 -0.1477 -0.9747
vn -0.0000 -0.1472 -0.9891
vn -0.1679 -0.1477 -0.9747
vn -0.3416 -0.1489 -0.9280
vn -0.5226 -0.1505 -0.8392
vn -0.5226 -0.1505 0.8392
vn -0.3416 -0.1489 0.9280
vn -0.1679 -0.1477 0.9747
vn -0.0000 -0.1472 0.9891
vn 0.1679 -0.1477 0.9747
vn 0.3416 -0.1489 0.9280
vn 0.5226 -0.1505 0.8392
vn 0.8392 -0.1505 0.5226
vn 0.9280 -0.1489 0.3416
vn 0.9747 -0.1477 0.1679
vn 0.9891 -0.1472 -0.0000
vn 0.9747 -0.1477 -0.1679
vn 0.9280 -0.1489 -0.3416
vn 0.8392 -0.1505 -0.5226
vn 0.8396 -0.1505 0.5219
vn 0.9283 -0.1489 0.3407
vn 0.9748 -0.1477 0.1674
vn 0.9748 -0.1477 -0.1674
vn 0.9283 -0.1489 -0.3407
vn 0.8396 -0.1505 -0.5219
vn -0.5219 -0.1505 -0.8396
vn -0.3407 -0.1489 -0.9283
vn -0.1674 -0.1477 -0.9748
vn 0.1674 -0.1477 -0.9748
vn 0.3407 -0.1489 -0.9283
vn 0.5219 -0.1505 -0.8396
vn 0.5219 -0.1505 0.8396
vn 0.3407 -0.1489 0.9283
vn 0.1674 -0.1477 0.9748
vn -0.1674 -0.1477 0.9748
vn -0.3407 -0.1489 0.9283
vn -0.5219 -0.1505 0.8396
vn 0.8394 -0.1505 -0.5222
vn 0.9281 -0.1489 -0.3411
vn 0.9747 -0.1477 -0.1677
vn 0.9747 -0.1477 0.1677
vn 0.9281 -0.1489 0.3411
vn 0.8394 -0.1505 0.5222
vn -0.8394 -0.1505 -0.5222
vn -0.9281 -0.1489 -0.3411
vn -0.9747 -0.1477 -0.1677
vn -0.9747 -0.1477 0.1677
vn -0.9281 -0.1489 0.3411
vn -0.8394 -0.1505 0.5222
vn 0.5222 -0.1505 -0.8394
vn 0.3411 -0.1489 -0.9281
vn 0.1677 -0.1477 -0.9747
vn -0.1677 -0.1477 -0.9747
vn -0.3411 -0.1489 -0.9281
vn -0.5222 -0.1505 -0.8394
vn -0.5222 -0.1505 0.8394
vn -0.3411 -0.1489 0.9281
vn -0.1677 -0.1477 0.9747
vn 0.1677 -0.1477 0.9747
vn 0.3411 -0.1489 0.9281
vn 0.5222 -0.1505 0.8394
vn -0.7001 -0.1399 -0.7001
vn -0.7001 -0.1399 0.7001
vn 0.7001 -0.1399 -0.7001
vn 0.7001 -0.1399 0.7001
vn -0.8410 -0.1392 -0.5228
vn -0.9298 -0.1377 -0.3413
vn -0.9763 -0.1366 -0.1677
vn -0.9907 -0.1361 -0.0000
vn -0.9763 -0.1366 0.1677
vn -0.9298 -0.1377 0.3413
vn -0.8410 -0.1392 0.5228
vn -0.8406 -0.1392 0.5234
vn -0.9295 -0.1377 0.3421
vn -0.9763 -0.1366 0.1682
vn -0.9763 -0.1366 -0.1682
vn -0.9295 -0.1377 -0.3421
vn -0.8406 -0.1392 -0.5234
vn 0.5234 -0.1392 -0.8406
vn 0.3421 -0.1377 -0.9295
vn 0.1682 -0.1366 -0.9763
vn -0.0000 -0.1361 -0.9907
vn -0.1682 -0.1366 -0.9763
vn -0.3421 -0.1377 -0.9295
vn -0.5234 -0.1392 -0.8406
vn -0.5234 -0.1392 0.8406
vn -0.3421 -0.1377 0.9295
vn -0.1682 -0.1366 0.9763
vn -0.0000 -0.1361 0.9907
vn 0.1682 -0.1366 0.9763
vn 0.3421 -0.1377 0.9295
vn 0.5234 -0.1392 0.8406
vn 0.8406 -0.1392 0.5234
vn 0.9295 -0.1377 0.3421
vn 0.9763 -0.1366 0.1682
vn 0.9907 -0.1361 -0.0000
vn 0.9763 -0.1366 -0.1682
vn 0.9295 -0.1377 -0.3421
vn 0.8406 -0.1392 -0.5234
vn 0.8410 -0.1392 0.5228
vn 0.9298 -0.1377 0.3413
vn 0.9763 -0.1366 0.1677
vn 0.9763 -0.1366 -0.1677
vn 0.9298 -0.1377 -0.3413
vn 0.8410 -0.1392 -0.5228
vn -0.5228 -0.1392 -0.8410
vn -0.3413 -0.1377 -0.9298
vn -0.1677 -0.1366 -0.9763
vn 0.1677 -0.1366 -0.9763
vn 0.3413 -0.1377 -0.9298
vn 0.5228 -0.1392 -0.8410
vn 0.5228 -0.1392 0.8410
vn 0.3413 -0.1377 0.9298
vn 0.1677 -0.1366 0.9763
vn -0.1677 -0.1366 0.9763
vn -0.3413 -0.1377 0.9298
vn -0.5228 -0.1392 0.8410
vn 0.8408 -0.1392 -0.5231
vn 0.9297 -0.1377 -0.3417
vn 0.9763 -0.1366 -0.1679
vn 0.9763 -0.1366 0.1679
vn 0.9297 -0.1377 0.3417
vn 0.8408 -0.1392 0.5231
vn -0.8408 -0.1392 -0.5231
vn -0.9297 -0.1377 -0.3417
vn -0.9763 -0.1366 -0.1679
vn -0.9763 -0.1366 0.1679
vn -0.9297 -0.1377 0.3417
vn -0.8408 -0.1392 0.5231
vn 0.5231 -0.1392 -0.8408
vn 0.3417 -0.1377 -0.9297
vn 0.1679 -0.1366 -0.9763
vn -0.1679 -0.1366 -0.9763
vn -0.3417 -0.1377 -0.9297
vn -0.5231 -0.1392 -0.8408
vn -0.5231 -0.1392 0.8408
vn -0.3417 -0.1377 0.9297
vn -0.1679 -0.1366 0.9763
vn 0.1679 -0.1366 0.9763
vn 0.3417 -0.1377 0.9297
vn 0.5231 -0.1392 0.8408
vn -0.7012 -0.1285 -0.7012
vn -0.7012 -0.1285 0.7012
vn 0.7012 -0.1285 -0.7012
vn 0.7012 -0.1285 0.7012
vn -0.8423 -0.1278 -0.5236
vn -0.9312 -0.1264 -0.3419
vn -0.9778 -0.1254 -0.1680
vn -0.9922 -0.1250 -0.0000
vn -0.9778 -0.1254 0.1680
vn -0.9312 -0.1264 0.3419
vn -0.8423 -0.1278 0.5236
vn -0.8419 -0.1278 0.5242
vn -0.9309 -0.1264 0.3426
vn -0.9777 -0.1254 0.1684
vn -0.9777 -0.1254 -0.1684
vn -0.9309 -0.1264 -0.3426
vn -0.8419 -0.1278 -0.5242
vn 0.5242 -0.1278 -0.8419
vn 0.3426 -0.1264 -0.9309
vn 0.1684 -0.1254 -0.9777
vn -0.0000 -0.1250 -0.9922
vn -0.1684 -0.1254 -0.9777
vn -0.3426 -0.1264 -0.9309
vn -0.5242 -0.1278 -0.8419
vn -0.5242 -0.1278 0.8419
vn -0.3426 -0.1264 0.9309
vn -0.1684 -0.1254 0.9777
vn -0.0000 -0.1250 0.9922
vn 0.1684 -0.1254 0.9777
vn 0.3426 -0.1264 0.9309
vn 0.5242 -0.1278 0.8419
vn 0.8419 -0.1278 0.5242
vn 0.9309 -0.1264 0.3426
vn 0.9777 -0.1254 0.1684
vn 0.9922 -0.1250 -0.0000
vn 0.9777 -0.1254 -0.1684
vn 0.9309 -0.1264 -0.3426
vn 0.8419 -0.1278 -0.5242
vn 0.8423 -0.1278 0.5236
vn 0.9312 -0.1264 0.3419
vn 0.9778 -0.1254 0.1680
vn 0.9778 -0.1254 -0.1680
vn 0.9312 -0.1264 -0.3419
vn 0.8423 -0.1278 -0.5236
vn -0.5236 -0.1278 -0.8423
vn -0.3419 -0.1264 -0.9312
vn -0.1680 -0.1254 -0.9778
vn 0.1680 -0.1254 -0.9778
vn 0.3419 -0.1264 -0.9312
vn 0.5236 -0.1278 -0.8423
vn 0.5236 -0.1278 0.8423
vn 0.3419 -0.1264 0.9312
vn 0.1680 -0.1254 0.9778
vn -0.1680 -0.1254 0.9778
vn -0.3419 -0.1264 0.9312
vn -0.5236 -0.1278 0.8423
vn 0.8421 -0.1278 -0.5239
vn 0.9311 -0.1264 -0.3422
vn 0.9778 -0.1254 -0.1682
vn 0.9778 -0.1254 0.1682
vn 0.9311 -0.1264 0.3422
vn 0.8421 -0.1278 0.5239
vn -0.8421 -0.1278 -0.5239
vn -0.9311 -0.1264 -0.3422
vn -0.9778 -0.1254 -0.1682
vn -0.9778 -0.1254 0.1682
vn -0.9311 -0.1264 0.3422
vn -0.8421 -0.1278 0.5239
vn 0.5239 -0.1278 -0.8421
vn 0.3422 -0.1264 -0.9311
vn 0.1682 -0.1254 -0.9778
vn -0.1682 -0.1254 -0.9778
vn -0.3422 -0.1264 -0.9311
vn -0.5239 -0.1278 -0.8421
vn -0.5239 -0.1278 0.8421
vn -0.3422 -0.1264 0.9311
vn -0.1682 -0.1254 0.9778
vn 0.1682 -0.1254 0.9778
vn 0.3422 -0.1264 0.9311
vn 0.5239 -0.1278 0.8421
vn -0.7023 -0.1170 -0.7023
vn -0.7023 -0.1170 0.7023
vn 0.7023 -0.1170 -0.7023
vn 0.7023 -0.1170 0.7023
vn -0.8435 -0.1163 -0.5244
vn -0.9325 -0.1151 -0.3424
vn -0.9791 -0.1141 -0.1682
vn -0.9935 -0.1138 -0.0000
vn -0.9791 -0.1141 0.1682
vn -0.9325 -0.1151 0.3424
vn -0.8435 -0.1163 0.5244
vn -0.8432 -0.1163 0.5249
vn -0.9322 -0.1151 0.3430
vn -0.9791 -0.1141 0.1686
vn -0.9791 -0.1141 -0.1686
vn -0.9322 -0.1151 -0.3430
vn -0.8432 -0.1163 -0.5249
vn 0.5249 -0.1163 -0.8432
vn 0.3430 -0.1151 -0.9322
vn 0.1686 -0.1141 -0.9791
vn -0.0000 -0.1138 -0.9935
vn -0.1686 -0.1141 -0.9791
vn -0.3430 -0.1151 -0.9322
vn -0.5249 -0.1163 -0.8432
vn -0.5249 -0.1163 0.8432
vn -0.3430 -0.1151 0.9322
vn -0.1686 -0.1141 0.9791
vn -0.0000 -0.1138 0.9935
vn 0.1686 -0.1141 0.9791
vn 0.3430 -0.1151 0.9322
vn 0.5249 -0.1163 0.8432
vn 0.8432 -0.1163 0.5249
vn 0.9322 -0.1151 0.3430
vn 0.9791 -0.1141 0.1686
vn 0.9935 -0.1138 -0.0000
vn 0.9791 -0.1141 -0.1686
vn 0.9322 -0.1151 -0.3430
vn 0.8432 -0.1163 -0.5249
vn 0.8435 -0.1163 0.5244
vn 0.9325 -0.1151 0.3424
vn 0.9791 -0.1141 0.1682
vn 0.9791 -0.1141 -0.1682
vn 0.9325 -0.1151 -0.3424
vn 0.8435 -0.1163 -0.5244
vn -0.5244 -0.1163 -0.8435
vn -0.3424 -0.1151 -0.9325
vn -0.1682 -0.1141 -0.9791
vn 0.1682 -0.1141 -0.9791
vn 0.3424 -0.1151 -0.9325
vn 0.5244 -0.1163 -0.8435
vn 0.5244 -0.1163 0.8435
vn 0.3424 -0.1151 0.9325
vn 0.1682 -0.1141 0.9791
vn -0.1682 -0.1141 0.9791
vn -0.3424 -0.1151 0.9325
vn -0.5244 -0.1163 0.8435
vn 0.8433 -0.1163 -0.5247
vn 0.9324 -0.1151 -0.3427
vn 0.9791 -0.1141 -0.1684
vn 0.9791 -0.1141 0.1684
vn 0.9324 -0.1151 0.3427
vn 0.8433 -0.1163 0.5247
vn -0.8433 -0.1163 -0.5247
vn -0.9324 -0.1151 -0.3427
vn -0.9791 -0.1141 -0.1684
vn -0.9791 -0.1141 0.1684
vn -0.9324 -0.1151 0.3427
vn -0.8433 -0.1163 0.5247
vn 0.5247 -0.1163 -0.8433
vn 0.3427 -0.1151 -0.9324
vn 0.1684 -0.1141 -0.9791
vn -0.1684 -0.1141 -0.9791
vn -0.3427 -0.1151 -0.9324
vn -0.5247 -0.1163 -0.8433
vn -0.5247 -0.1163 0.8433
vn -0.3427 -0.1151 0.9324
vn -0.1684 -0.1141 0.9791
vn 0.1684 -0.1141 0.9791
vn 0.3427 -0.1151 0.9324
vn 0.5247 -0.1163 0.8433
vt 0.532073 0.125145
vt 0.563328 0.125145
vt 0.563328 0.250145
vt 0.532073 0.250145
vt 0.594584 0.125145
vt 0.594584 0.250145
vt 0.625839 0.125145
vt 0.625839 0.250145
vt 0.657095 0.125145
vt 0.657095 0.250145
vt 0.688350 0.125145
vt 0.688350 0.250145
vt 0.719606 0.125145
vt 0.719606 0.250145
vt 0.563328 0.375144
vt 0.532073 0.375144
vt 0.594584 0.375144
vt 0.625839 0.375144
vt 0.657095 0.375144
vt 0.688350 0.375144
vt 0.719606 0.375144
vt 0.563328 0.500143
vt 0.532073 0.500143
vt 0.594584 0.500143
vt 0.625839 0.500143
vt 0.657095 0.500143
vt 0.688350 0.500143
vt 0.719606 0.500143
vt 0.563328 0.625143
vt 0.532073 0.625143
vt 0.594584 0.625143
vt 0.625839 0.625143
vt 0.657095 0.625143
vt 0.688350 0.625143
vt 0.719606 0.625143
vt 0.563328 0.750142
vt 0.532073 0.750142
vt 0.594584 0.750142
vt 0.625839 0.750142
vt 0.657095 0.750142
vt 0.688350 0.750142
vt 0.719606 0.750142
vt 0.563328 0.875142
vt 0.532073 0.875142
vt 0.594584 0.875142
vt 0.625839 0.875142
vt 0.657095 0.875142
vt 0.688350 0.875142
vt 0.719606 0.875142
vt 0.500817 0.000146
vt 0.532073 0.000146
vt 0.500817 0.125145
vt 0.563328 0.000146
vt 0.594584 0.000146
vt 0.625839 0.000146
vt 0.657095 0.000146
vt 0.688350 0.000146
vt 0.719606 0.000146
vt 0.750861 0.000146
vt 0.750861 0.125145
vt 0.750861 0.250145
vt 0.750861 0.375144
vt 0.750861 0.500143
vt 0.750861 0.625143
vt 0.750861 0.750142
vt 0.750861 0.875142
vt 0.750861 1.000141
vt 0.719606 1.000141
vt 0.688350 1.000141
vt 0.657095 1.000141
vt 0.625839 1.000141
vt 0.594584 1.000141
vt 0.563328 1.000141
vt 0.532073 1.000141
vt 0.500817 0.875142
vt 0.500817 1.000141
vt 0.500817 0.750142
vt 0.500817 0.625143
vt 0.500817 0.500143
vt 0.500817 0.375144
vt 0.500817 0.250145
vt 0.219517 0.875142
vt 0.188262 0.875142
vt 0.188262 0.750142
vt 0.219517 0.750142
vt 0.157006 0.875142
vt 0.157006 0.750142
vt 0.125751 0.875142
vt 0.125751 0.750142
vt 0.094495 0.875142
vt 0.094495 0.750142
vt 0.063240 0.875142
vt 0.063240 0.750142
vt 0.031984 0.875142
vt 0.031984 0.750142
vt 0.188262 0.625143
vt 0.219517 0.625143
vt 0.157006 0.625143
vt 0.125751 0.625143
vt 0.094495 0.625143
vt 0.063240 0.625143
vt 0.031984 0.625143
vt 0.188262 0.500143
vt 0.219517 0.500143
vt 0.157006 0.500143
vt 0.125751 0.500143
vt 0.094495 0.500143
vt 0.063240 0.500143
vt 0.031984 0.500143
vt 0.188262 0.375144
vt 0.219517 0.375144
vt 0.157006 0.375144
vt 0.125751 0.375144
vt 0.094495 0.375144
vt 0.063240 0.375144
vt 0.031984 0.375144
vt 0.188262 0.250145
vt 0.219517 0.250145
vt 0.157006 0.250145
vt 0.125751 0.250145
vt 0.094495 0.250145
vt 0.063240 0.250145
vt 0.031984 0.250145
vt 0.188262 0.125145
vt 0.219517 0.125145
vt 0.157006 0.125145
vt 0.125751 0.125145
vt 0.094495 0.125145
vt 0.063240 0.125145
vt 0.031984 0.125145
vt 0.250773 1.000141
vt 0.219517 1.000141
vt 0.250773 0.875142
vt 0.188262 1.000141
vt 0.157006 1.000141
vt 0.125751 1.000141
vt 0.094495 1.000141
vt 0.063240 1.000141
vt 0.031984 1.000141
vt 0.000729 1.000141
vt 0.000729 0.875142
vt 0.000729 0.750142
vt 0.000729 0.625143
vt 0.000729 0.500143
vt 0.000729 0.375144
vt 0.000729 0.250145
vt 0.000729 0.125145
vt 0.000729 0.000146
vt 0.031984 0.000146
vt 0.063240 0.000146
vt 0.094495 0.000146
vt 0.125751 0.000146
vt 0.157006 0.000146
vt 0.188262 0.000146
vt 0.219517 0.000146
vt 0.250773 0.125145
vt 0.250773 0.000146
vt 0.250773 0.250145
vt 0.250773 0.375144
vt 0.250773 0.500143
vt 0.250773 0.625143
vt 0.250773 0.750142
vt 0.469562 0.125145
vt 0.469562 0.250145
vt 0.438306 0.250145
vt 0.438306 0.125145
vt 0.469562 0.375144
vt 0.438306 0.375144
vt 0.469562 0.500143
vt 0.438306 0.500143
vt 0.469562 0.625143
vt 0.438306 0.625143
vt 0.469562 0.750142
vt 0.438306 0.750142
vt 0.469562 0.875142
vt 0.438306 0.875142
vt 0.407051 0.250145
vt 0.407051 0.125145
vt 0.407051 0.375144
vt 0.407051 0.500143
vt 0.407051 0.625143
vt 0.407051 0.750142
vt 0.407051 0.875142
vt 0.375795 0.250145
vt 0.375795 0.125145
vt 0.375795 0.375144
vt 0.375795 0.500143
vt 0.375795 0.625143
vt 0.375795 0.750142
vt 0.375795 0.875142
vt 0.344540 0.250145
vt 0.344539 0.125145
vt 0.344539 0.375144
vt 0.344540 0.500143
vt 0.344539 0.625143
vt 0.344540 0.750142
vt 0.344539 0.875142
vt 0.313284 0.250145
vt 0.313284 0.125145
vt 0.313284 0.375144
vt 0.313284 0.500143
vt 0.313284 0.625143
vt 0.313284 0.750142
vt 0.313284 0.875142
vt 0.282028 0.250145
vt 0.282028 0.125145
vt 0.282029 0.375144
vt 0.282028 0.500143
vt 0.282029 0.625143
vt 0.282028 0.750142
vt 0.282028 0.875142
vt 0.500817 0.125145
vt 0.469562 0.000146
vt 0.500817 0.250145
vt 0.500817 0.375144
vt 0.500817 0.625143
vt 0.500817 0.750142
vt 0.469562 1.000141
vt 0.438306 1.000141
vt 0.407051 1.000141
vt 0.375795 1.000141
vt 0.344540 1.000141
vt 0.313284 1.000141
vt 0.282028 1.000141
vt 0.250773 0.875142
vt 0.250773 0.750142
vt 0.250773 0.625143
vt 0.250773 0.375144
vt 0.250773 0.250145
vt 0.250773 0.125145
vt 0.282028 0.000146
vt 0.313284 0.000146
vt 0.344540 0.000146
vt 0.375795 0.000146
vt 0.407051 0.000146
vt 0.438306 0.000146
vt 0.969650 0.125145
vt 0.969650 0.250144
vt 0.938394 0.250144
vt 0.938394 0.125145
vt 0.969650 0.375144
vt 0.938394 0.375144
vt 0.969650 0.500143
vt 0.938394 0.500143
vt 0.969650 0.625143
vt 0.938394 0.625143
vt 0.969650 0.750142
vt 0.938394 0.750142
vt 0.969650 0.875142
vt 0.938394 0.875142
vt 0.907139 0.250144
vt 0.907139 0.125145
vt 0.907139 0.375144
vt 0.907139 0.500143
vt 0.907139 0.625143
vt 0.907139 0.750142
vt 0.907139 0.875142
vt 0.875883 0.250144
vt 0.875883 0.125145
vt 0.875883 0.375144
vt 0.875883 0.500143
vt 0.875883 0.625143
vt 0.875883 0.750142
vt 0.875883 0.875142
vt 0.844628 0.250144
vt 0.844628 0.125145
vt 0.844628 0.375144
vt 0.844628 0.500143
vt 0.844628 0.625143
vt 0.844628 0.750142
vt 0.844628 0.875142
vt 0.813372 0.250145
vt 0.813372 0.125145
vt 0.813372 0.375144
vt 0.813372 0.500143
vt 0.813372 0.625143
vt 0.813372 0.750142
vt 0.813372 0.875142
vt 0.782117 0.250145
vt 0.782117 0.125145
vt 0.782117 0.375144
vt 0.782117 0.500143
vt 0.782117 0.625143
vt 0.782117 0.750142
vt 0.782117 0.875142
vt 1.000905 0.000145
vt 1.000905 0.125145
vt 0.969650 0.000145
vt 1.000905 0.250144
vt 1.000905 0.375144
vt 1.000905 0.500143
vt 1.000905 0.625143
vt 1.000905 0.750142
vt 1.000905 0.875142
vt 1.000905 1.000141
vt 0.969650 1.000141
vt 0.938394 1.000141
vt 0.907139 1.000141
vt 0.875883 1.000141
vt 0.844628 1.000141
vt 0.813372 1.000141
vt 0.782117 1.000141
vt 0.750861 0.625143
vt 0.750861 0.500143
vt 0.750861 0.375144
vt 0.750861 0.250145
vt 0.750861 0.125145
vt 0.782117 0.000146
vt 0.813372 0.000146
vt 0.844628 0.000146
vt 0.875883 0.000146
vt 0.907139 0.000146
vt 0.938394 0.000146
s 1
usemtl beam
f 93/1/57 94/2/58 101/3/58 100/4/57
f 94/2/58 95/5/59 102/6/59 101/3/58
f 95/5/59 96/7/35 103/8/35 102/6/59
f 96/7/35 97/9/60 104/10/60 103/8/35
f 97/9/60 98/11/61 105/12/61 104/10/60
f 98/11/61 99/13/62 106/14/62 105/12/61
f 100/4/57 101/3/58 108/15/58 107/16/57
f 101/3/58 102/6/59 109/17/59 108/15/58
f 102/6/59 103/8/35 110/18/35 109/17/59
f 103/8/35 104/10/60 111/19/60 110/18/35
f 104/10/60 105/12/61 112/20/61 111/19/60
f 105/12/61 106/14/62 113/21/62 112/20/61
f 107/16/57 108/15/58 115/22/58 114/23/57
f 108/15/58 109/17/59 116/24/59 115/22/58
f 109/17/59 110/18/35 117/25/35 116/24/59
f 110/18/35 111/19/60 118/26/60 117/25/35
f 111/19/60 112/20/61 119/27/61 118/26/60
f 112/20/61 113/21/62 120/28/62 119/27/61
f 114/23/57 115/22/58 122/29/58 121/30/57
f 115/22/58 116/24/59 123/31/59 122/29/58
f 116/24/59 117/25/35 124/32/35 123/31/59
f 117/25/35 118/26/60 125/33/60 124/32/35
f 118/26/60 119/27/61 126/34/61 125/33/60
f 119/27/61 120/28/62 127/35/62 126/34/61
f 121/30/57 122/29/58 129/36/58 128/37/57
f 122/29/58 123/31/59 130/38/59 129/36/58
f 123/31/59 124/32/35 131/39/35 130/38/59
f 124/32/35 125/33/60 132/40/60 131/39/35
f 125/33/60 126/34/61 133/41/61 132/40/60
f 126/34/61 127/35/62 134/42/62 133/41/61
f 128/37/57 129/36/58 136/43/58 135/44/57
f 129/36/58 130/38/59 137/45/59 136/43/58
f 130/38/59 131/39/35 138/46/35 137/45/59
f 131/39/35 132/40/60 139/47/60 138/46/35
f 132/40/60 133/41/61 140/48/61 139/47/60
f 133/41/61 134/42/62 141/49/62 140/48/61
f 7/50/3 43/51/38 93/1/57 44/52/3
f 43/51/38 42/53/37 94/2/58 93/1/57
f 42/53/37 41/54/36 95/5/59 94/2/58
f 41/54/36 40/55/35 96/7/35 95/5/59
f 40/55/35 39/56/34 97/9/60 96/7/35
f 39/56/34 38/57/33 98/11/61 97/9/60
f 38/57/33 37/58/32 99/13/62 98/11/61
f 37/58/32 8/59/4 79/60/4 99/13/62
f 99/13/62 79/60/4 80/61/4 106/14/62
f 106/14/62 80/61/4 81/62/4 113/21/62
f 113/21/62 81/62/4 82/63/4 120/28/62
f 120/28/62 82/63/4 83/64/4 127/35/62
f 127/35/62 83/64/4 84/65/4 134/42/62
f 134/42/62 84/65/4 85/66/4 141/49/62
f 141/49/62 85/66/4 6/67/4 51/68/39
f 140/48/61 141/49/62 51/68/39 52/69/40
f 139/47/60 140/48/61 52/69/40 53/70/41
f 138/46/35 139/47/60 53/70/41 54/71/35
f 137/45/59 138/46/35 54/71/35 55/72/42
f 136/43/58 137/45/59 55/72/42 56/73/43
f 135/44/57 136/43/58 56/73/43 57/74/44
f 50/75/3 135/44/57 57/74/44 5/76/3
f 49/77/3 128/37/57 135/44/57 50/75/3
f 48/78/3 121/30/57 128/37/57 49/77/3
f 47/79/3 114/23/57 121/30/57 48/78/3
f 46/80/3 107/16/57 114/23/57 47/79/3
f 45/81/3 100/4/57 107/16/57 46/80/3
f 44/52/3 93/1/57 100/4/57 45/81/3
f 142/82/63 143/83/64 150/84/64 149/85/63
f 143/83/64 144/86/65 151/87/65 150/84/64
f 144/86/65 145/88/8 152/89/8 151/87/65
f 145/88/8 146/90/66 153/91/66 152/89/8
f 146/90/66 147/92/67 154/93/67 153/91/66
f 147/92/67 148/94/68 155/95/68 154/93/67
f 149/85/63 150/84/64 157/96/64 156/97/63
f 150/84/64 151/87/65 158/98/65 157/96/64
f 151/87/65 152/89/8 159/99/8 158/98/65
f 152/89/8 153/91/66 160/100/66 159/99/8
f 153/91/66 154/93/67 161/101/67 160/100/66
f 154/93/67 155/95/68 162/102/68 161/101/67
f 156/97/63 157/96/64 164/103/64 163/104/63
f 157/96/64 158/98/65 165/105/65 164/103/64
f 158/98/65 159/99/8 166/106/8 165/105/65
f 159/99/8 160/100/66 167/107/66 166/106/8
f 160/100/66 161/101/67 168/108/67 167/107/66
f 161/101/67 162/102/68 169/109/68 168/108/67
f 163/104/63 164/103/64 171/110/64 170/111/63
f 164/103/64 165/105/65 172/112/65 171/110/64
f 165/105/65 166/106/8 173/113/8 172/112/65
f 166/106/8 167/107/66 174/114/66 173/113/8
f 167/107/66 168/108/67 175/115/67 174/114/66
f 168/108/67 169/109/68 176/116/68 175/115/67
f 170/111/63 171/110/64 178/117/64 177/118/63
f 171/110/64 172/112/65 179/119/65 178/117/64
f 172/112/65 173/113/8 180/120/8 179/119/65
f 173/113/8 174/114/66 181/121/66 180/120/8
f 174/114/66 175/115/67 182/122/67 181/121/66
f 175/115/67 176/116/68 183/123/68 182/122/67
f 177/118/63 178/117/64 185/124/64 184/125/63
f 178/117/64 179/119/65 186/126/65 185/124/64
f 179/119/65 180/120/8 187/127/8 186/126/65
f 180/120/8 181/121/66 188/128/66 187/127/8
f 181/121/66 182/122/67 189/129/67 188/128/66
f 182/122/67 183/123/68 190/130/68 189/129/67
f 1/131/1 9/132/5 142/82/63 92/133/1
f 9/132/5 10/134/6 143/83/64 142/82/63
f 10/134/6 11/135/7 144/86/65 143/83/64
f 11/135/7 12/136/8 145/88/8 144/86/65
f 12/136/8 13/137/9 146/90/66 145/88/8
f 13/137/9 14/138/10 147/92/67 146/90/66
f 14/138/10 15/139/11 148/94/68 147/92/67
f 15/139/11 2/140/2 72/141/2 148/94/68
f 148/94/68 72/141/2 73/142/2 155/95/68
f 155/95/68 73/142/2 74/143/2 162/102/68
f 162/102/68 74/143/2 75/144/2 169/109/68
f 169/109/68 75/144/2 76/145/2 176/116/68
f 176/116/68 76/145/2 77/146/2 183/123/68
f 183/123/68 77/146/2 78/147/2 190/130/68
f 190/130/68 78/147/2 4/148/2 16/149/12
f 189/129/67 190/130/68 16/149/12 17/150/13
f 188/128/66 189/129/67 17/150/13 18/151/14
f 187/127/8 188/128/66 18/151/14 19/152/8
f 186/126/65 187/127/8 19/152/8 20/153/15
f 185/124/64 186/126/65 20/153/15 21/154/16
f 184/125/63 185/124/64 21/154/16 22/155/17
f 86/156/1 184/125/63 22/155/17 3/157/1
f 87/158/1 177/118/63 184/125/63 86/156/1
f 88/159/1 170/111/63 177/118/63 87/158/1
f 89/160/1 163/104/63 170/111/63 88/159/1
f 90/161/1 156/97/63 163/104/63 89/160/1
f 91/162/1 149/85/63 156/97/63 90/161/1
f 92/133/1 142/82/63 149/85/63 91/162/1
f 191/163/69 192/164/69 199/165/70 198/166/70
f 192/164/69 193/167/69 200/168/70 199/165/70
f 193/167/69 194/169/69 201/170/70 200/168/70
f 194/169/69 195/171/69 202/172/70 201/170/70
f 195/171/69 196/173/69 203/174/70 202/172/70
f 196/173/69 197/175/69 204/176/70 203/174/70
f 198/166/70 199/165/70 206/177/71 205/178/71
f 199/165/70 200/168/70 207/179/71 206/177/71
f 200/168/70 201/170/70 208/180/71 207/179/71
f 201/170/70 202/172/70 209/181/71 208/180/71
f 202/172/70 203/174/70 210/182/71 209/181/71
f 203/174/70 204/176/70 211/183/71 210/182/71
f 205/178/71 206/177/71 213/184/21 212/185/21
f 206/177/71 207/179/71 214/186/21 213/184/21
f 207/179/71 208/180/71 215/187/21 214/186/21
f 208/180/71 209/181/71 216/188/21 215/187/21
f 209/181/71 210/182/71 217/189/21 216/188/21
f 210/182/71 211/183/71 218/190/21 217/189/21
f 212/185/21 213/184/21 220/191/72 219/192/72
f 213/184/21 214/186/21 221/193/72 220/191/72
f 214/186/21 215/187/21 222/194/72 221/193/72
f 215/187/21 216/188/21 223/195/72 222/194/72
f 216/188/21 217/189/21 224/196/72 223/195/72
f 217/189/21 218/190/21 225/197/72 224/196/72
f 219/192/72 220/191/72 227/198/73 226/199/73
f 220/191/72 221/193/72 228/200/73 227/198/73
f 221/193/72 222/194/72 229/201/73 228/200/73
f 222/194/72 223/195/72 230/202/73 229/201/73
f 223/195/72 224/196/72 231/203/73 230/202/73
f 224/196/72 225/197/72 232/204/73 231/203/73
f 226/199/73 227/198/73 234/205/74 233/206/74
f 227/198/73 228/200/73 235/207/74 234/205/74
f 228/200/73 229/201/73 236/208/74 235/207/74
f 229/201/73 230/202/73 237/209/74 236/208/74
f 230/202/73 231/203/73 238/210/74 237/209/74
f 231/203/73 232/204/73 239/211/74 238/210/74
f 7/50/3 44/212/3 191/163/69 23/213/18
f 44/212/3 45/214/3 192/164/69 191/163/69
f 45/214/3 46/215/3 193/167/69 192/164/69
f 46/215/3 47/79/3 194/169/69 193/167/69
f 47/79/3 48/216/3 195/171/69 194/169/69
f 48/216/3 49/217/3 196/173/69 195/171/69
f 49/217/3 50/75/3 197/175/69 196/173/69
f 50/75/3 5/76/3 64/218/50 197/175/69
f 197/175/69 64/218/50 63/219/49 204/176/70
f 204/176/70 63/219/49 62/220/48 211/183/71
f 211/183/71 62/220/48 61/221/21 218/190/21
f 218/190/21 61/221/21 60/222/47 225/197/72
f 225/197/72 60/222/47 59/223/46 232/204/73
f 232/204/73 59/223/46 58/224/45 239/211/74
f 239/211/74 58/224/45 1/131/1 92/225/1
f 238/210/74 239/211/74 92/225/1 91/226/1
f 237/209/74 238/210/74 91/226/1 90/227/1
f 236/208/74 237/209/74 90/227/1 89/160/1
f 235/207/74 236/208/74 89/160/1 88/228/1
f 234/205/74 235/207/74 88/228/1 87/229/1
f 233/206/74 234/205/74 87/229/1 86/230/1
f 29/231/24 233/206/74 86/230/1 3/157/1
f 28/232/23 226/199/73 233/206/74 29/231/24
f 27/233/22 219/192/72 226/199/73 28/232/23
f 26/234/21 212/185/21 219/192/72 27/233/22
f 25/235/20 205/178/71 212/185/21 26/234/21
f 24/236/19 198/166/70 205/178/71 25/235/20
f 23/213/18 191/163/69 198/166/70 24/236/19
f 240/237/75 241/238/75 248/239/76 247/240/76
f 241/238/75 242/241/75 249/242/76 248/239/76
f 242/241/75 243/243/75 250/244/76 249/242/76
f 243/243/75 244/245/75 251/246/76 250/244/76
f 244/245/75 245/247/75 252/248/76 251/246/76
f 245/247/75 246/249/75 253/250/76 252/248/76
f 247/240/76 248/239/76 255/251/77 254/252/77
f 248/239/76 249/242/76 256/253/77 255/251/77
f 249/242/76 250/244/76 257/254/77 256/253/77
f 250/244/76 251/246/76 258/255/77 257/254/77
f 251/246/76 252/248/76 259/256/77 258/255/77
f 252/248/76 253/250/76 260/257/77 259/256/77
f 254/252/77 255/251/77 262/258/28 261/259/28
f 255/251/77 256/253/77 263/260/28 262/258/28
f 256/253/77 257/254/77 264/261/28 263/260/28
f 257/254/77 258/255/77 265/262/28 264/261/28
f 258/255/77 259/256/77 266/263/28 265/262/28
f 259/256/77 260/257/77 267/264/28 266/263/28
f 261/259/28 262/258/28 269/265/78 268/266/78
f 262/258/28 263/260/28 270/267/78 269/265/78
f 263/260/28 264/261/28 271/268/78 270/267/78
f 264/261/28 265/262/28 272/269/78 271/268/78
f 265/262/28 266/263/28 273/270/78 272/269/78
f 266/263/28 267/264/28 274/271/78 273/270/78
f 268/266/78 269/265/78 276/272/79 275/273/79
f 269/265/78 270/267/78 277/274/79 276/272/79
f 270/267/78 271/268/78 278/275/79 277/274/79
f 271/268/78 272/269/78 279/276/79 278/275/79
f 272/269/78 273/270/78 280/277/79 279/276/79
f 273/270/78 274/271/78 281/278/79 280/277/79
f 275/273/79 276/272/79 283/279/80 282/280/80
f 276/272/79 277/274/79 284/281/80 283/279/80
f 277/274/79 278/275/79 285/282/80 284/281/80
f 278/275/79 279/276/79 286/283/80 285/282/80
f 279/276/79 280/277/79 287/284/80 286/283/80
f 280/277/79 281/278/79 288/285/80 287/284/80
f 4/286/2 78/287/2 240/237/75 30/288/25
f 78/287/2 77/289/2 241/238/75 240/237/75
f 77/289/2 76/290/2 242/241/75 241/238/75
f 76/290/2 75/291/2 243/243/75 242/241/75
f 75/291/2 74/292/2 244/245/75 243/243/75
f 74/292/2 73/293/2 245/247/75 244/245/75
f 73/293/2 72/294/2 246/249/75 245/247/75
f 72/294/2 2/295/2 71/296/56 246/249/75
f 246/249/75 71/296/56 70/297/55 253/250/76
f 253/250/76 70/297/55 69/298/54 260/257/77
f 260/257/77 69/298/54 68/299/28 267/264/28
f 267/264/28 68/299/28 67/300/53 274/271/78
f 274/271/78 67/300/53 66/301/52 281/278/79
f 281/278/79 66/301/52 65/302/51 288/285/80
f 288/285/80 65/302/51 6/67/4 85/66/4
f 287/284/80 288/285/80 85/66/4 84/65/4
f 286/283/80 287/284/80 84/65/4 83/303/4
f 285/282/80 286/283/80 83/303/4 82/304/4
f 284/281/80 285/282/80 82/304/4 81/305/4
f 283/279/80 284/281/80 81/305/4 80/306/4
f 282/280/80 283/279/80 80/306/4 79/307/4
f 36/308/31 282/280/80 79/307/4 8/59/4
f 35/309/30 275/273/79 282/280/80 36/308/31
f 34/310/29 268/266/78 275/273/79 35/309/30
f 33/311/28 261/259/28 268/266/78 34/310/29
f 32/312/27 254/252/77 261/259/28 33/311/28
f 31/313/26 247/240/76 254/252/77 32/312/27
f 30/288/25 240/237/75 247/240/76 31/313/26
f 381/1/137 382/2/138 389/3/138 388/4/137
f 382/2/138 383/5/139 390/6/139 389/3/138
f 383/5/139 384/7/115 391/8/115 390/6/139
f 384/7/115 385/9/140 392/10/140 391/8/115
f 385/9/140 386/11/141 393/12/141 392/10/140
f 386/11/141 387/13/142 394/14/142 393/12/141
f 388/4/137 389/3/138 396/15/138 395/16/137
f 389/3/138 390/6/139 397/17/139 396/15/138
f 390/6/139 391/8/115 398/18/115 397/17/139
f 391/8/115 392/10/140 399/19/140 398/18/115
f 392/10/140 393/12/141 400/20/141 399/19/140
f 393/12/141 394/14/142 401/21/142 400/20/141
f 395/16/137 396/15/138 403/22/138 402/23/137
f 396/15/138 397/17/139 404/24/139 403/22/138
f 397/17/139 398/18/115 405/25/115 404/24/139
f 398/18/115 399/19/140 406/26/140 405/25/115
f 399/19/140 400/20/141 407/27/141 406/26/140
f 400/20/141 401/21/142 408/28/142 407/27/141
f 402/23/137 403/22/138 410/29/138 409/30/137
f 403/22/138 404/24/139 411/31/139 410/29/138
f 404/24/139 405/25/115 412/32/115 411/31/139
f 405/25/115 406/26/140 413/33/140 412/32/115
f 406/26/140 407/27/141 414/34/141 413/33/140
f 407/27/141 408/28/142 415/35/142 414/34/141
f 409/30/137 410/29/138 417/36/138 416/37/137
f 410/29/138 411/31/139 418/38/139 417/36/138
f 411/31/139 412/32/115 419/39/115 418/38/139
f 412/32/115 413/33/140 420/40/140 419/39/115
f 413/33/140 414/34/141 421/41/141 420/40/140
f 414/34/141 415/35/142 422/42/142 421/41/141
f 416/37/137 417/36/138 424/43/138 423/44/137
f 417/36/138 418/38/139 425/45/139 424/43/138
f 418/38/139 419/39/115 426/46/115 425/45/139
f 419/39/115 420/40/140 427/47/140 426/46/115
f 420/40/140 421/41/141 428/48/141 427/47/140
f 421/41/141 422/42/142 429/49/142 428/48/141
f 295/50/83 331/51/118 381/1/137 332/52/83
f 331/51/118 330/53/117 382/2/138 381/1/137
f 330/53/117 329/54/116 383/5/139 382/2/138
f 329/54/116 328/55/115 384/7/115 383/5/139
f 328/55/115 327/56/114 385/9/140 384/7/115
f 327/56/114 326/57/113 386/11/141 385/9/140
f 326/57/113 325/58/112 387/13/142 386/11/141
f 325/58/112 296/59/84 367/60/84 387/13/142
f 387/13/142 367/60/84 368/61/84 394/14/142
f 394/14/142 368/61/84 369/62/84 401/21/142
f 401/21/142 369/62/84 370/63/84 408/28/142
f 408/28/142 370/63/84 371/64/84 415/35/142
f 415/35/142 371/64/84 372/65/84 422/42/142
f 422/42/142 372/65/84 373/66/84 429/49/142
f 429/49/142 373/66/84 294/67/84 339/68/119
f 428/48/141 429/49/142 339/68/119 340/69/120
f 427/47/140 428/48/141 340/69/120 341/70/121
f 426/46/115 427/47/140 341/70/121 342/71/115
f 425/45/139 426/46/115 342/71/115 343/72/122
f 424/43/138 425/45/139 343/72/122 344/73/123
f 423/44/137 424/43/138 344/73/123 345/74/124
f 338/75/83 423/44/137 345/74/124 293/76/83
f 337/77/83 416/37/137 423/44/137 338/75/83
f 336/78/83 409/30/137 416/37/137 337/77/83
f 335/79/83 402/23/137 409/30/137 336/78/83
f 334/80/83 395/16/137 402/23/137 335/79/83
f 333/81/83 388/4/137 395/16/137 334/80/83
f 332/52/83 381/1/137 388/4/137 333/81/83
f 430/82/143 431/83/144 438/84/144 437/85/143
f 431/83/144 432/86/145 439/87/145 438/84/144
f 432/86/145 433/88/88 440/89/88 439/87/145
f 433/88/88 434/90/146 441/91/146 440/89/88
f 434/90/146 435/92/147 442/93/147 441/91/146
f 435/92/147 436/94/148 443/95/148 442/93/147
f 437/85/143 438/84/144 445/96/144 444/97/143
f 438/84/144 439/87/145 446/98/145 445/96/144
f 439/87/145 440/89/88 447/99/88 446/98/145
f 440/89/88 441/91/146 448/100/146 447/99/88
f 441/91/146 442/93/147 449/101/147 448/100/146
f 442/93/147 443/95/148 450/102/148 449/101/147
f 444/97/143 445/96/144 452/103/144 451/104/143
f 445/96/144 446/98/145 453/105/145 452/103/144
f 446/98/145 447/99/88 454/106/88 453/105/145
f 447/99/88 448/100/146 455/107/146 454/106/88
f 448/100/146 449/101/147 456/108/147 455/107/146
f 449/101/147 450/102/148 457/109/148 456/108/147
f 451/104/143 452/103/144 459/110/144 458/111/143
f 452/103/144 453/105/145 460/112/145 459/110/144
f 453/105/145 454/106/88 461/113/88 460/112/145
f 454/106/88 455/107/146 462/114/146 461/113/88
f 455/107/146 456/108/147 463/115/147 462/114/146
f 456/108/147 457/109/148 464/116/148 463/115/147
f 458/111/143 459/110/144 466/117/144 465/118/143
f 459/110/144 460/112/145 467/119/145 466/117/144
f 460/112/145 461/113/88 468/120/88 467/119/145
f 461/113/88 462/114/146 469/121/146 468/120/88
f 462/114/146 463/115/147 470/122/147 469/121/146
f 463/115/147 464/116/148 471/123/148 470/122/147
f 465/118/143 466/117/144 473/124/144 472/125/143
f 466/117/144 467/119/145 474/126/145 473/124/144
f 467/119/145 468/120/88 475/127/88 474/126/145
f 468/120/88 469/121/146 476/128/146 475/127/88
f 469/121/146 470/122/147 477/129/147 476/128/146
f 470/122/147 471/123/148 478/130/148 477/129/147
f 289/131/81 297/132/85 430/82/143 380/133/81
f 297/132/85 298/134/86 431/83/144 430/82/143
f 298/134/86 299/135/87 432/86/145 431/83/144
f 299/135/87 300/136/88 433/88/88 432/86/145
f 300/136/88 301/137/89 434/90/146 433/88/88
f 301/137/89 302/138/90 435/92/147 434/90/146
f 302/138/90 303/139/91 436/94/148 435/92/147
f 303/139/91 290/140/82 360/141/82 436/94/148
f 436/94/148 360/141/82 361/142/82 443/95/148
f 443/95/148 361/142/82 362/143/82 450/102/148
f 450/102/148 362/143/82 363/144/82 457/109/148
f 457/109/148 363/144/82 364/145/82 464/116/148
f 464/116/148 364/145/82 365/146/82 471/123/148
f 471/123/148 365/146/82 366/147/82 478/130/148
f 478/130/148 366/147/82 292/148/82 304/149/92
f 477/129/147 478/130/148 304/149/92 305/150/93
f 476/128/146 477/129/147 305/150/93 306/151/94
f 475/127/88 476/128/146 306/151/94 307/152/88
f 474/126/145 475/127/88 307/152/88 308/153/95
f 473/124/144 474/126/145 308/153/95 309/154/96
f 472/125/143 473/124/144 309/154/96 310/155/97
f 374/156/81 472/125/143 310/155/97 291/157/81
f 375/158/81 465/118/143 472/125/143 374/156/81
f 376/159/81 458/111/143 465/118/143 375/158/81
f 377/160/81 451/104/143 458/111/143 376/159/81
f 378/161/81 444/97/143 451/104/143 377/160/81
f 379/162/81 437/85/143 444/97/143 378/161/81
f 380/133/81 430/82/143 437/85/143 379/162/81
f 479/163/149 480/164/149 487/165/150 486/166/150
f 480/164/149 481/167/149 488/168/150 487/165/150
f 481/167/149 482/169/149 489/170/150 488/168/150
f 482/169/149 483/171/149 490/172/150 489/170/150
f 483/171/149 484/173/149 491/174/150 490/172/150
f 484/173/149 485/175/149 492/176/150 491/174/150
f 486/166/150 487/165/150 494/177/151 493/178/151
f 487/165/150 488/168/150 495/179/151 494/177/151
f 488/168/150 489/170/150 496/180/151 495/179/151
f 489/170/150 490/172/150 497/181/151 496/180/151
f 490/172/150 491/174/150 498/182/151 497/181/151
f 491/174/150 492/176/150 499/183/151 498/182/151
f 493/178/151 494/177/151 501/184/101 500/185/101
f 494/177/151 495/179/151 502/186/101 501/184/101
f 495/179/151 496/180/151 503/187/101 502/186/101
f 496/180/151 497/181/151 504/188/101 503/187/101
f 497/181/151 498/182/151 505/189/101 504/188/101
f 498/182/151 499/183/151 506/190/101 505/189/101
f 500/185/101 501/184/101 508/191/152 507/192/152
f 501/184/101 502/186/101 509/193/152 508/191/152
f 502/186/101 503/187/101 510/194/152 509/193/152
f 503/187/101 504/188/101 511/195/152 510/194/152
f 504/188/101 505/189/101 512/196/152 511/195/152
f 505/189/101 506/190/101 513/197/152 512/196/152
f 507/192/152 508/191/152 515/198/153 514/199/153
f 508/191/152 509/193/152 516/200/153 515/198/153
f 509/193/152 510/194/152 517/201/153 516/200/153
f 510/194/152 511/195/152 518/202/153 517/201/153
f 511/195/152 512/196/152 519/203/153 518/202/153
f 512/196/152 513/197/152 520/204/153 519/203/153
f 514/199/153 515/198/153 522/205/154 521/206/154
f 515/198/153 516/200/153 523/207/154 522/205/154
f 516/200/153 517/201/153 524/208/154 523/207/154
f 517/201/153 518/202/153 525/209/154 524/208/154
f 518/202/153 519/203/153 526/210/154 525/209/154
f 519/203/153 520/204/153 527/211/154 526/210/154
f 295/50/83 332/212/83 479/163/149 311/213/98
f 332/212/83 333/214/83 480/164/149 479/163/149
f 333/214/83 334/215/83 481/167/149 480/164/149
f 334/215/83 335/79/83 482/169/149 481/167/149
f 335/79/83 336/216/83 483/171/149 482/169/149
f 336/216/83 337/217/83 484/173/149 483/171/149
f 337/217/83 338/75/83 485/175/149 484/173/149
f 338/75/83 293/76/83 352/218/130 485/175/149
f 485/175/149 352/218/130 351/219/129 492/176/150
f 492/176/150 351/219/129 350/220/128 499/183/151
f 499/183/151 350/220/128 349/221/101 506/190/101
f 506/190/101 349/221/101 348/222/127 513/197/152
f 513/197/152 348/222/127 347/223/126 520/204/153
f 520/204/153 347/223/126 346/224/125 527/211/154
f 527/211/154 346/224/125 289/131/81 380/225/81
f 526/210/154 527/211/154 380/225/81 379/226/81
f 525/209/154 526/210/154 379/226/81 378/227/81
f 524/208/154 525/209/154 378/227/81 377/160/81
f 523/207/154 524/208/154 377/160/81 376/228/81
f 522/205/154 523/207/154 376/228/81 375/229/81
f 521/206/154 522/205/154 375/229/81 374/230/81
f 317/231/104 521/206/154 374/230/81 291/157/81
f 316/232/103 514/199/153 521/206/154 317/231/104
f 315/233/102 507/192/152 514/199/153 316/232/103
f 314/234/101 500/185/101 507/192/152 315/233/102
f 313/235/100 493/178/151 500/185/101 314/234/101
f 312/236/99 486/166/150 493/178/151 313/235/100
f 311/213/98 479/163/149 486/166/150 312/236/99
f 528/237/155 529/238/155 536/239/156 535/240/156
f 529/238/155 530/241/155 537/242/156 536/239/156
f 530/241/155 531/243/155 538/244/156 537/242/156
f 531/243/155 532/245/155 539/246/156 538/244/156
f 532/245/155 533/247/155 540/248/156 539/246/156
f 533/247/155 534/249/155 541/250/156 540/248/156
f 535/240/156 536/239/156 543/251/157 542/252/157
f 536/239/156 537/242/156 544/253/157 543/251/157
f 537/242/156 538/244/156 545/254/157 544/253/157
f 538/244/156 539/246/156 546/255/157 545/254/157
f 539/246/156 540/248/156 547/256/157 546/255/157
f 540/248/156 541/250/156 548/257/157 547/256/157
f 542/252/157 543/251/157 550/258/108 549/259/108
f 543/251/157 544/253/157 551/260/108 550/258/108
f 544/253/157 545/254/157 552/261/108 551/260/108
f 545/254/157 546/255/157 553/262/108 552/261/108
f 546/255/157 547/256/157 554/263/108 553/262/108
f 547/256/157 548/257/157 555/264/108 554/263/108
f 549/259/108 550/258/108 557/265/158 556/266/158
f 550/258/108 551/260/108 558/267/158 557/265/158
f 551/260/108 552/261/108 559/268/158 558/267/158
f 552/261/108 553/262/108 560/269/158 559/268/158
f 553/262/108 554/263/108 561/270/158 560/269/158
f 554/263/108 555/264/108 562/271/158 561/270/158
f 556/266/158 557/265/158 564/272/159 563/273/159
f 557/265/158 558/267/158 565/274/159 564/272/159
f 558/267/158 559/268/158 566/275/159 565/274/159
f 559/268/158 560/269/158 567/276/159 566/275/159
f 560/269/158 561/270/158 568/277/159 567/276/159
f 561/270/158 562/271/158 569/278/159 568/277/159
f 563/273/159 564/272/159 571/279/160 570/280/160
f 564/272/159 565/274/159 572/281/160 571/279/160
f 565/274/159 566/275/159 573/282/160 572/281/160
f 566/275/159 567/276/159 574/283/160 573/282/160
f 567/276/159 568/277/159 575/284/160 574/283/160
f 568/277/159 569/278/159 576/285/160 575/284/160
f 292/286/82 366/287/82 528/237/155 318/288/105
f 366/287/82 365/289/82 529/238/155 528/237/155
f 365/289/82 364/290/82 530/241/155 529/238/155
f 364/290/82 363/291/82 531/243/155 530/241/155
f 363/291/82 362/292/82 532/245/155 531/243/155
f 362/292/82 361/293/82 533/247/155 532/245/155
f 361/293/82 360/294/82 534/249/155 533/247/155
f 360/294/82 290/295/82 359/296/136 534/249/155
f 534/249/155 359/296/136 358/297/135 541/250/156
f 541/250/156 358/297/135 357/298/134 548/257/157
f 548/257/157 357/298/134 356/299/108 555/264/108
f 555/264/108 356/299/108 355/300/133 562/271/158
f 562/271/158 355/300/133 354/301/132 569/278/159
f 569/278/159 354/301/132 353/302/131 576/285/160
f 576/285/160 353/302/131 294/67/84 373/66/84
f 575/284/160 576/285/160 373/66/84 372/65/84
f 574/283/160 575/284/160 372/65/84 371/303/84
f 573/282/160 574/283/160 371/303/84 370/304/84
f 572/281/160 573/282/160 370/304/84 369/305/84
f 571/279/160 572/281/160 369/305/84 368/306/84
f 570/280/160 571/279/160 368/306/84 367/307/84
f 324/308/111 570/280/160 367/307/84 296/59/84
f 323/309/110 563/273/159 570/280/160 324/308/111
f 322/310/109 556/266/158 563/273/159 323/309/110
f 321/311/108 549/259/108 556/266/158 322/310/109
f 320/312/107 542/252/157 549/259/108 321/311/108
f 319/313/106 535/240/156 542/252/157 320/312/107
f 318/288/105 528/237/155 535/240/156 319/313/106
f 669/1/217 670/2/218 677/3/218 676/4/217
f 670/2/218 671/5/219 678/6/219 677/3/218
f 671/5/219 672/7/195 679/8/195 678/6/219
f 672/7/195 673/9/220 680/10/220 679/8/195
f 673/9/220 674/11/221 681/12/221 680/10/220
f 674/11/221 675/13/222 682/14/222 681/12/221
f 676/4/217 677/3/218 684/15/218 683/16/217
f 677/3/218 678/6/219 685/17/219 684/15/218
f 678/6/219 679/8/195 686/18/195 685/17/219
f 679/8/195 680/10/220 687/19/220 686/18/195
f 680/10/220 681/12/221 688/20/221 687/19/220
f 681/12/221 682/14/222 689/21/222 688/20/221
f 683/16/217 684/15/218 691/22/218 690/23/217
f 684/15/218 685/17/219 692/24/219 691/22/218
f 685/17/219 686/18/195 693/25/195 692/24/219
f 686/18/195 687/19/220 694/26/220 693/25/195
f 687/19/220 688/20/221 695/27/221 694/26/220
f 688/20/221 689/21/222 696/28/222 695/27/221
f 690/23/217 691/22/218 698/29/218 697/30/217
f 691/22/218 692/24/219 699/31/219 698/29/218
f 692/24/219 693/25/195 700/32/195 699/31/219
f 693/25/195 694/26/220 701/33/220 700/32/195
f 694/26/220 695/27/221 702/34/221 701/33/220
f 695/27/221 696/28/222 703/35/222 702/34/221
f 697/30/217 698/29/218 705/36/218 704/37/217
f 698/29/218 699/31/219 706/38/219 705/36/218
f 699/31/219 700/32/195 707/39/195 706/38/219
f 700/32/195 701/33/220 708/40/220 707/39/195
f 701/33/220 702/34/221 709/41/221 708/40/220
f 702/34/221 703/35/222 710/42/222 709/41/221
f 704/37/217 705/36/218 712/43/218 711/44/217
f 705/36/218 706/38/219 713/45/219 712/43/218
f 706/38/219 707/39/195 714/46/195 713/45/219
f 707/39/195 708/40/220 715/47/220 714/46/195
f 708/40/220 709/41/221 716/48/221 715/47/220
f 709/41/221 710/42/222 717/49/222 716/48/221
f 583/50/163 619/51/198 669/1/217 620/52/163
f 619/51/198 618/53/197 670/2/218 669/1/217
f 618/53/197 617/54/196 671/5/219 670/2/218
f 617/54/196 616/55/195 672/7/195 671/5/219
f 616/55/195 615/56/194 673/9/220 672/7/195
f 615/56/194 614/57/193 674/11/221 673/9/220
f 614/57/193 613/58/192 675/13/222 674/11/221
f 613/58/192 584/59/164 655/60/164 675/13/222
f 675/13/222 655/60/164 656/61/164 682/14/222
f 682/14/222 656/61/164 657/62/164 689/21/222
f 689/21/222 657/62/164 658/63/164 696/28/222
f 696/28/222 658/63/164 659/64/164 703/35/222
f 703/35/222 659/64/164 660/65/164 710/42/222
f 710/42/222 660/65/164 661/66/164 717/49/222
f 717/49/222 661/66/164 582/67/164 627/68/199
f 716/48/221 717/49/222 627/68/199 628/69/200
f 715/47/220 716/48/221 628/69/200 629/70/201
f 714/46/195 715/47/220 629/70/201 630/71/195
f 713/45/219 714/46/195 630/71/195 631/72/202
f 712/43/218 713/45/219 631/72/202 632/73/203
f 711/44/217 712/43/218 632/73/203 633/74/204
f 626/75/163 711/44/217 633/74/204 581/76/163
f 625/77/163 704/37/217 711/44/217 626/75/163
f 624/78/163 697/30/217 704/37/217 625/77/163
f 623/79/163 690/23/217 697/30/217 624/78/163
f 622/80/163 683/16/217 690/23/217 623/79/163
f 621/81/163 676/4/217 683/16/217 622/80/163
f 620/52/163 669/1/217 676/4/217 621/81/163
f 718/82/223 719/83/224 726/84/224 725/85/223
f 719/83/224 720/86/225 727/87/225 726/84/224
f 720/86/225 721/88/168 728/89/168 727/87/225
f 721/88/168 722/90/226 729/91/226 728/89/168
f 722/90/226 723/92/227 730/93/227 729/91/226
f 723/92/227 724/94/228 731/95/228 730/93/227
f 725/85/223 726/84/224 733/96/224 732/97/223
f 726/84/224 727/87/225 734/98/225 733/96/224
f 727/87/225 728/89/168 735/99/168 734/98/225
f 728/89/168 729/91/226 736/100/226 735/99/168
f 729/91/226 730/93/227 737/101/227 736/100/226
f 730/93/227 731/95/228 738/102/228 737/101/227
f 732/97/223 733/96/224 740/103/224 739/104/223
f 733/96/224 734/98/225 741/105/225 740/103/224
f 734/98/225 735/99/168 742/106/168 741/105/225
f 735/99/168 736/100/226 743/107/226 742/106/168
f 736/100/226 737/101/227 744/108/227 743/107/226
f 737/101/227 738/102/228 745/109/228 744/108/227
f 739/104/223 740/103/224 747/110/224 746/111/223
f 740/103/224 741/105/225 748/112/225 747/110/224
f 741/105/225 742/106/168 749/113/168 748/112/225
f 742/106/168 743/107/226 750/114/226 749/113/168
f 743/107/226 744/108/227 751/115/227 750/114/226
f 744/108/227 745/109/228 752/116/228 751/115/227
f 746/111/223 747/110/224 754/117/224 753/118/223
f 747/110/224 748/112/225 755/119/225 754/117/224
f 748/112/225 749/113/168 756/120/168 755/119/225
f 749/113/168 750/114/226 757/121/226 756/120/168
f 750/114/226 751/115/227 758/122/227 757/121/226
f 751/115/227 752/116/228 759/123/228 758/122/227
f 753/118/223 754/117/224 761/124/224 760/125/223
f 754/117/224 755/119/225 762/126/225 761/124/224
f 755/119/225 756/120/168 763/127/168 762/126/225
f 756/120/168 757/121/226 764/128/226 763/127/168
f 757/121/226 758/122/227 765/129/227 764/128/226
f 758/122/227 759/123/228 766/130/228 765/129/227
f 577/131/161 585/132/165 718/82/223 668/133/161
f 585/132/165 586/134/166 719/83/224 718/82/223
f 586/134/166 587/135/167 720/86/225 719/83/224
f 587/135/167 588/136/168 721/88/168 720/86/225
f 588/136/168 589/137/169 722/90/226 721/88/168
f 589/137/169 590/138/170 723/92/227 722/90/226
f 590/138/170 591/139/171 724/94/228 723/92/227
f 591/139/171 578/140/162 648/141/162 724/94/228
f 724/94/228 648/141/162 649/142/162 731/95/228
f 731/95/228 649/142/162 650/143/162 738/102/228
f 738/102/228 650/143/162 651/144/162 745/109/228
f 745/109/228 651/144/162 652/145/162 752/116/228
f 752/116/228 652/145/162 653/146/162 759/123/228
f 759/123/228 653/146/162 654/147/162 766/130/228
f 766/130/228 654/147/162 580/148/162 592/149/172
f 765/129/227 766/130/228 592/149/172 593/150/173
f 764/128/226 765/129/227 593/150/173 594/151/174
f 763/127/168 764/128/226 594/151/174 595/152/168
f 762/126/225 763/127/168 595/152/168 596/153/175
f 761/124/224 762/126/225 596/153/175 597/154/176
f 760/125/223 761/124/224 597/154/176 598/155/177
f 662/156/161 760/125/223 598/155/177 579/157/161
f 663/158/161 753/118/223 760/125/223 662/156/161
f 664/159/161 746/111/223 753/118/223 663/158/161
f 665/160/161 739/104/223 746/111/223 664/159/161
f 666/161/161 732/97/223 739/104/223 665/160/161
f 667/162/161 725/85/223 732/97/223 666/161/161
f 668/133/161 718/82/223 725/85/223 667/162/161
f 767/163/229 768/164/229 775/165/230 774/166/230
f 768/164/229 769/167/229 776/168/230 775/165/230
f 769/167/229 770/169/229 777/170/230 776/168/230
f 770/169/229 771/171/229 778/172/230 777/170/230
f 771/171/229 772/173/229 779/174/230 778/172/230
f 772/173/229 773/175/229 780/176/230 779/174/230
f 774/166/230 775/165/230 782/177/231 781/178/231
f 775/165/230 776/168/230 783/179/231 782/177/231
f 776/168/230 777/170/230 784/180/231 783/179/231
f 777/170/230 778/172/230 785/181/231 784/180/231
f 778/172/230 779/174/230 786/182/231 785/181/231
f 779/174/230 780/176/230 787/183/231 786/182/231
f 781/178/231 782/177/231 789/184/181 788/185/181
f 782/177/231 783/179/231 790/186/181 789/184/181
f 783/179/231 784/180/231 791/187/181 790/186/181
f 784/180/231 785/181/231 792/188/181 791/187/181
f 785/181/231 786/182/231 793/189/181 792/188/181
f 786/182/231 787/183/231 794/190/181 793/189/181
f 788/185/181 789/184/181 796/191/232 795/192/232
f 789/184/181 790/186/181 797/193/232 796/191/232
f 790/186/181 791/187/181 798/194/232 797/193/232
f 791/187/181 792/188/181 799/195/232 798/194/232
f 792/188/181 793/189/181 800/196/232 799/195/232
f 793/189/181 794/190/181 801/197/232 800/196/232
f 795/192/232 796/191/232 803/198/233 802/199/233
f 796/191/232 797/193/232 804/200/233 803/198/233
f 797/193/232 798/194/232 805/201/233 804/200/233
f 798/194/232 799/195/232 806/202/233 805/201/233
f 799/195/232 800/196/232 807/203/233 806/202/233
f 800/196/232 801/197/232 808/204/233 807/203/233
f 802/199/233 803/198/233 810/205/234 809/206/234
f 803/198/233 804/200/233 811/207/234 810/205/234
f 804/200/233 805/201/233 812/208/234 811/207/234
f 805/201/233 806/202/233 813/209/234 812/208/234
f 806/202/233 807/203/233 814/210/234 813/209/234
f 807/203/233 808/204/233 815/211/234 814/210/234
f 583/50/163 620/212/163 767/163/229 599/213/178
f 620/212/163 621/214/163 768/164/229 767/163/229
f 621/214/163 622/215/163 769/167/229 768/164/229
f 622/215/163 623/79/163 770/169/229 769/167/229
f 623/79/163 624/216/163 771/171/229 770/169/229
f 624/216/163 625/217/163 772/173/229 771/171/229
f 625/217/163 626/75/163 773/175/229 772/173/229
f 626/75/163 581/76/163 640/218/210 773/175/229
f 773/175/229 640/218/210 639/219/209 780/176/230
f 780/176/230 639/219/209 638/220/208 787/183/231
f 787/183/231 638/220/208 637/221/181 794/190/181
f 794/190/181 637/221/181 636/222/207 801/197/232
f 801/197/232 636/222/207 635/223/206 808/204/233
f 808/204/233 635/223/206 634/224/205 815/211/234
f 815/211/234 634/224/205 577/131/161 668/225/161
f 814/210/234 815/211/234 668/225/161 667/226/161
f 813/209/234 814/210/234 667/226/161 666/227/161
f 812/208/234 813/209/234 666/227/161 665/160/161
f 811/207/234 812/208/234 665/160/161 664/228/161
f 810/205/234 811/207/234 664/228/161 663/229/161
f 809/206/234 810/205/234 663/229/161 662/230/161
f 605/231/184 809/206/234 662/230/161 579/157/161
f 604/232/183 802/199/233 809/206/234 605/231/184
f 603/233/182 795/192/232 802/199/233 604/232/183
f 602/234/181 788/185/181 795/192/232 603/233/182
f 601/235/180 781/178/231 788/185/181 602/234/181
f 600/236/179 774/166/230 781/178/231 601/235/180
f 599/213/178 767/163/229 774/166/230 600/236/179
f 816/237/235 817/238/235 824/239/236 823/240/236
f 817/238/235 818/241/235 825/242/236 824/239/236
f 818/241/235 819/243/235 826/244/236 825/242/236
f 819/243/235 820/245/235 827/246/236 826/244/236
f 820/245/235 821/247/235 828/248/236 827/246/236
f 821/247/235 822/249/235 829/250/236 828/248/236
f 823/240/236 824/239/236 831/251/237 830/252/237
f 824/239/236 825/242/236 832/253/237 831/251/237
f 825/242/236 826/244/236 833/254/237 832/253/237
f 826/244/236 827/246/236 834/255/237 833/254/237
f 827/246/236 828/248/236 835/256/237 834/255/237
f 828/248/236 829/250/236 836/257/237 835/256/237
f 830/252/237 831/251/237 838/258/188 837/259/188
f 831/251/237 832/253/237 839/260/188 838/258/188
f 832/253/237 833/254/237 840/261/188 839/260/188
f 833/254/237 834/255/237 841/262/188 840/261/188
f 834/255/237 835/256/237 842/263/188 841/262/188
f 835/256/237 836/257/237 843/264/188 842/263/188
f 837/259/188 838/258/188 845/265/238 844/266/238
f 838/258/188 839/260/188 846/267/238 845/265/238
f 839/260/188 840/261/188 847/268/238 846/267/238
f 840/261/188 841/262/188 848/269/238 847/268/238
f 841/262/188 842/263/188 849/270/238 848/269/238
f 842/263/188 843/264/188 850/271/238 849/270/238
f 844/266/238 845/265/238 852/272/239 851/273/239
f 845/265/238 846/267/238 853/274/239 852/272/239
f 846/267/238 847/268/238 854/275/239 853/274/239
f 847/268/238 848/269/238 855/276/239 854/275/239
f 848/269/238 849/270/238 856/277/239 855/276/239
f 849/270/238 850/271/238 857/278/239 856/277/239
f 851/273/239 852/272/239 859/279/240 858/280/240
f 852/272/239 853/274/239 860/281/240 859/279/240
f 853/274/239 854/275/239 861/282/240 860/281/240
f 854/275/239 855/276/239 862/283/240 861/282/240
f 855/276/239 856/277/239 863/284/240 862/283/240
f 856/277/239 857/278/239 864/285/240 863/284/240
f 580/286/162 654/287/162 816/237/235 606/288/185
f 654/287/162 653/289/162 817/238/235 816/237/235
f 653/289/162 652/290/162 818/241/235 817/238/235
f 652/290/162 651/291/162 819/243/235 818/241/235
f 651/291/162 650/292/162 820/245/235 819/243/235
f 650/292/162 649/293/162 821/247/235 820/245/235
f 649/293/162 648/294/162 822/249/235 821/247/235
f 648/294/162 578/295/162 647/296/216 822/249/235
f 822/249/235 647/296/216 646/297/215 829/250/236
f 829/250/236 646/297/215 645/298/214 836/257/237
f 836/257/237 645/298/214 644/299/188 843/264/188
f 843/264/188 644/299/188 643/300/213 850/271/238
f 850/271/238 643/300/213 642/301/212 857/278/239
f 857/278/239 642/301/212 641/302/211 864/285/240
f 864/285/240 641/302/211 582/67/164 661/66/164
f 863/284/240 864/285/240 661/66/164 660/65/164
f 862/283/240 863/284/240 660/65/164 659/303/164
f 861/282/240 862/283/240 659/303/164 658/304/164
f 860/281/240 861/282/240 658/304/164 657/305/164
f 859/279/240 860/281/240 657/305/164 656/306/164
f 858/280/240 859/279/240 656/306/164 655/307/164
f 612/308/191 858/280/240 655/307/164 584/59/164
f 611/309/190 851/273/239 858/280/240 612/308/191
f 610/310/189 844/266/238 851/273/239 611/309/190
f 609/311/188 837/259/188 844/266/238 610/310/189
f 608/312/187 830/252/237 837/259/188 609/311/188
f 607/313/186 823/240/236 830/252/237 608/312/187
f 606/288/185 816/237/235 823/240/236 607/313/186
f 957/1/297 958/2/298 965/3/298 964/4/297
f 958/2/298 959/5/299 966/6/299 965/3/298
f 959/5/299 960/7/275 967/8/275 966/6/299
f 960/7/275 961/9/300 968/10/300 967/8/275
f 961/9/300 962/11/301 969/12/301 968/10/300
f 962/11/301 963/13/302 970/14/302 969/12/301
f 964/4/297 965/3/298 972/15/298 971/16/297
f 965/3/298 966/6/299 973/17/299 972/15/298
f 966/6/299 967/8/275 974/18/275 973/17/299
f 967/8/275 968/10/300 975/19/300 974/18/275
f 968/10/300 969/12/301 976/20/301 975/19/300
f 969/12/301 970/14/302 977/21/302 976/20/301
f 971/16/297 972/15/298 979/22/298 978/23/297
f 972/15/298 973/17/299 980/24/299 979/22/298
f 973/17/299 974/18/275 981/25/275 980/24/299
f 974/18/275 975/19/300 982/26/300 981/25/275
f 975/19/300 976/20/301 983/27/301 982/26/300
f 976/20/301 977/21/302 984/28/302 983/27/301
f 978/23/297 979/22/298 986/29/298 985/30/297
f 979/22/298 980/24/299 987/31/299 986/29/298
f 980/24/299 981/25/275 988/32/275 987/31/299
f 981/25/275 982/26/300 989/33/300 988/32/275
f 982/26/300 983/27/301 990/34/301 989/33/300
f 983/27/301 984/28/302 991/35/302 990/34/301
f 985/30/297 986/29/298 993/36/298 992/37/297
f 986/29/298 987/31/299 994/38/299 993/36/298
f 987/31/299 988/32/275 995/39/275 994/38/299
f 988/32/275 989/33/300 996/40/300 995/39/275
f 989/33/300 990/34/301 997/41/301 996/40/300
f 990/34/301 991/35/302 998/42/302 997/41/301
f 992/37/297 993/36/298 1000/43/298 999/44/297
f 993/36/298 994/38/299 1001/45/299 1000/43/298
f 994/38/299 995/39/275 1002/46/275 1001/45/299
f 995/39/275 996/40/300 1003/47/300 1002/46/275
f 996/40/300 997/41/301 1004/48/301 1003/47/300
f 997/41/301 998/42/302 1005/49/302 1004/48/301
f 871/50/243 907/51/278 957/1/297 908/52/243
f 907/51/278 906/53/277 958/2/298 957/1/297
f 906/53/277 905/54/276 959/5/299 958/2/298
f 905/54/276 904/55/275 960/7/275 959/5/299
f 904/55/275 903/56/274 961/9/300 960/7/275
f 903/56/274 902/57/273 962/11/301 961/9/300
f 902/57/273 901/58/272 963/13/302 962/11/301
f 901/58/272 872/59/244 943/60/244 963/13/302
f 963/13/302 943/60/244 944/61/244 970/14/302
f 970/14/302 944/61/244 945/62/244 977/21/302
f 977/21/302 945/62/244 946/63/244 984/28/302
f 984/28/302 946/63/244 947/64/244 991/35/302
f 991/35/302 947/64/244 948/65/244 998/42/302
f 998/42/302 948/65/244 949/66/244 1005/49/302
f 1005/49/302 949/66/244 870/67/244 915/68/279
f 1004/48/301 1005/49/302 915/68/279 916/69/280
f 1003/47/300 1004/48/301 916/69/280 917/70/281
f 1002/46/275 1003/47/300 917/70/281 918/71/275
f 1001/45/299 1002/46/275 918/71/275 919/72/282
f 1000/43/298 1001/45/299 919/72/282 920/73/283
f 999/44/297 1000/43/298 920/73/283 921/74/284
f 914/75/243 999/44/297 921/74/284 869/76/243
f 913/77/243 992/37/297 999/44/297 914/75/243
f 912/78/243 985/30/297 992/37/297 913/77/243
f 911/79/243 978/23/297 985/30/297 912/78/243
f 910/80/243 971/16/297 978/23/297 911/79/243
f 909/81/243 964/4/297 971/16/297 910/80/243
f 908/52/243 957/1/297 964/4/297 909/81/243
f 1006/82/303 1007/83/304 1014/84/304 1013/85/303
f 1007/83/304 1008/86/305 1015/87/305 1014/84/304
f 1008/86/305 1009/88/248 1016/89/248 1015/87/305
f 1009/88/248 1010/90/306 1017/91/306 1016/89/248
f 1010/90/306 1011/92/307 1018/93/307 1017/91/306
f 1011/92/307 1012/94/308 1019/95/308 1018/93/307
f 1013/85/303 1014/84/304 1021/96/304 1020/97/303
f 1014/84/304 1015/87/305 1022/98/305 1021/96/304
f 1015/87/305 1016/89/248 1023/99/248 1022/98/305
f 1016/89/248 1017/91/306 1024/100/306 1023/99/248
f 1017/91/306 1018/93/307 1025/101/307 1024/100/306
f 1018/93/307 1019/95/308 1026/102/308 1025/101/307
f 1020/97/303 1021/96/304 1028/103/304 1027/104/303
f 1021/96/304 1022/98/305 1029/105/305 1028/103/304
f 1022/98/305 1023/99/248 1030/106/248 1029/105/305
f 1023/99/248 1024/100/306 1031/107/306 1030/106/248
f 1024/100/306 1025/101/307 1032/108/307 1031/107/306
f 1025/101/307 1026/102/308 1033/109/308 1032/108/307
f 1027/104/303 1028/103/304 1035/110/304 1034/111/303
f 1028/103/304 1029/105/305 1036/112/305 1035/110/304
f 1029/105/305 1030/106/248 1037/113/248 1036/112/305
f 1030/106/248 1031/107/306 1038/114/306 1037/113/248
f 1031/107/306 1032/108/307 1039/115/307 1038/114/306
f 1032/108/307 1033/109/308 1040/116/308 1039/115/307
f 1034/111/303 1035/110/304 1042/117/304 1041/118/303
f 1035/110/304 1036/112/305 1043/119/305 1042/117/304
f 1036/112/305 1037/113/248 1044/120/248 1043/119/305
f 1037/113/248 1038/114/306 1045/121/306 1044/120/248
f 1038/114/306 1039/115/307 1046/122/307 1045/121/306
f 1039/115/307 1040/116/308 1047/123/308 1046/122/307
f 1041/118/303 1042/117/304 1049/124/304 1048/125/303
f 1042/117/304 1043/119/305 1050/126/305 1049/124/304
f 1043/119/305 1044/120/248 1051/127/248 1050/126/305
f 1044/120/248 1045/121/306 1052/128/306 1051/127/248
f 1045/121/306 1046/122/307 1053/129/307 1052/128/306
f 1046/122/307 1047/123/308 1054/130/308 1053/129/307
f 865/131/241 873/132/245 1006/82/303 956/133/241
f 873/132/245 874/134/246 1007/83/304 1006/82/303
f 874/134/246 875/135/247 1008/86/305 1007/83/304
f 875/135/247 876/136/248 1009/88/248 1008/86/305
f 876/136/248 877/137/249 1010/90/306 1009/88/248
f 877/137/249 878/138/250 1011/92/307 1010/90/306
f 878/138/250 879/139/251 1012/94/308 1011/92/307
f 879/139/251 866/140/242 936/141/242 1012/94/308
f 1012/94/308 936/141/242 937/142/242 1019/95/308
f 1019/95/308 937/142/242 938/143/242 1026/102/308
f 1026/102/308 938/143/242 939/144/242 1033/109/308
f 1033/109/308 939/144/242 940/145/242 1040/116/308
f 1040/116/308 940/145/242 941/146/242 1047/123/308
f 1047/123/308 941/146/242 942/147/242 1054/130/308
f 1054/130/308 942/147/242 868/148/242 880/149/252
f 1053/129/307 1054/130/308 880/149/252 881/150/253
f 1052/128/306 1053/129/307 881/150/253 882/151/254
f 1051/127/248 1052/128/306 882/151/254 883/152/248
f 1050/126/305 1051/127/248 883/152/248 884/153/255
f 1049/124/304 1050/126/305 884/153/255 885/154/256
f 1048/125/303 1049/124/304 885/154/256 886/155/257
f 950/156/241 1048/125/303 886/155/257 867/157/241
f 951/158/241 1041/118/303 1048/125/303 950/156/241
f 952/159/241 1034/111/303 1041/118/303 951/158/241
f 953/160/241 1027/104/303 1034/111/303 952/159/241
f 954/161/241 1020/97/303 1027/104/303 953/160/241
f 955/162/241 1013/85/303 1020/97/303 954/161/241
f 956/133/241 1006/82/303 1013/85/303 955/162/241
f 1055/163/309 1056/164/309 1063/165/310 1062/166/310
f 1056/164/309 1057/167/309 1064/168/310 1063/165/310
f 1057/167/309 1058/169/309 1065/170/310 1064/168/310
f 1058/169/309 1059/171/309 1066/172/310 1065/170/310
f 1059/171/309 1060/173/309 1067/174/310 1066/172/310
f 1060/173/309 1061/175/309 1068/176/310 1067/174/310
f 1062/166/310 1063/165/310 1070/177/311 1069/178/311
f 1063/165/310 1064/168/310 1071/179/311 1070/177/311
f 1064/168/310 1065/170/310 1072/180/311 1071/179/311
f 1065/170/310 1066/172/310 1073/181/311 1072/180/311
f 1066/172/310 1067/174/310 1074/182/311 1073/181/311
f 1067/174/310 1068/176/310 1075/183/311 1074/182/311
f 1069/178/311 1070/177/311 1077/184/261 1076/185/261
f 1070/177/311 1071/179/311 1078/186/261 1077/184/261
f 1071/179/311 1072/180/311 1079/187/261 1078/186/261
f 1072/180/311 1073/181/311 1080/188/261 1079/187/261
f 1073/181/311 1074/182/311 1081/189/261 1080/188/261
f 1074/182/311 1075/183/311 1082/190/261 1081/189/261
f 1076/185/261 1077/184/261 1084/191/312 1083/192/312
f 1077/184/261 1078/186/261 1085/193/312 1084/191/312
f 1078/186/261 1079/187/261 1086/194/312 1085/193/312
f 1079/187/261 1080/188/261 1087/195/312 1086/194/312
f 1080/188/261 1081/189/261 1088/196/312 1087/195/312
f 1081/189/261 1082/190/261 1089/197/312 1088/196/312
f 1083/192/312 1084/191/312 1091/198/313 1090/199/313
f 1084/191/312 1085/193/312 1092/200/313 1091/198/313
f 1085/193/312 1086/194/312 1093/201/313 1092/200/313
f 1086/194/312 1087/195/312 1094/202/313 1093/201/313
f 1087/195/312 1088/196/312 1095/203/313 1094/202/313
f 1088/196/312 1089/197/312 1096/204/313 1095/203/313
f 1090/199/313 1091/198/313 1098/205/314 1097/206/314
f 1091/198/313 1092/200/313 1099/207/314 1098/205/314
f 1092/200/313 1093/201/313 1100/208/314 1099/207/314
f 1093/201/313 1094/202/313 1101/209/314 1100/208/314
f 1094/202/313 1095/203/313 1102/210/314 1101/209/314
f 1095/203/313 1096/204/313 1103/211/314 1102/210/314
f 871/50/243 908/212/243 1055/163/309 887/213/258
f 908/212/243 909/214/243 1056/164/309 1055/163/309
f 909/214/243 910/215/243 1057/167/309 1056/164/309
f 910/215/243 911/79/243 1058/169/309 1057/167/309
f 911/79/243 912/216/243 1059/171/309 1058/169/309
f 912/216/243 913/217/243 1060/173/309 1059/171/309
f 913/217/243 914/75/243 1061/175/309 1060/173/309
f 914/75/243 869/76/243 928/218/290 1061/175/309
f 1061/175/309 928/218/290 927/219/289 1068/176/310
f 1068/176/310 927/219/289 926/220/288 1075/183/311
f 1075/183/311 926/220/288 925/221/261 1082/190/261
f 1082/190/261 925/221/261 924/222/287 1089/197/312
f 1089/197/312 924/222/287 923/223/286 1096/204/313
f 1096/204/313 923/223/286 922/224/285 1103/211/314
f 1103/211/314 922/224/285 865/131/241 956/225/241
f 1102/210/314 1103/211/314 956/225/241 955/226/241
f 1101/209/314 1102/210/314 955/226/241 954/227/241
f 1100/208/314 1101/209/314 954/227/241 953/160/241
f 1099/207/314 1100/208/314 953/160/241 952/228/241
f 1098/205/314 1099/207/314 952/228/241 951/229/241
f 1097/206/314 1098/205/314 951/229/241 950/230/241
f 893/231/264 1097/206/314 950/230/241 867/157/241
f 892/232/263 1090/199/313 1097/206/314 893/231/264
f 891/233/262 1083/192/312 1090/199/313 892/232/263
f 890/234/261 1076/185/261 1083/192/312 891/233/262
f 889/235/260 1069/178/311 1076/185/261 890/234/261
f 888/236/259 1062/166/310 1069/178/311 889/235/260
f 887/213/258 1055/163/309 1062/166/310 888/236/259
f 1104/237/315 1105/238/315 1112/239/316 1111/240/316
f 1105/238/315 1106/241/315 1113/242/316 1112/239/316
f 1106/241/315 1107/243/315 1114/244/316 1113/242/316
f 1107/243/315 1108/245/315 1115/246/316 1114/244/316
f 1108/245/315 1109/247/315 1116/248/316 1115/246/316
f 1109/247/315 1110/249/315 1117/250/316 1116/248/316
f 1111/240/316 1112/239/316 1119/251/317 1118/252/317
f 1112/239/316 1113/242/316 1120/253/317 1119/251/317
f 1113/242/316 1114/244/316 1121/254/317 1120/253/317
f 1114/244/316 1115/246/316 1122/255/317 1121/254/317
f 1115/246/316 1116/248/316 1123/256/317 1122/255/317
f 1116/248/316 1117/250/316 1124/257/317 1123/256/317
f 1118/252/317 1119/251/317 1126/258/268 1125/259/268
f 1119/251/317 1120/253/317 1127/260/268 1126/258/268
f 1120/253/317 1121/254/317 1128/261/268 1127/260/268
f 1121/254/317 1122/255/317 1129/262/268 1128/261/268
f 1122/255/317 1123/256/317 1130/263/268 1129/262/268
f 1123/256/317 1124/257/317 1131/264/268 1130/263/268
f 1125/259/268 1126/258/268 1133/265/318 1132/266/318
f 1126/258/268 1127/260/268 1134/267/318 1133/265/318
f 1127/260/268 1128/261/268 1135/268/318 1134/267/318
f 1128/261/268 1129/262/268 1136/269/318 1135/268/318
f 1129/262/268 1130/263/268 1137/270/318 1136/269/318
f 1130/263/268 1131/264/268 1138/271/318 1137/270/318
f 1132/266/318 1133/265/318 1140/272/319 1139/273/319
f 1133/265/318 1134/267/318 1141/274/319 1140/272/319
f 1134/267/318 1135/268/318 1142/275/319 1141/274/319
f 1135/268/318 1136/269/318 1143/276/319 1142/275/319
f 1136/269/318 1137/270/318 1144/277/319 1143/276/319
f 1137/270/318 1138/271/318 1145/278/319 1144/277/319
f 1139/273/319 1140/272/319 1147/279/320 1146/280/320
f 1140/272/319 1141/274/319 1148/281/320 1147/279/320
f 1141/274/319 1142/275/319 1149/282/320 1148/281/320
f 1142/275/319 1143/276/319 1150/283/320 1149/282/320
f 1143/276/319 1144/277/319 1151/284/320 1150/283/320
f 1144/277/319 1145/278/319 1152/285/320 1151/284/320
f 868/286/242 942/287/242 1104/237/315 894/288/265
f 942/287/242 941/289/242 1105/238/315 1104/237/315
f 941/289/242 940/290/242 1106/241/315 1105/238/315
f 940/290/242 939/291/242 1107/243/315 1106/241/315
f 939/291/242 938/292/242 1108/245/315 1107/243/315
f 938/292/242 937/293/242 1109/247/315 1108/245/315
f 937/293/242 936/294/242 1110/249/315 1109/247/315
f 936/294/242 866/295/242 935/296/296 1110/249/315
f 1110/249/315 935/296/296 934/297/295 1117/250/316
f 1117/250/316 934/297/295 933/298/294 1124/257/317
f 1124/257/317 933/298/294 932/299/268 1131/264/268
f 1131/264/268 932/299/268 931/300/293 1138/271/318
f 1138/271/318 931/300/293 930/301/292 1145/278/319
f 1145/278/319 930/301/292 929/302/291 1152/285/320
f 1152/285/320 929/302/291 870/67/244 949/66/244
f 1151/284/320 1152/285/320 949/66/244 948/65/244
f 1150/283/320 1151/284/320 948/65/244 947/303/244
f 1149/282/320 1150/283/320 947/303/244 946/304/244
f 1148/281/320 1149/282/320 946/304/244 945/305/244
f 1147/279/320 1148/281/320 945/305/244 944/306/244
f 1146/280/320 1147/279/320 944/306/244 943/307/244
f 900/308/271 1146/280/320 943/307/244 872/59/244
f 899/309/270 1139/273/319 1146/280/320 900/308/271
f 898/310/269 1132/266/318 1139/273/319 899/309/270
f 897/311/268 1125/259/268 1132/266/318 898/310/269
f 896/312/267 1118/252/317 1125/259/268 897/311/268
f 895/313/266 1111/240/316 1118/252/317 896/312/267
f 894/288/265 1104/237/315 1111/240/316 895/313/266
f 1245/1/380 1246/2/381 1253/3/381 1252/4/380
f 1246/2/381 1247/5/382 1254/6/382 1253/3/381
f 1247/5/382 1248/7/356 1255/8/356 1254/6/382
f 1248/7/356 1249/9/383 1256/10/383 1255/8/356
f 1249/9/383 1250/11/384 1257/12/384 1256/10/383
f 1250/11/384 1251/13/385 1258/14/385 1257/12/384
f 1252/4/380 1253/3/381 1260/15/381 1259/16/380
f 1253/3/381 1254/6/382 1261/17/382 1260/15/381
f 1254/6/382 1255/8/356 1262/18/356 1261/17/382
f 1255/8/356 1256/10/383 1263/19/383 1262/18/356
f 1256/10/383 1257/12/384 1264/20/384 1263/19/383
f 1257/12/384 1258/14/385 1265/21/385 1264/20/384
f 1259/16/380 1260/15/381 1267/22/381 1266/23/380
f 1260/15/381 1261/17/382 1268/24/382 1267/22/381
f 1261/17/382 1262/18/356 1269/25/356 1268/24/382
f 1262/18/356 1263/19/383 1270/26/383 1269/25/356
f 1263/19/383 1264/20/384 1271/27/384 1270/26/383
f 1264/20/384 1265/21/385 1272/28/385 1271/27/384
f 1266/23/380 1267/22/381 1274/29/381 1273/30/380
f 1267/22/381 1268/24/382 1275/31/382 1274/29/381
f 1268/24/382 1269/25/356 1276/32/356 1275/31/382
f 1269/25/356 1270/26/383 1277/33/383 1276/32/356
f 1270/26/383 1271/27/384 1278/34/384 1277/33/383
f 1271/27/384 1272/28/385 1279/35/385 1278/34/384
f 1273/30/380 1274/29/381 1281/36/381 1280/37/380
f 1274/29/381 1275/31/382 1282/38/382 1281/36/381
f 1275/31/382 1276/32/356 1283/39/356 1282/38/382
f 1276/32/356 1277/33/383 1284/40/383 1283/39/356
f 1277/33/383 1278/34/384 1285/41/384 1284/40/383
f 1278/34/384 1279/35/385 1286/42/385 1285/41/384
f 1280/37/380 1281/36/381 1288/43/381 1287/44/380
f 1281/36/381 1282/38/382 1289/45/382 1288/43/381
f 1282/38/382 1283/39/356 1290/46/356 1289/45/382
f 1283/39/356 1284/40/383 1291/47/383 1290/46/356
f 1284/40/383 1285/41/384 1292/48/384 1291/47/383
f 1285/41/384 1286/42/385 1293/49/385 1292/48/384
f 1159/50/323 1195/51/359 1245/1/380 1196/52/360
f 1195/51/359 1194/53/358 1246/2/381 1245/1/380
f 1194/53/358 1193/54/357 1247/5/382 1246/2/381
f 1193/54/357 1192/55/356 1248/7/356 1247/5/382
f 1192/55/356 1191/56/355 1249/9/383 1248/7/356
f 1191/56/355 1190/57/354 1250/11/384 1249/9/383
f 1190/57/354 1189/58/353 1251/13/385 1250/11/384
f 1189/58/353 1160/59/325 1231/60/324 1251/13/385
f 1251/13/385 1231/60/324 1232/61/324 1258/14/385
f 1258/14/385 1232/61/324 1233/62/324 1265/21/385
f 1265/21/385 1233/62/324 1234/63/324 1272/28/385
f 1272/28/385 1234/63/324 1235/64/324 1279/35/385
f 1279/35/385 1235/64/324 1236/65/324 1286/42/385
f 1286/42/385 1236/65/324 1237/66/324 1293/49/385
f 1293/49/385 1237/66/324 1158/67/324 1203/68/361
f 1292/48/384 1293/49/385 1203/68/361 1204/69/362
f 1291/47/383 1292/48/384 1204/69/362 1205/70/363
f 1290/46/356 1291/47/383 1205/70/363 1206/71/356
f 1289/45/382 1290/46/356 1206/71/356 1207/72/364
f 1288/43/381 1289/45/382 1207/72/364 1208/73/365
f 1287/44/380 1288/43/381 1208/73/365 1209/74/366
f 1202/75/323 1287/44/380 1209/74/366 1157/76/323
f 1201/77/323 1280/37/380 1287/44/380 1202/75/323
f 1200/78/323 1273/30/380 1280/37/380 1201/77/323
f 1199/79/360 1266/23/380 1273/30/380 1200/78/323
f 1198/80/323 1259/16/380 1266/23/380 1199/79/360
f 1197/81/360 1252/4/380 1259/16/380 1198/80/323
f 1196/52/360 1245/1/380 1252/4/380 1197/81/360
f 1294/82/386 1295/83/387 1302/84/387 1301/85/386
f 1295/83/387 1296/86/388 1303/87/388 1302/84/387
f 1296/86/388 1297/88/329 1304/89/329 1303/87/388
f 1297/88/329 1298/90/389 1305/91/389 1304/89/329
f 1298/90/389 1299/92/390 1306/93/390 1305/91/389
f 1299/92/390 1300/94/391 1307/95/391 1306/93/390
f 1301/85/386 1302/84/387 1309/96/387 1308/97/386
f 1302/84/387 1303/87/388 1310/98/388 1309/96/387
f 1303/87/388 1304/89/329 1311/99/329 1310/98/388
f 1304/89/329 1305/91/389 1312/100/389 1311/99/329
f 1305/91/389 1306/93/390 1313/101/390 1312/100/389
f 1306/93/390 1307/95/391 1314/102/391 1313/101/390
f 1308/97/386 1309/96/387 1316/103/387 1315/104/386
f 1309/96/387 1310/98/388 1317/105/388 1316/103/387
f 1310/98/388 1311/99/329 1318/106/329 1317/105/388
f 1311/99/329 1312/100/389 1319/107/389 1318/106/329
f 1312/100/389 1313/101/390 1320/108/390 1319/107/389
f 1313/101/390 1314/102/391 1321/109/391 1320/108/390
f 1315/104/386 1316/103/387 1323/110/387 1322/111/386
f 1316/103/387 1317/105/388 1324/112/388 1323/110/387
f 1317/105/388 1318/106/329 1325/113/329 1324/112/388
f 1318/106/329 1319/107/389 1326/114/389 1325/113/329
f 1319/107/389 1320/108/390 1327/115/390 1326/114/389
f 1320/108/390 1321/109/391 1328/116/391 1327/115/390
f 1322/111/386 1323/110/387 1330/117/387 1329/118/386
f 1323/110/387 1324/112/388 1331/119/388 1330/117/387
f 1324/112/388 1325/113/329 1332/120/329 1331/119/388
f 1325/113/329 1326/114/389 1333/121/389 1332/120/329
f 1326/114/389 1327/115/390 1334/122/390 1333/121/389
f 1327/115/390 1328/116/391 1335/123/391 1334/122/390
f 1329/118/386 1330/117/387 1337/124/387 1336/125/386
f 1330/117/387 1331/119/388 1338/126/388 1337/124/387
f 1331/119/388 1332/120/329 1339/127/329 1338/126/388
f 1332/120/329 1333/121/389 1340/128/389 1339/127/329
f 1333/121/389 1334/122/390 1341/129/390 1340/128/389
f 1334/122/390 1335/123/391 1342/130/391 1341/129/390
f 1153/131/321 1161/132/326 1294/82/386 1244/133/321
f 1161/132/326 1162/134/327 1295/83/387 1294/82/386
f 1162/134/327 1163/135/328 1296/86/388 1295/83/387
f 1163/135/328 1164/136/329 1297/88/329 1296/86/388
f 1164/136/329 1165/137/330 1298/90/389 1297/88/329
f 1165/137/330 1166/138/331 1299/92/390 1298/90/389
f 1166/138/331 1167/139/332 1300/94/391 1299/92/390
f 1167/139/332 1154/140/322 1224/141/322 1300/94/391
f 1300/94/391 1224/141/322 1225/142/322 1307/95/391
f 1307/95/391 1225/142/322 1226/143/322 1314/102/391
f 1314/102/391 1226/143/322 1227/144/322 1321/109/391
f 1321/109/391 1227/144/322 1228/145/322 1328/116/391
f 1328/116/391 1228/145/322 1229/146/322 1335/123/391
f 1335/123/391 1229/146/322 1230/147/322 1342/130/391
f 1342/130/391 1230/147/322 1156/148/322 1168/149/333
f 1341/129/390 1342/130/391 1168/149/333 1169/150/334
f 1340/128/389 1341/129/390 1169/150/334 1170/151/335
f 1339/127/329 1340/128/389 1170/151/335 1171/152/329
f 1338/126/388 1339/127/329 1171/152/329 1172/153/336
f 1337/124/387 1338/126/388 1172/153/336 1173/154/337
f 1336/125/386 1337/124/387 1173/154/337 1174/155/338
f 1238/156/379 1336/125/386 1174/155/338 1155/157/321
f 1239/158/379 1329/118/386 1336/125/386 1238/156/379
f 1240/159/321 1322/111/386 1329/118/386 1239/158/379
f 1241/160/379 1315/104/386 1322/111/386 1240/159/321
f 1242/161/379 1308/97/386 1315/104/386 1241/160/379
f 1243/162/379 1301/85/386 1308/97/386 1242/161/379
f 1244/133/321 1294/82/386 1301/85/386 1243/162/379
f 1343/163/392 1344/164/392 1351/165/393 1350/166/393
f 1344/164/392 1345/167/392 1352/168/393 1351/165/393
f 1345/167/392 1346/169/392 1353/170/393 1352/168/393
f 1346/169/392 1347/171/392 1354/172/393 1353/170/393
f 1347/171/392 1348/173/392 1355/174/393 1354/172/393
f 1348/173/392 1349/175/392 1356/176/393 1355/174/393
f 1350/166/393 1351/165/393 1358/177/394 1357/178/394
f 1351/165/393 1352/168/393 1359/179/394 1358/177/394
f 1352/168/393 1353/170/393 1360/180/394 1359/179/394
f 1353/170/393 1354/172/393 1361/181/394 1360/180/394
f 1354/172/393 1355/174/393 1362/182/394 1361/181/394
f 1355/174/393 1356/176/393 1363/183/394 1362/182/394
f 1357/178/394 1358/177/394 1365/184/342 1364/185/342
f 1358/177/394 1359/179/394 1366/186/342 1365/184/342
f 1359/179/394 1360/180/394 1367/187/342 1366/186/342
f 1360/180/394 1361/181/394 1368/188/342 1367/187/342
f 1361/181/394 1362/182/394 1369/189/342 1368/188/342
f 1362/182/394 1363/183/394 1370/190/342 1369/189/342
f 1364/185/342 1365/184/342 1372/191/395 1371/192/395
f 1365/184/342 1366/186/342 1373/193/395 1372/191/395
f 1366/186/342 1367/187/342 1374/194/395 1373/193/395
f 1367/187/342 1368/188/342 1375/195/395 1374/194/395
f 1368/188/342 1369/189/342 1376/196/395 1375/195/395
f 1369/189/342 1370/190/342 1377/197/395 1376/196/395
f 1371/192/395 1372/191/395 1379/198/396 1378/199/396
f 1372/191/395 1373/193/395 1380/200/396 1379/198/396
f 1373/193/395 1374/194/395 1381/201/396 1380/200/396
f 1374/194/395 1375/195/395 1382/202/396 1381/201/396
f 1375/195/395 1376/196/395 1383/203/396 1382/202/396
f 1376/196/395 1377/197/395 1384/204/396 1383/203/396
f 1378/199/396 1379/198/396 1386/205/397 1385/206/397
f 1379/198/396 1380/200/396 1387/207/397 1386/205/397
f 1380/200/396 1381/201/396 1388/208/397 1387/207/397
f 1381/201/396 1382/202/396 1389/209/397 1388/208/397
f 1382/202/396 1383/203/396 1390/210/397 1389/209/397
f 1383/203/396 1384/204/396 1391/211/397 1390/210/397
f 1159/50/323 1196/212/360 1343/163/392 1175/213/339
f 1196/212/360 1197/214/360 1344/164/392 1343/163/392
f 1197/214/360 1198/215/323 1345/167/392 1344/164/392
f 1198/215/323 1199/79/360 1346/169/392 1345/167/392
f 1199/79/360 1200/216/323 1347/171/392 1346/169/392
f 1200/216/323 1201/217/323 1348/173/392 1347/171/392
f 1201/217/323 1202/75/323 1349/175/392 1348/173/392
f 1202/75/323 1157/76/323 1216/218/372 1349/175/392
f 1349/175/392 1216/218/372 1215/219/371 1356/176/393
f 1356/176/393 1215/219/371 1214/220/370 1363/183/394
f 1363/183/394 1214/220/370 1213/221/342 1370/190/342
f 1370/190/342 1213/221/342 1212/222/369 1377/197/395
f 1377/197/395 1212/222/369 1211/223/368 1384/204/396
f 1384/204/396 1211/223/368 1210/224/367 1391/211/397
f 1391/211/397 1210/224/367 1153/131/321 1244/225/321
f 1390/210/397 1391/211/397 1244/225/321 1243/226/379
f 1389/209/397 1390/210/397 1243/226/379 1242/227/379
f 1388/208/397 1389/209/397 1242/227/379 1241/160/379
f 1387/207/397 1388/208/397 1241/160/379 1240/228/321
f 1386/205/397 1387/207/397 1240/228/321 1239/229/379
f 1385/206/397 1386/205/397 1239/229/379 1238/230/379
f 1181/231/345 1385/206/397 1238/230/379 1155/157/321
f 1180/232/344 1378/199/396 1385/206/397 1181/231/345
f 1179/233/343 1371/192/395 1378/199/396 1180/232/344
f 1178/234/342 1364/185/342 1371/192/395 1179/233/343
f 1177/235/341 1357/178/394 1364/185/342 1178/234/342
f 1176/236/340 1350/166/393 1357/178/394 1177/235/341
f 1175/213/339 1343/163/392 1350/166/393 1176/236/340
f 1392/237/398 1393/238/398 1400/239/399 1399/240/399
f 1393/238/398 1394/241/398 1401/242/399 1400/239/399
f 1394/241/398 1395/243/398 1402/244/399 1401/242/399
f 1395/243/398 1396/245/398 1403/246/399 1402/244/399
f 1396/245/398 1397/247/398 1404/248/399 1403/246/399
f 1397/247/398 1398/249/398 1405/250/399 1404/248/399
f 1399/240/399 1400/239/399 1407/251/400 1406/252/400
f 1400/239/399 1401/242/399 1408/253/400 1407/251/400
f 1401/242/399 1402/244/399 1409/254/400 1408/253/400
f 1402/244/399 1403/246/399 1410/255/400 1409/254/400
f 1403/246/399 1404/248/399 1411/256/400 1410/255/400
f 1404/248/399 1405/250/399 1412/257/400 1411/256/400
f 1406/252/400 1407/251/400 1414/258/349 1413/259/349
f 1407/251/400 1408/253/400 1415/260/349 1414/258/349
f 1408/253/400 1409/254/400 1416/261/349 1415/260/349
f 1409/254/400 1410/255/400 1417/262/349 1416/261/349
f 1410/255/400 1411/256/400 1418/263/349 1417/262/349
f 1411/256/400 1412/257/400 1419/264/349 1418/263/349
f 1413/259/349 1414/258/349 1421/265/401 1420/266/401
f 1414/258/349 1415/260/349 1422/267/401 1421/265/401
f 1415/260/349 1416/261/349 1423/268/401 1422/267/401
f 1416/261/349 1417/262/349 1424/269/401 1423/268/401
f 1417/262/349 1418/263/349 1425/270/401 1424/269/401
f 1418/263/349 1419/264/349 1426/271/401 1425/270/401
f 1420/266/401 1421/265/401 1428/272/402 1427/273/402
f 1421/265/401 1422/267/401 1429/274/402 1428/272/402
f 1422/267/401 1423/268/401 1430/275/402 1429/274/402
f 1423/268/401 1424/269/401 1431/276/402 1430/275/402
f 1424/269/401 1425/270/401 1432/277/402 1431/276/402
f 1425/270/401 1426/271/401 1433/278/402 1432/277/402
f 1427/273/402 1428/272/402 1435/279/403 1434/280/403
f 1428/272/402 1429/274/402 1436/281/403 1435/279/403
f 1429/274/402 1430/275/402 1437/282/403 1436/281/403
f 1430/275/402 1431/276/402 1438/283/403 1437/282/403
f 1431/276/402 1432/277/402 1439/284/403 1438/283/403
f 1432/277/402 1433/278/402 1440/285/403 1439/284/403
f 1156/286/322 1230/287/322 1392/237/398 1182/288/346
f 1230/287/322 1229/289/322 1393/238/398 1392/237/398
f 1229/289/322 1228/290/322 1394/241/398 1393/238/398
f 1228/290/322 1227/291/322 1395/243/398 1394/241/398
f 1227/291/322 1226/292/322 1396/245/398 1395/243/398
f 1226/292/322 1225/293/322 1397/247/398 1396/245/398
f 1225/293/322 1224/294/322 1398/249/398 1397/247/398
f 1224/294/322 1154/295/322 1223/296/378 1398/249/398
f 1398/249/398 1223/296/378 1222/297/377 1405/250/399
f 1405/250/399 1222/297/377 1221/298/376 1412/257/400
f 1412/257/400 1221/298/376 1220/299/349 1419/264/349
f 1419/264/349 1220/299/349 1219/300/375 1426/271/401
f 1426/271/401 1219/300/375 1218/301/374 1433/278/402
f 1433/278/402 1218/301/374 1217/302/373 1440/285/403
f 1440/285/403 1217/302/373 1158/67/324 1237/66/324
f 1439/284/403 1440/285/403 1237/66/324 1236/65/324
f 1438/283/403 1439/284/403 1236/65/324 1235/303/324
f 1437/282/403 1438/283/403 1235/303/324 1234/304/324
f 1436/281/403 1437/282/403 1234/304/324 1233/305/324
f 1435/279/403 1436/281/403 1233/305/324 1232/306/324
f 1434/280/403 1435/279/403 1232/306/324 1231/307/324
f 1188/308/352 1434/280/403 1231/307/324 1160/59/325
f 1187/309/351 1427/273/402 1434/280/403 1188/308/352
f 1186/310/350 1420/266/401 1427/273/402 1187/309/351
f 1185/311/349 1413/259/349 1420/266/401 1186/310/350
f 1184/312/348 1406/252/400 1413/259/349 1185/311/349
f 1183/313/347 1399/240/399 1406/252/400 1184/312/348
f 1182/288/346 1392/237/398 1399/240/399 1183/313/347
f 1533/1/460 1534/2/461 1541/3/461 1540/4/460
f 1534/2/461 1535/5/462 1542/6/462 1541/3/461
f 1535/5/462 1536/7/438 1543/8/438 1542/6/462
f 1536/7/438 1537/9/463 1544/10/463 1543/8/438
f 1537/9/463 1538/11/464 1545/12/464 1544/10/463
f 1538/11/464 1539/13/465 1546/14/465 1545/12/464
f 1540/4/460 1541/3/461 1548/15/461 1547/16/460
f 1541/3/461 1542/6/462 1549/17/462 1548/15/461
f 1542/6/462 1543/8/438 1550/18/438 1549/17/462
f 1543/8/438 1544/10/463 1551/19/463 1550/18/438
f 1544/10/463 1545/12/464 1552/20/464 1551/19/463
f 1545/12/464 1546/14/465 1553/21/465 1552/20/464
f 1547/16/460 1548/15/461 1555/22/461 1554/23/460
f 1548/15/461 1549/17/462 1556/24/462 1555/22/461
f 1549/17/462 1550/18/438 1557/25/438 1556/24/462
f 1550/18/438 1551/19/463 1558/26/463 1557/25/438
f 1551/19/463 1552/20/464 1559/27/464 1558/26/463
f 1552/20/464 1553/21/465 1560/28/465 1559/27/464
f 1554/23/460 1555/22/461 1562/29/461 1561/30/460
f 1555/22/461 1556/24/462 1563/31/462 1562/29/461
f 1556/24/462 1557/25/438 1564/32/438 1563/31/462
f 1557/25/438 1558/26/463 1565/33/463 1564/32/438
f 1558/26/463 1559/27/464 1566/34/464 1565/33/463
f 1559/27/464 1560/28/465 1567/35/465 1566/34/464
f 1561/30/460 1562/29/461 1569/36/461 1568/37/460
f 1562/29/461 1563/31/462 1570/38/462 1569/36/461
f 1563/31/462 1564/32/438 1571/39/438 1570/38/462
f 1564/32/438 1565/33/463 1572/40/463 1571/39/438
f 1565/33/463 1566/34/464 1573/41/464 1572/40/463
f 1566/34/464 1567/35/465 1574/42/465 1573/41/464
f 1568/37/460 1569/36/461 1576/43/461 1575/44/460
f 1569/36/461 1570/38/462 1577/45/462 1576/43/461
f 1570/38/462 1571/39/438 1578/46/438 1577/45/462
f 1571/39/438 1572/40/463 1579/47/463 1578/46/438
f 1572/40/463 1573/41/464 1580/48/464 1579/47/463
f 1573/41/464 1574/42/465 1581/49/465 1580/48/464
f 1447/50/406 1483/51/441 1533/1/460 1484/52/406
f 1483/51/441 1482/53/440 1534/2/461 1533/1/460
f 1482/53/440 1481/54/439 1535/5/462 1534/2/461
f 1481/54/439 1480/55/438 1536/7/438 1535/5/462
f 1480/55/438 1479/56/437 1537/9/463 1536/7/438
f 1479/56/437 1478/57/436 1538/11/464 1537/9/463
f 1478/57/436 1477/58/435 1539/13/465 1538/11/464
f 1477/58/435 1448/59/407 1519/60/407 1539/13/465
f 1539/13/465 1519/60/407 1520/61/407 1546/14/465
f 1546/14/465 1520/61/407 1521/62/407 1553/21/465
f 1553/21/465 1521/62/407 1522/63/407 1560/28/465
f 1560/28/465 1522/63/407 1523/64/407 1567/35/465
f 1567/35/465 1523/64/407 1524/65/407 1574/42/465
f 1574/42/465 1524/65/407 1525/66/407 1581/49/465
f 1581/49/465 1525/66/407 1446/67/407 1491/68/442
f 1580/48/464 1581/49/465 1491/68/442 1492/69/443
f 1579/47/463 1580/48/464 1492/69/443 1493/70/444
f 1578/46/438 1579/47/463 1493/70/444 1494/71/438
f 1577/45/462 1578/46/438 1494/71/438 1495/72/445
f 1576/43/461 1577/45/462 1495/72/445 1496/73/446
f 1575/44/460 1576/43/461 1496/73/446 1497/74/447
f 1490/75/406 1575/44/460 1497/74/447 1445/76/406
f 1489/77/406 1568/37/460 1575/44/460 1490/75/406
f 1488/78/406 1561/30/460 1568/37/460 1489/77/406
f 1487/79/406 1554/23/460 1561/30/460 1488/78/406
f 1486/80/406 1547/16/460 1554/23/460 1487/79/406
f 1485/81/406 1540/4/460 1547/16/460 1486/80/406
f 1484/52/406 1533/1/460 1540/4/460 1485/81/406
f 1582/82/466 1583/83/467 1590/84/467 1589/85/466
f 1583/83/467 1584/86/468 1591/87/468 1590/84/467
f 1584/86/468 1585/88/411 1592/89/411 1591/87/468
f 1585/88/411 1586/90/469 1593/91/469 1592/89/411
f 1586/90/469 1587/92/470 1594/93/470 1593/91/469
f 1587/92/470 1588/94/471 1595/95/471 1594/93/470
f 1589/85/466 1590/84/467 1597/96/467 1596/97/466
f 1590/84/467 1591/87/468 1598/98/468 1597/96/467
f 1591/87/468 1592/89/411 1599/99/411 1598/98/468
f 1592/89/411 1593/91/469 1600/100/469 1599/99/411
f 1593/91/469 1594/93/470 1601/101/470 1600/100/469
f 1594/93/470 1595/95/471 1602/102/471 1601/101/470
f 1596/97/466 1597/96/467 1604/103/467 1603/104/466
f 1597/96/467 1598/98/468 1605/105/468 1604/103/467
f 1598/98/468 1599/99/411 1606/106/411 1605/105/468
f 1599/99/411 1600/100/469 1607/107/469 1606/106/411
f 1600/100/469 1601/101/470 1608/108/470 1607/107/469
f 1601/101/470 1602/102/471 1609/109/471 1608/108/470
f 1603/104/466 1604/103/467 1611/110/467 1610/111/466
f 1604/103/467 1605/105/468 1612/112/468 1611/110/467
f 1605/105/468 1606/106/411 1613/113/411 1612/112/468
f 1606/106/411 1607/107/469 1614/114/469 1613/113/411
f 1607/107/469 1608/108/470 1615/115/470 1614/114/469
f 1608/108/470 1609/109/471 1616/116/471 1615/115/470
f 1610/111/466 1611/110/467 1618/117/467 1617/118/466
f 1611/110/467 1612/112/468 1619/119/468 1618/117/467
f 1612/112/468 1613/113/411 1620/120/411 1619/119/468
f 1613/113/411 1614/114/469 1621/121/469 1620/120/411
f 1614/114/469 1615/115/470 1622/122/470 1621/121/469
f 1615/115/470 1616/116/471 1623/123/471 1622/122/470
f 1617/118/466 1618/117/467 1625/124/467 1624/125/466
f 1618/117/467 1619/119/468 1626/126/468 1625/124/467
f 1619/119/468 1620/120/411 1627/127/411 1626/126/468
f 1620/120/411 1621/121/469 1628/128/469 1627/127/411
f 1621/121/469 1622/122/470 1629/129/470 1628/128/469
f 1622/122/470 1623/123/471 1630/130/471 1629/129/470
f 1441/131/404 1449/132/408 1582/82/466 1532/133/404
f 1449/132/408 1450/134/409 1583/83/467 1582/82/466
f 1450/134/409 1451/135/410 1584/86/468 1583/83/467
f 1451/135/410 1452/136/411 1585/88/411 1584/86/468
f 1452/136/411 1453/137/412 1586/90/469 1585/88/411
f 1453/137/412 1454/138/413 1587/92/470 1586/90/469
f 1454/138/413 1455/139/414 1588/94/471 1587/92/470
f 1455/139/414 1442/140/405 1512/141/405 1588/94/471
f 1588/94/471 1512/141/405 1513/142/405 1595/95/471
f 1595/95/471 1513/142/405 1514/143/405 1602/102/471
f 1602/102/471 1514/143/405 1515/144/405 1609/109/471
f 1609/109/471 1515/144/405 1516/145/405 1616/116/471
f 1616/116/471 1516/145/405 1517/146/405 1623/123/471
f 1623/123/471 1517/146/405 1518/147/405 1630/130/471
f 1630/130/471 1518/147/405 1444/148/405 1456/149/415
f 1629/129/470 1630/130/471 1456/149/415 1457/150/416
f 1628/128/469 1629/129/470 1457/150/416 1458/151/417
f 1627/127/411 1628/128/469 1458/151/417 1459/152/411
f 1626/126/468 1627/127/411 1459/152/411 1460/153/418
f 1625/124/467 1626/126/468 1460/153/418 1461/154/419
f 1624/125/466 1625/124/467 1461/154/419 1462/155/420
f 1526/156/404 1624/125/466 1462/155/420 1443/157/404
f 1527/158/404 1617/118/466 1624/125/466 1526/156/404
f 1528/159/404 1610/111/466 1617/118/466 1527/158/404
f 1529/160/404 1603/104/466 1610/111/466 1528/159/404
f 1530/161/404 1596/97/466 1603/104/466 1529/160/404
f 1531/162/404 1589/85/466 1596/97/466 1530/161/404
f 1532/133/404 1582/82/466 1589/85/466 1531/162/404
f 1631/163/472 1632/164/472 1639/165/473 1638/166/473
f 1632/164/472 1633/167/472 1640/168/473 1639/165/473
f 1633/167/472 1634/169/472 1641/170/473 1640/168/473
f 1634/169/472 1635/171/472 1642/172/473 1641/170/473
f 1635/171/472 1636/173/472 1643/174/473 1642/172/473
f 1636/173/472 1637/175/472 1644/176/473 1643/174/473
f 1638/166/473 1639/165/473 1646/177/474 1645/178/474
f 1639/165/473 1640/168/473 1647/179/474 1646/177/474
f 1640/168/473 1641/170/473 1648/180/474 1647/179/474
f 1641/170/473 1642/172/473 1649/181/474 1648/180/474
f 1642/172/473 1643/174/473 1650/182/474 1649/181/474
f 1643/174/473 1644/176/473 1651/183/474 1650/182/474
f 1645/178/474 1646/177/474 1653/184/424 1652/185/424
f 1646/177/474 1647/179/474 1654/186/424 1653/184/424
f 1647/179/474 1648/180/474 1655/187/424 1654/186/424
f 1648/180/474 1649/181/474 1656/188/424 1655/187/424
f 1649/181/474 1650/182/474 1657/189/424 1656/188/424
f 1650/182/474 1651/183/474 1658/190/424 1657/189/424
f 1652/185/424 1653/184/424 1660/191/475 1659/192/475
f 1653/184/424 1654/186/424 1661/193/475 1660/191/475
f 1654/186/424 1655/187/424 1662/194/475 1661/193/475
f 1655/187/424 1656/188/424 1663/195/475 1662/194/475
f 1656/188/424 1657/189/424 1664/196/475 1663/195/475
f 1657/189/424 1658/190/424 1665/197/475 1664/196/475
f 1659/192/475 1660/191/475 1667/198/476 1666/199/476
f 1660/191/475 1661/193/475 1668/200/476 1667/198/476
f 1661/193/475 1662/194/475 1669/201/476 1668/200/476
f 1662/194/475 1663/195/475 1670/202/476 1669/201/476
f 1663/195/475 1664/196/475 1671/203/476 1670/202/476
f 1664/196/475 1665/197/475 1672/204/476 1671/203/476
f 1666/199/476 1667/198/476 1674/205/477 1673/206/477
f 1667/198/476 1668/200/476 1675/207/477 1674/205/477
f 1668/200/476 1669/201/476 1676/208/477 1675/207/477
f 1669/201/476 1670/202/476 1677/209/477 1676/208/477
f 1670/202/476 1671/203/476 1678/210/477 1677/209/477
f 1671/203/476 1672/204/476 1679/211/477 1678/210/477
f 1447/50/406 1484/212/406 1631/163/472 1463/213/421
f 1484/212/406 1485/214/406 1632/164/472 1631/163/472
f 1485/214/406 1486/215/406 1633/167/472 1632/164/472
f 1486/215/406 1487/79/406 1634/169/472 1633/167/472
f 1487/79/406 1488/216/406 1635/171/472 1634/169/472
f 1488/216/406 1489/217/406 1636/173/472 1635/171/472
f 1489/217/406 1490/75/406 1637/175/472 1636/173/472
f 1490/75/406 1445/76/406 1504/218/453 1637/175/472
f 1637/175/472 1504/218/453 1503/219/452 1644/176/473
f 1644/176/473 1503/219/452 1502/220/451 1651/183/474
f 1651/183/474 1502/220/451 1501/221/424 1658/190/424
f 1658/190/424 1501/221/424 1500/222/450 1665/197/475
f 1665/197/475 1500/222/450 1499/223/449 1672/204/476
f 1672/204/476 1499/223/449 1498/224/448 1679/211/477
f 1679/211/477 1498/224/448 1441/131/404 1532/225/404
f 1678/210/477 1679/211/477 1532/225/404 1531/226/404
f 1677/209/477 1678/210/477 1531/226/404 1530/227/404
f 1676/208/477 1677/209/477 1530/227/404 1529/160/404
f 1675/207/477 1676/208/477 1529/160/404 1528/228/404
f 1674/205/477 1675/207/477 1528/228/404 1527/229/404
f 1673/206/477 1674/205/477 1527/229/404 1526/230/404
f 1469/231/427 1673/206/477 1526/230/404 1443/157/404
f 1468/232/426 1666/199/476 1673/206/477 1469/231/427
f 1467/233/425 1659/192/475 1666/199/476 1468/232/426
f 1466/234/424 1652/185/424 1659/192/475 1467/233/425
f 1465/235/423 1645/178/474 1652/185/424 1466/234/424
f 1464/236/422 1638/166/473 1645/178/474 1465/235/423
f 1463/213/421 1631/163/472 1638/166/473 1464/236/422
f 1680/237/478 1681/238/478 1688/239/479 1687/240/479
f 1681/238/478 1682/241/478 1689/242/479 1688/239/479
f 1682/241/478 1683/243/478 1690/244/479 1689/242/479
f 1683/243/478 1684/245/478 1691/246/479 1690/244/479
f 1684/245/478 1685/247/478 1692/248/479 1691/246/479
f 1685/247/478 1686/249/478 1693/250/479 1692/248/479
f 1687/240/479 1688/239/479 1695/251/480 1694/252/480
f 1688/239/479 1689/242/479 1696/253/480 1695/251/480
f 1689/242/479 1690/244/479 1697/254/480 1696/253/480
f 1690/244/479 1691/246/479 1698/255/480 1697/254/480
f 1691/246/479 1692/248/479 1699/256/480 1698/255/480
f 1692/248/479 1693/250/479 1700/257/480 1699/256/480
f 1694/252/480 1695/251/480 1702/258/431 1701/259/431
f 1695/251/480 1696/253/480 1703/260/431 1702/258/431
f 1696/253/480 1697/254/480 1704/261/431 1703/260/431
f 1697/254/480 1698/255/480 1705/262/431 1704/261/431
f 1698/255/480 1699/256/480 1706/263/431 1705/262/431
f 1699/256/480 1700/257/480 1707/264/431 1706/263/431
f 1701/259/431 1702/258/431 1709/265/481 1708/266/481
f 1702/258/431 1703/260/431 1710/267/481 1709/265/481
f 1703/260/431 1704/261/431 1711/268/481 1710/267/481
f 1704/261/431 1705/262/431 1712/269/481 1711/268/481
f 1705/262/431 1706/263/431 1713/270/481 1712/269/481
f 1706/263/431 1707/264/431 1714/271/481 1713/270/481
f 1708/266/481 1709/265/481 1716/272/482 1715/273/482
f 1709/265/481 1710/267/481 1717/274/482 1716/272/482
f 1710/267/481 1711/268/481 1718/275/482 1717/274/482
f 1711/268/481 1712/269/481 1719/276/482 1718/275/482
f 1712/269/481 1713/270/481 1720/277/482 1719/276/482
f 1713/270/481 1714/271/481 1721/278/482 1720/277/482
f 1715/273/482 1716/272/482 1723/279/483 1722/280/483
f 1716/272/482 1717/274/482 1724/281/483 1723/279/483
f 1717/274/482 1718/275/482 1725/282/483 1724/281/483
f 1718/275/482 1719/276/482 1726/283/483 1725/282/483
f 1719/276/482 1720/277/482 1727/284/483 1726/283/483
f 1720/277/482 1721/278/482 1728/285/483 1727/284/483
f 1444/286/405 1518/287/405 1680/237/478 1470/288/428
f 1518/287/405 1517/289/405 1681/238/478 1680/237/478
f 1517/289/405 1516/290/405 1682/241/478 1681/238/478
f 1516/290/405 1515/291/405 1683/243/478 1682/241/478
f 1515/291/405 1514/292/405 1684/245/478 1683/243/478
f 1514/292/405 1513/293/405 1685/247/478 1684/245/478
f 1513/293/405 1512/294/405 1686/249/478 1685/247/478
f 1512/294/405 1442/295/405 1511/296/459 1686/249/478
f 1686/249/478 1511/296/459 1510/297/458 1693/250/479
f 1693/250/479 1510/297/458 1509/298/457 1700/257/480
f 1700/257/480 1509/298/457 1508/299/431 1707/264/431
f 1707/264/431 1508/299/431 1507/300/456 1714/271/481
f 1714/271/481 1507/300/456 1506/301/455 1721/278/482
f 1721/278/482 1506/301/455 1505/302/454 1728/285/483
f 1728/285/483 1505/302/454 1446/67/407 1525/66/407
f 1727/284/483 1728/285/483 1525/66/407 1524/65/407
f 1726/283/483 1727/284/483 1524/65/407 1523/303/407
f 1725/282/483 1726/283/483 1523/303/407 1522/304/407
f 1724/281/483 1725/282/483 1522/304/407 1521/305/407
f 1723/279/483 1724/281/483 1521/305/407 1520/306/407
f 1722/280/483 1723/279/483 1520/306/407 1519/307/407
f 1476/308/434 1722/280/483 1519/307/407 1448/59/407
f 1475/309/433 1715/273/482 1722/280/483 1476/308/434
f 1474/310/432 1708/266/481 1715/273/482 1475/309/433
f 1473/311/431 1701/259/431 1708/266/481 1474/310/432
f 1472/312/430 1694/252/480 1701/259/431 1473/311/431
f 1471/313/429 1687/240/479 1694/252/480 1472/312/430
f 1470/288/428 1680/237/478 1687/240/479 1471/313/429
f 1821/1/540 1822/2/541 1829/3/541 1828/4/540
f 1822/2/541 1823/5/542 1830/6/542 1829/3/541
f 1823/5/542 1824/7/518 1831/8/518 1830/6/542
f 1824/7/518 1825/9/543 1832/10/543 1831/8/518
f 1825/9/543 1826/11/544 1833/12/544 1832/10/543
f 1826/11/544 1827/13/545 1834/14/545 1833/12/544
f 1828/4/540 1829/3/541 1836/15/541 1835/16/540
f 1829/3/541 1830/6/542 1837/17/542 1836/15/541
f 1830/6/542 1831/8/518 1838/18/518 1837/17/542
f 1831/8/518 1832/10/543 1839/19/543 1838/18/518
f 1832/10/543 1833/12/544 1840/20/544 1839/19/543
f 1833/12/544 1834/14/545 1841/21/545 1840/20/544
f 1835/16/540 1836/15/541 1843/22/541 1842/23/540
f 1836/15/541 1837/17/542 1844/24/542 1843/22/541
f 1837/17/542 1838/18/518 1845/25/518 1844/24/542
f 1838/18/518 1839/19/543 1846/26/543 1845/25/518
f 1839/19/543 1840/20/544 1847/27/544 1846/26/543
f 1840/20/544 1841/21/545 1848/28/545 1847/27/544
f 1842/23/540 1843/22/541 1850/29/541 1849/30/540
f 1843/22/541 1844/24/542 1851/31/542 1850/29/541
f 1844/24/542 1845/25/518 1852/32/518 1851/31/542
f 1845/25/518 1846/26/543 1853/33/543 1852/32/518
f 1846/26/543 1847/27/544 1854/34/544 1853/33/543
f 1847/27/544 1848/28/545 1855/35/545 1854/34/544
f 1849/30/540 1850/29/541 1857/36/541 1856/37/540
f 1850/29/541 1851/31/542 1858/38/542 1857/36/541
f 1851/31/542 1852/32/518 1859/39/518 1858/38/542
f 1852/32/518 1853/33/543 1860/40/543 1859/39/518
f 1853/33/543 1854/34/544 1861/41/544 1860/40/543
f 1854/34/544 1855/35/545 1862/42/545 1861/41/544
f 1856/37/540 1857/36/541 1864/43/541 1863/44/540
f 1857/36/541 1858/38/542 1865/45/542 1864/43/541
f 1858/38/542 1859/39/518 1866/46/518 1865/45/542
f 1859/39/518 1860/40/543 1867/47/543 1866/46/518
f 1860/40/543 1861/41/544 1868/48/544 1867/47/543
f 1861/41/544 1862/42/545 1869/49/545 1868/48/544
f 1735/50/486 1771/51/521 1821/1/540 1772/52/486
f 1771/51/521 1770/53/520 1822/2/541 1821/1/540
f 1770/53/520 1769/54/519 1823/5/542 1822/2/541
f 1769/54/519 1768/55/518 1824/7/518 1823/5/542
f 1768/55/518 1767/56/517 1825/9/543 1824/7/518
f 1767/56/517 1766/57/516 1826/11/544 1825/9/543
f 1766/57/516 1765/58/515 1827/13/545 1826/11/544
f 1765/58/515 1736/59/487 1807/60/487 1827/13/545
f 1827/13/545 1807/60/487 1808/61/487 1834/14/545
f 1834/14/545 1808/61/487 1809/62/487 1841/21/545
f 1841/21/545 1809/62/487 1810/63/487 1848/28/545
f 1848/28/545 1810/63/487 1811/64/487 1855/35/545
f 1855/35/545 1811/64/487 1812/65/487 1862/42/545
f 1862/42/545 1812/65/487 1813/66/487 1869/49/545
f 1869/49/545 1813/66/487 1734/67/487 1779/68/522
f 1868/48/544 1869/49/545 1779/68/522 1780/69/523
f 1867/47/543 1868/48/544 1780/69/523 1781/70/524
f 1866/46/518 1867/47/543 1781/70/524 1782/71/518
f 1865/45/542 1866/46/518 1782/71/518 1783/72/525
f 1864/43/541 1865/45/542 1783/72/525 1784/73/526
f 1863/44/540 1864/43/541 1784/73/526 1785/74/527
f 1778/75/486 1863/44/540 1785/74/527 1733/76/486
f 1777/77/486 1856/37/540 1863/44/540 1778/75/486
f 1776/78/486 1849/30/540 1856/37/540 1777/77/486
f 1775/79/486 1842/23/540 1849/30/540 1776/78/486
f 1774/80/486 1835/16/540 1842/23/540 1775/79/486
f 1773/81/486 1828/4/540 1835/16/540 1774/80/486
f 1772/52/486 1821/1/540 1828/4/540 1773/81/486
f 1870/82/546 1871/83/547 1878/84/547 1877/85/546
f 1871/83/547 1872/86/548 1879/87/548 1878/84/547
f 1872/86/548 1873/88/491 1880/89/491 1879/87/548
f 1873/88/491 1874/90/549 1881/91/549 1880/89/491
f 1874/90/549 1875/92/550 1882/93/550 1881/91/549
f 1875/92/550 1876/94/551 1883/95/551 1882/93/550
f 1877/85/546 1878/84/547 1885/96/547 1884/97/546
f 1878/84/547 1879/87/548 1886/98/548 1885/96/547
f 1879/87/548 1880/89/491 1887/99/491 1886/98/548
f 1880/89/491 1881/91/549 1888/100/549 1887/99/491
f 1881/91/549 1882/93/550 1889/101/550 1888/100/549
f 1882/93/550 1883/95/551 1890/102/551 1889/101/550
f 1884/97/546 1885/96/547 1892/103/547 1891/104/546
f 1885/96/547 1886/98/548 1893/105/548 1892/103/547
f 1886/98/548 1887/99/491 1894/106/491 1893/105/548
f 1887/99/491 1888/100/549 1895/107/549 1894/106/491
f 1888/100/549 1889/101/550 1896/108/550 1895/107/549
f 1889/101/550 1890/102/551 1897/109/551 1896/108/550
f 1891/104/546 1892/103/547 1899/110/547 1898/111/546
f 1892/103/547 1893/105/548 1900/112/548 1899/110/547
f 1893/105/548 1894/106/491 1901/113/491 1900/112/548
f 1894/106/491 1895/107/549 1902/114/549 1901/113/491
f 1895/107/549 1896/108/550 1903/115/550 1902/114/549
f 1896/108/550 1897/109/551 1904/116/551 1903/115/550
f 1898/111/546 1899/110/547 1906/117/547 1905/118/546
f 1899/110/547 1900/112/548 1907/119/548 1906/117/547
f 1900/112/548 1901/113/491 1908/120/491 1907/119/548
f 1901/113/491 1902/114/549 1909/121/549 1908/120/491
f 1902/114/549 1903/115/550 1910/122/550 1909/121/549
f 1903/115/550 1904/116/551 1911/123/551 1910/122/550
f 1905/118/546 1906/117/547 1913/124/547 1912/125/546
f 1906/117/547 1907/119/548 1914/126/548 1913/124/547
f 1907/119/548 1908/120/491 1915/127/491 1914/126/548
f 1908/120/491 1909/121/549 1916/128/549 1915/127/491
f 1909/121/549 1910/122/550 1917/129/550 1916/128/549
f 1910/122/550 1911/123/551 1918/130/551 1917/129/550
f 1729/131/484 1737/132/488 1870/82/546 1820/133/484
f 1737/132/488 1738/134/489 1871/83/547 1870/82/546
f 1738/134/489 1739/135/490 1872/86/548 1871/83/547
f 1739/135/490 1740/136/491 1873/88/491 1872/86/548
f 1740/136/491 1741/137/492 1874/90/549 1873/88/491
f 1741/137/492 1742/138/493 1875/92/550 1874/90/549
f 1742/138/493 1743/139/494 1876/94/551 1875/92/550
f 1743/139/494 1730/140/485 1800/141/485 1876/94/551
f 1876/94/551 1800/141/485 1801/142/485 1883/95/551
f 1883/95/551 1801/142/485 1802/143/485 1890/102/551
f 1890/102/551 1802/143/485 1803/144/485 1897/109/551
f 1897/109/551 1803/144/485 1804/145/485 1904/116/551
f 1904/116/551 1804/145/485 1805/146/485 1911/123/551
f 1911/123/551 1805/146/485 1806/147/485 1918/130/551
f 1918/130/551 1806/147/485 1732/148/485 1744/149/495
f 1917/129/550 1918/130/551 1744/149/495 1745/150/496
f 1916/128/549 1917/129/550 1745/150/496 1746/151/497
f 1915/127/491 1916/128/549 1746/151/497 1747/152/491
f 1914/126/548 1915/127/491 1747/152/491 1748/153/498
f 1913/124/547 1914/126/548 1748/153/498 1749/154/499
f 1912/125/546 1913/124/547 1749/154/499 1750/155/500
f 1814/156/484 1912/125/546 1750/155/500 1731/157/484
f 1815/158/484 1905/118/546 1912/125/546 1814/156/484
f 1816/159/484 1898/111/546 1905/118/546 1815/158/484
f 1817/160/484 1891/104/546 1898/111/546 1816/159/484
f 1818/161/484 1884/97/546 1891/104/546 1817/160/484
f 1819/162/484 1877/85/546 1884/97/546 1818/161/484
f 1820/133/484 1870/82/546 1877/85/546 1819/162/484
f 1919/163/552 1920/164/552 1927/165/553 1926/166/553
f 1920/164/552 1921/167/552 1928/168/553 1927/165/553
f 1921/167/552 1922/169/552 1929/170/553 1928/168/553
f 1922/169/552 1923/171/552 1930/172/553 1929/170/553
f 1923/171/552 1924/173/552 1931/174/553 1930/172/553
f 1924/173/552 1925/175/552 1932/176/553 1931/174/553
f 1926/166/553 1927/165/553 1934/177/554 1933/178/554
f 1927/165/553 1928/168/553 1935/179/554 1934/177/554
f 1928/168/553 1929/170/553 1936/180/554 1935/179/554
f 1929/170/553 1930/172/553 1937/181/554 1936/180/554
f 1930/172/553 1931/174/553 1938/182/554 1937/181/554
f 1931/174/553 1932/176/553 1939/183/554 1938/182/554
f 1933/178/554 1934/177/554 1941/184/504 1940/185/504
f 1934/177/554 1935/179/554 1942/186/504 1941/184/504
f 1935/179/554 1936/180/554 1943/187/504 1942/186/504
f 1936/180/554 1937/181/554 1944/188/504 1943/187/504
f 1937/181/554 1938/182/554 1945/189/504 1944/188/504
f 1938/182/554 1939/183/554 1946/190/504 1945/189/504
f 1940/185/504 1941/184/504 1948/191/555 1947/192/555
f 1941/184/504 1942/186/504 1949/193/555 1948/191/555
f 1942/186/504 1943/187/504 1950/194/555 1949/193/555
f 1943/187/504 1944/188/504 1951/195/555 1950/194/555
f 1944/188/504 1945/189/504 1952/196/555 1951/195/555
f 1945/189/504 1946/190/504 1953/197/555 1952/196/555
f 1947/192/555 1948/191/555 1955/198/556 1954/199/556
f 1948/191/555 1949/193/555 1956/200/556 1955/198/556
f 1949/193/555 1950/194/555 1957/201/556 1956/200/556
f 1950/194/555 1951/195/555 1958/202/556 1957/201/556
f 1951/195/555 1952/196/555 1959/203/556 1958/202/556
f 1952/196/555 1953/197/555 1960/204/556 1959/203/556
f 1954/199/556 1955/198/556 1962/205/557 1961/206/557
f 1955/198/556 1956/200/556 1963/207/557 1962/205/557
f 1956/200/556 1957/201/556 1964/208/557 1963/207/557
f 1957/201/556 1958/202/556 1965/209/557 1964/208/557
f 1958/202/556 1959/203/556 1966/210/557 1965/209/557
f 1959/203/556 1960/204/556 1967/211/557 1966/210/557
f 1735/50/486 1772/212/486 1919/163/552 1751/213/501
f 1772/212/486 1773/214/486 1920/164/552 1919/163/552
f 1773/214/486 1774/215/486 1921/167/552 1920/164/552
f 1774/215/486 1775/79/486 1922/169/552 1921/167/552
f 1775/79/486 1776/216/486 1923/171/552 1922/169/552
f 1776/216/486 1777/217/486 1924/173/552 1923/171/552
f 1777/217/486 1778/75/486 1925/175/552 1924/173/552
f 1778/75/486 1733/76/486 1792/218/533 1925/175/552
f 1925/175/552 1792/218/533 1791/219/532 1932/176/553
f 1932/176/553 1791/219/532 1790/220/531 1939/183/554
f 1939/183/554 1790/220/531 1789/221/504 1946/190/504
f 1946/190/504 1789/221/504 1788/222/530 1953/197/555
f 1953/197/555 1788/222/530 1787/223/529 1960/204/556
f 1960/204/556 1787/223/529 1786/224/528 1967/211/557
f 1967/211/557 1786/224/528 1729/131/484 1820/225/484
f 1966/210/557 1967/211/557 1820/225/484 1819/226/484
f 1965/209/557 1966/210/557 1819/226/484 1818/227/484
f 1964/208/557 1965/209/557 1818/227/484 1817/160/484
f 1963/207/557 1964/208/557 1817/160/484 1816/228/484
f 1962/205/557 1963/207/557 1816/228/484 1815/229/484
f 1961/206/557 1962/205/557 1815/229/484 1814/230/484
f 1757/231/507 1961/206/557 1814/230/484 1731/157/484
f 1756/232/506 1954/199/556 1961/206/557 1757/231/507
f 1755/233/505 1947/192/555 1954/199/556 1756/232/506
f 1754/234/504 1940/185/504 1947/192/555 1755/233/505
f 1753/235/503 1933/178/554 1940/185/504 1754/234/504
f 1752/236/502 1926/166/553 1933/178/554 1753/235/503
f 1751/213/501 1919/163/552 1926/166/553 1752/236/502
f 1968/237/558 1969/238/558 1976/239/559 1975/240/559
f 1969/238/558 1970/241/558 1977/242/559 1976/239/559
f 1970/241/558 1971/243/558 1978/244/559 1977/242/559
f 1971/243/558 1972/245/558 1979/246/559 1978/244/559
f 1972/245/558 1973/247/558 1980/248/559 1979/246/559
f 1973/247/558 1974/249/558 1981/250/559 1980/248/559
f 1975/240/559 1976/239/559 1983/251/560 1982/252/560
f 1976/239/559 1977/242/559 1984/253/560 1983/251/560
f 1977/242/559 1978/244/559 1985/254/560 1984/253/560
f 1978/244/559 1979/246/559 1986/255/560 1985/254/560
f 1979/246/559 1980/248/559 1987/256/560 1986/255/560
f 1980/248/559 1981/250/559 1988/257/560 1987/256/560
f 1982/252/560 1983/251/560 1990/258/511 1989/259/511
f 1983/251/560 1984/253/560 1991/260/511 1990/258/511
f 1984/253/560 1985/254/560 1992/261/511 1991/260/511
f 1985/254/560 1986/255/560 1993/262/511 1992/261/511
f 1986/255/560 1987/256/560 1994/263/511 1993/262/511
f 1987/256/560 1988/257/560 1995/264/511 1994/263/511
f 1989/259/511 1990/258/511 1997/265/561 1996/266/561
f 1990/258/511 1991/260/511 1998/267/561 1997/265/561
f 1991/260/511 1992/261/511 1999/268/561 1998/267/561
f 1992/261/511 1993/262/511 2000/269/561 1999/268/561
f 1993/262/511 1994/263/511 2001/270/561 2000/269/561
f 1994/263/511 1995/264/511 2002/271/561 2001/270/561
f 1996/266/561 1997/265/561 2004/272/562 2003/273/562
f 1997/265/561 1998/267/561 2005/274/562 2004/272/562
f 1998/267/561 1999/268/561 2006/275/562 2005/274/562
f 1999/268/561 2000/269/561 2007/276/562 2006/275/562
f 2000/269/561 2001/270/561 2008/277/562 2007/276/562
f 2001/270/561 2002/271/561 2009/278/562 2008/277/562
f 2003/273/562 2004/272/562 2011/279/563 2010/280/563
f 2004/272/562 2005/274/562 2012/281/563 2011/279/563
f 2005/274/562 2006/275/562 2013/282/563 2012/281/563
f 2006/275/562 2007/276/562 2014/283/563 2013/282/563
f 2007/276/562 2008/277/562 2015/284/563 2014/283/563
f 2008/277/562 2009/278/562 2016/285/563 2015/284/563
f 1732/286/485 1806/287/485 1968/237/558 1758/288/508
f 1806/287/485 1805/289/485 1969/238/558 1968/237/558
f 1805/289/485 1804/290/485 1970/241/558 1969/238/558
f 1804/290/485 1803/291/485 1971/243/558 1970/241/558
f 1803/291/485 1802/292/485 1972/245/558 1971/243/558
f 1802/292/485 1801/293/485 1973/247/558 1972/245/558
f 1801/293/485 1800/294/485 1974/249/558 1973/247/558
f 1800/294/485 1730/295/485 1799/296/539 1974/249/558
f 1974/249/558 1799/296/539 1798/297/538 1981/250/559
f 1981/250/559 1798/297/538 1797/298/537 1988/257/560
f 1988/257/560 1797/298/537 1796/299/511 1995/264/511
f 1995/264/511 1796/299/511 1795/300/536 2002/271/561
f 2002/271/561 1795/300/536 1794/301/535 2009/278/562
f 2009/278/562 1794/301/535 1793/302/534 2016/285/563
f 2016/285/563 1793/302/534 1734/67/487 1813/66/487
f 2015/284/563 2016/285/563 1813/66/487 1812/65/487
f 2014/283/563 2015/284/563 1812/65/487 1811/303/487
f 2013/282/563 2014/283/563 1811/303/487 1810/304/487
f 2012/281/563 2013/282/563 1810/304/487 1809/305/487
f 2011/279/563 2012/281/563 1809/305/487 1808/306/487
f 2010/280/563 2011/279/563 1808/306/487 1807/307/487
f 1764/308/514 2010/280/563 1807/307/487 1736/59/487
f 1763/309/513 2003/273/562 2010/280/563 1764/308/514
f 1762/310/512 1996/266/561 2003/273/562 1763/309/513
f 1761/311/511 1989/259/511 1996/266/561 1762/310/512
f 1760/312/510 1982/252/560 1989/259/511 1761/311/511
f 1759/313/509 1975/240/559 1982/252/560 1760/312/510
f 1758/288/508 1968/237/558 1975/240/559 1759/313/509
f 2109/1/620 2110/2/621 2117/3/621 2116/4/620
f 2110/2/621 2111/5/622 2118/6/622 2117/3/621
f 2111/5/622 2112/7/598 2119/8/598 2118/6/622
f 2112/7/598 2113/9/623 2120/10/623 2119/8/598
f 2113/9/623 2114/11/624 2121/12/624 2120/10/623
f 2114/11/624 2115/13/625 2122/14/625 2121/12/624
f 2116/4/620 2117/3/621 2124/15/621 2123/16/620
f 2117/3/621 2118/6/622 2125/17/622 2124/15/621
f 2118/6/622 2119/8/598 2126/18/598 2125/17/622
f 2119/8/598 2120/10/623 2127/19/623 2126/18/598
f 2120/10/623 2121/12/624 2128/20/624 2127/19/623
f 2121/12/624 2122/14/625 2129/21/625 2128/20/624
f 2123/16/620 2124/15/621 2131/22/621 2130/23/620
f 2124/15/621 2125/17/622 2132/24/622 2131/22/621
f 2125/17/622 2126/18/598 2133/25/598 2132/24/622
f 2126/18/598 2127/19/623 2134/26/623 2133/25/598
f 2127/19/623 2128/20/624 2135/27/624 2134/26/623
f 2128/20/624 2129/21/625 2136/28/625 2135/27/624
f 2130/23/620 2131/22/621 2138/29/621 2137/30/620
f 2131/22/621 2132/24/622 2139/31/622 2138/29/621
f 2132/24/622 2133/25/598 2140/32/598 2139/31/622
f 2133/25/598 2134/26/623 2141/33/623 2140/32/598
f 2134/26/623 2135/27/624 2142/34/624 2141/33/623
f 2135/27/624 2136/28/625 2143/35/625 2142/34/624
f 2137/30/620 2138/29/621 2145/36/621 2144/37/620
f 2138/29/621 2139/31/622 2146/38/622 2145/36/621
f 2139/31/622 2140/32/598 2147/39/598 2146/38/622
f 2140/32/598 2141/33/623 2148/40/623 2147/39/598
f 2141/33/623 2142/34/624 2149/41/624 2148/40/623
f 2142/34/624 2143/35/625 2150/42/625 2149/41/624
f 2144/37/620 2145/36/621 2152/43/621 2151/44/620
f 2145/36/621 2146/38/622 2153/45/622 2152/43/621
f 2146/38/622 2147/39/598 2154/46/598 2153/45/622
f 2147/39/598 2148/40/623 2155/47/623 2154/46/598
f 2148/40/623 2149/41/624 2156/48/624 2155/47/623
f 2149/41/624 2150/42/625 2157/49/625 2156/48/624
f 2023/50/566 2059/51/601 2109/1/620 2060/52/566
f 2059/51/601 2058/53/600 2110/2/621 2109/1/620
f 2058/53/600 2057/54/599 2111/5/622 2110/2/621
f 2057/54/599 2056/55/598 2112/7/598 2111/5/622
f 2056/55/598 2055/56/597 2113/9/623 2112/7/598
f 2055/56/597 2054/57/596 2114/11/624 2113/9/623
f 2054/57/596 2053/58/595 2115/13/625 2114/11/624
f 2053/58/595 2024/59/567 2095/60/567 2115/13/625
f 2115/13/625 2095/60/567 2096/61/567 2122/14/625
f 2122/14/625 2096/61/567 2097/62/567 2129/21/625
f 2129/21/625 2097/62/567 2098/63/567 2136/28/625
f 2136/28/625 2098/63/567 2099/64/567 2143/35/625
f 2143/35/625 2099/64/567 2100/65/567 2150/42/625
f 2150/42/625 2100/65/567 2101/66/567 2157/49/625
f 2157/49/625 2101/66/567 2022/67/567 2067/68/602
f 2156/48/624 2157/49/625 2067/68/602 2068/69/603
f 2155/47/623 2156/48/624 2068/69/603 2069/70/604
f 2154/46/598 2155/47/623 2069/70/604 2070/71/598
f 2153/45/622 2154/46/598 2070/71/598 2071/72/605
f 2152/43/621 2153/45/622 2071/72/605 2072/73/606
f 2151/44/620 2152/43/621 2072/73/606 2073/74/607
f 2066/75/566 2151/44/620 2073/74/607 2021/76/566
f 2065/77/566 2144/37/620 2151/44/620 2066/75/566
f 2064/78/566 2137/30/620 2144/37/620 2065/77/566
f 2063/79/566 2130/23/620 2137/30/620 2064/78/566
f 2062/80/566 2123/16/620 2130/23/620 2063/79/566
f 2061/81/566 2116/4/620 2123/16/620 2062/80/566
f 2060/52/566 2109/1/620 2116/4/620 2061/81/566
f 2158/82/626 2159/83/627 2166/84/627 2165/85/626
f 2159/83/627 2160/86/628 2167/87/628 2166/84/627
f 2160/86/628 2161/88/571 2168/89/571 2167/87/628
f 2161/88/571 2162/90/629 2169/91/629 2168/89/571
f 2162/90/629 2163/92/630 2170/93/630 2169/91/629
f 2163/92/630 2164/94/631 2171/95/631 2170/93/630
f 2165/85/626 2166/84/627 2173/96/627 2172/97/626
f 2166/84/627 2167/87/628 2174/98/628 2173/96/627
f 2167/87/628 2168/89/571 2175/99/571 2174/98/628
f 2168/89/571 2169/91/629 2176/100/629 2175/99/571
f 2169/91/629 2170/93/630 2177/101/630 2176/100/629
f 2170/93/630 2171/95/631 2178/102/631 2177/101/630
f 2172/97/626 2173/96/627 2180/103/627 2179/104/626
f 2173/96/627 2174/98/628 2181/105/628 2180/103/627
f 2174/98/628 2175/99/571 2182/106/571 2181/105/628
f 2175/99/571 2176/100/629 2183/107/629 2182/106/571
f 2176/100/629 2177/101/630 2184/108/630 2183/107/629
f 2177/101/630 2178/102/631 2185/109/631 2184/108/630
f 2179/104/626 2180/103/627 2187/110/627 2186/111/626
f 2180/103/627 2181/105/628 2188/112/628 2187/110/627
f 2181/105/628 2182/106/571 2189/113/571 2188/112/628
f 2182/106/571 2183/107/629 2190/114/629 2189/113/571
f 2183/107/629 2184/108/630 2191/115/630 2190/114/629
f 2184/108/630 2185/109/631 2192/116/631 2191/115/630
f 2186/111/626 2187/110/627 2194/117/627 2193/118/626
f 2187/110/627 2188/112/628 2195/119/628 2194/117/627
f 2188/112/628 2189/113/571 2196/120/571 2195/119/628
f 2189/113/571 2190/114/629 2197/121/629 2196/120/571
f 2190/114/629 2191/115/630 2198/122/630 2197/121/629
f 2191/115/630 2192/116/631 2199/123/631 2198/122/630
f 2193/118/626 2194/117/627 2201/124/627 2200/125/626
f 2194/117/627 2195/119/628 2202/126/628 2201/124/627
f 2195/119/628 2196/120/571 2203/127/571 2202/126/628
f 2196/120/571 2197/121/629 2204/128/629 2203/127/571
f 2197/121/629 2198/122/630 2205/129/630 2204/128/629
f 2198/122/630 2199/123/631 2206/130/631 2205/129/630
f 2017/131/564 2025/132/568 2158/82/626 2108/133/564
f 2025/132/568 2026/134/569 2159/83/627 2158/82/626
f 2026/134/569 2027/135/570 2160/86/628 2159/83/627
f 2027/135/570 2028/136/571 2161/88/571 2160/86/628
f 2028/136/571 2029/137/572 2162/90/629 2161/88/571
f 2029/137/572 2030/138/573 2163/92/630 2162/90/629
f 2030/138/573 2031/139/574 2164/94/631 2163/92/630
f 2031/139/574 2018/140/565 2088/141/565 2164/94/631
f 2164/94/631 2088/141/565 2089/142/565 2171/95/631
f 2171/95/631 2089/142/565 2090/143/565 2178/102/631
f 2178/102/631 2090/143/565 2091/144/565 2185/109/631
f 2185/109/631 2091/144/565 2092/145/565 2192/116/631
f 2192/116/631 2092/145/565 2093/146/565 2199/123/631
f 2199/123/631 2093/146/565 2094/147/565 2206/130/631
f 2206/130/631 2094/147/565 2020/148/565 2032/149/575
f 2205/129/630 2206/130/631 2032/149/575 2033/150/576
f 2204/128/629 2205/129/630 2033/150/576 2034/151/577
f 2203/127/571 2204/128/629 2034/151/577 2035/152/571
f 2202/126/628 2203/127/571 2035/152/571 2036/153/578
f 2201/124/627 2202/126/628 2036/153/578 2037/154/579
f 2200/125/626 2201/124/627 2037/154/579 2038/155/580
f 2102/156/564 2200/125/626 2038/155/580 2019/157/564
f 2103/158/564 2193/118/626 2200/125/626 2102/156/564
f 2104/159/564 2186/111/626 2193/118/626 2103/158/564
f 2105/160/564 2179/104/626 2186/111/626 2104/159/564
f 2106/161/564 2172/97/626 2179/104/626 2105/160/564
f 2107/162/564 2165/85/626 2172/97/626 2106/161/564
f 2108/133/564 2158/82/626 2165/85/626 2107/162/564
f 2207/163/632 2208/164/632 2215/165/633 2214/166/633
f 2208/164/632 2209/167/632 2216/168/633 2215/165/633
f 2209/167/632 2210/169/632 2217/170/633 2216/168/633
f 2210/169/632 2211/171/632 2218/172/633 2217/170/633
f 2211/171/632 2212/173/632 2219/174/633 2218/172/633
f 2212/173/632 2213/175/632 2220/176/633 2219/174/633
f 2214/166/633 2215/165/633 2222/177/634 2221/178/634
f 2215/165/633 2216/168/633 2223/179/634 2222/177/634
f 2216/168/633 2217/170/633 2224/180/634 2223/179/634
f 2217/170/633 2218/172/633 2225/181/634 2224/180/634
f 2218/172/633 2219/174/633 2226/182/634 2225/181/634
f 2219/174/633 2220/176/633 2227/183/634 2226/182/634
f 2221/178/634 2222/177/634 2229/184/584 2228/185/584
f 2222/177/634 2223/179/634 2230/186/584 2229/184/584
f 2223/179/634 2224/180/634 2231/187/584 2230/186/584
f 2224/180/634 2225/181/634 2232/188/584 2231/187/584
f 2225/181/634 2226/182/634 2233/189/584 2232/188/584
f 2226/182/634 2227/183/634 2234/190/584 2233/189/584
f 2228/185/584 2229/184/584 2236/191/635 2235/192/635
f 2229/184/584 2230/186/584 2237/193/635 2236/191/635
f 2230/186/584 2231/187/584 2238/194/635 2237/193/635
f 2231/187/584 2232/188/584 2239/195/635 2238/194/635
f 2232/188/584 2233/189/584 2240/196/635 2239/195/635
f 2233/189/584 2234/190/584 2241/197/635 2240/196/635
f 2235/192/635 2236/191/635 2243/198/636 2242/199/636
f 2236/191/635 2237/193/635 2244/200/636 2243/198/636
f 2237/193/635 2238/194/635 2245/201/636 2244/200/636
f 2238/194/635 2239/195/635 2246/202/636 2245/201/636
f 2239/195/635 2240/196/635 2247/203/636 2246/202/636
f 2240/196/635 2241/197/635 2248/204/636 2247/203/636
f 2242/199/636 2243/198/636 2250/205/637 2249/206/637
f 2243/198/636 2244/200/636 2251/207/637 2250/205/637
f 2244/200/636 2245/201/636 2252/208/637 2251/207/637
f 2245/201/636 2246/202/636 2253/209/637 2252/208/637
f 2246/202/636 2247/203/636 2254/210/637 2253/209/637
f 2247/203/636 2248/204/636 2255/211/637 2254/210/637
f 2023/50/566 2060/212/566 2207/163/632 2039/213/581
f 2060/212/566 2061/214/566 2208/164/632 2207/163/632
f 2061/214/566 2062/215/566 2209/167/632 2208/164/632
f 2062/215/566 2063/79/566 2210/169/632 2209/167/632
f 2063/79/566 2064/216/566 2211/171/632 2210/169/632
f 2064/216/566 2065/217/566 2212/173/632 2211/171/632
f 2065/217/566 2066/75/566 2213/175/632 2212/173/632
f 2066/75/566 2021/76/566 2080/218/613 2213/175/632
f 2213/175/632 2080/218/613 2079/219/612 2220/176/633
f 2220/176/633 2079/219/612 2078/220/611 2227/183/634
f 2227/183/634 2078/220/611 2077/221/584 2234/190/584
f 2234/190/584 2077/221/584 2076/222/610 2241/197/635
f 2241/197/635 2076/222/610 2075/223/609 2248/204/636
f 2248/204/636 2075/223/609 2074/224/608 2255/211/637
f 2255/211/637 2074/224/608 2017/131/564 2108/225/564
f 2254/210/637 2255/211/637 2108/225/564 2107/226/564
f 2253/209/637 2254/210/637 2107/226/564 2106/227/564
f 2252/208/637 2253/209/637 2106/227/564 2105/160/564
f 2251/207/637 2252/208/637 2105/160/564 2104/228/564
f 2250/205/637 2251/207/637 2104/228/564 2103/229/564
f 2249/206/637 2250/205/637 2103/229/564 2102/230/564
f 2045/231/587 2249/206/637 2102/230/564 2019/157/564
f 2044/232/586 2242/199/636 2249/206/637 2045/231/587
f 2043/233/585 2235/192/635 2242/199/636 2044/232/586
f 2042/234/584 2228/185/584 2235/192/635 2043/233/585
f 2041/235/583 2221/178/634 2228/185/584 2042/234/584
f 2040/236/582 2214/166/633 2221/178/634 2041/235/583
f 2039/213/581 2207/163/632 2214/166/633 2040/236/582
f 2256/237/638 2257/238/638 2264/239/639 2263/240/639
f 2257/238/638 2258/241/638 2265/242/639 2264/239/639
f 2258/241/638 2259/243/638 2266/244/639 2265/242/639
f 2259/243/638 2260/245/638 2267/246/639 2266/244/639
f 2260/245/638 2261/247/638 2268/248/639 2267/246/639
f 2261/247/638 2262/249/638 2269/250/639 2268/248/639
f 2263/240/639 2264/239/639 2271/251/640 2270/252/640
f 2264/239/639 2265/242/639 2272/253/640 2271/251/640
f 2265/242/639 2266/244/639 2273/254/640 2272/253/640
f 2266/244/639 2267/246/639 2274/255/640 2273/254/640
f 2267/246/639 2268/248/639 2275/256/640 2274/255/640
f 2268/248/639 2269/250/639 2276/257/640 2275/256/640
f 2270/252/640 2271/251/640 2278/258/591 2277/259/591
f 2271/251/640 2272/253/640 2279/260/591 2278/258/591
f 2272/253/640 2273/254/640 2280/261/591 2279/260/591
f 2273/254/640 2274/255/640 2281/262/591 2280/261/591
f 2274/255/640 2275/256/640 2282/263/591 2281/262/591
f 2275/256/640 2276/257/640 2283/264/591 2282/263/591
f 2277/259/591 2278/258/591 2285/265/641 2284/266/641
f 2278/258/591 2279/260/591 2286/267/641 2285/265/641
f 2279/260/591 2280/261/591 2287/268/641 2286/267/641
f 2280/261/591 2281/262/591 2288/269/641 2287/268/641
f 2281/262/591 2282/263/591 2289/270/641 2288/269/641
f 2282/263/591 2283/264/591 2290/271/641 2289/270/641
f 2284/266/641 2285/265/641 2292/272/642 2291/273/642
f 2285/265/641 2286/267/641 2293/274/642 2292/272/642
f 2286/267/641 2287/268/641 2294/275/642 2293/274/642
f 2287/268/641 2288/269/641 2295/276/642 2294/275/642
f 2288/269/641 2289/270/641 2296/277/642 2295/276/642
f 2289/270/641 2290/271/641 2297/278/642 2296/277/642
f 2291/273/642 2292/272/642 2299/279/643 2298/280/643
f 2292/272/642 2293/274/642 2300/281/643 2299/279/643
f 2293/274/642 2294/275/642 2301/282/643 2300/281/643
f 2294/275/642 2295/276/642 2302/283/643 2301/282/643
f 2295/276/642 2296/277/642 2303/284/643 2302/283/643
f 2296/277/642 2297/278/642 2304/285/643 2303/284/643
f 2020/286/565 2094/287/565 2256/237/638 2046/288/588
f 2094/287/565 2093/289/565 2257/238/638 2256/237/638
f 2093/289/565 2092/290/565 2258/241/638 2257/238/638
f 2092/290/565 2091/291/565 2259/243/638 2258/241/638
f 2091/291/565 2090/292/565 2260/245/638 2259/243/638
f 2090/292/565 2089/293/565 2261/247/638 2260/245/638
f 2089/293/565 2088/294/565 2262/249/638 2261/247/638
f 2088/294/565 2018/295/565 2087/296/619 2262/249/638
f 2262/249/638 2087/296/619 2086/297/618 2269/250/639
f 2269/250/639 2086/297/618 2085/298/617 2276/257/640
f 2276/257/640 2085/298/617 2084/299/591 2283/264/591
f 2283/264/591 2084/299/591 2083/300/616 2290/271/641
f 2290/271/641 2083/300/616 2082/301/615 2297/278/642
f 2297/278/642 2082/301/615 2081/302/614 2304/285/643
f 2304/285/643 2081/302/614 2022/67/567 2101/66/567
f 2303/284/643 2304/285/643 2101/66/567 2100/65/567
f 2302/283/643 2303/284/643 2100/65/567 2099/303/567
f 2301/282/643 2302/283/643 2099/303/567 2098/304/567
f 2300/281/643 2301/282/643 2098/304/567 2097/305/567
f 2299/279/643 2300/281/643 2097/305/567 2096/306/567
f 2298/280/643 2299/279/643 2096/306/567 2095/307/567
f 2052/308/594 2298/280/643 2095/307/567 2024/59/567
f 2051/309/593 2291/273/642 2298/280/643 2052/308/594
f 2050/310/592 2284/266/641 2291/273/642 2051/309/593
f 2049/311/591 2277/259/591 2284/266/641 2050/310/592
f 2048/312/590 2270/252/640 2277/259/591 2049/311/591
f 2047/313/589 2263/240/639 2270/252/640 2048/312/590
f 2046/288/588 2256/237/638 2263/240/639 2047/313/589
f 2397/1/700 2398/2/701 2405/3/701 2404/4/700
f 2398/2/701 2399/5/702 2406/6/702 2405/3/701
f 2399/5/702 2400/7/678 2407/8/678 2406/6/702
f 2400/7/678 2401/9/703 2408/10/703 2407/8/678
f 2401/9/703 2402/11/704 2409/12/704 2408/10/703
f 2402/11/704 2403/13/705 2410/14/705 2409/12/704
f 2404/4/700 2405/3/701 2412/15/701 2411/16/700
f 2405/3/701 2406/6/702 2413/17/702 2412/15/701
f 2406/6/702 2407/8/678 2414/18/678 2413/17/702
f 2407/8/678 2408/10/703 2415/19/703 2414/18/678
f 2408/10/703 2409/12/704 2416/20/704 2415/19/703
f 2409/12/704 2410/14/705 2417/21/705 2416/20/704
f 2411/16/700 2412/15/701 2419/22/701 2418/23/700
f 2412/15/701 2413/17/702 2420/24/702 2419/22/701
f 2413/17/702 2414/18/678 2421/25/678 2420/24/702
f 2414/18/678 2415/19/703 2422/26/703 2421/25/678
f 2415/19/703 2416/20/704 2423/27/704 2422/26/703
f 2416/20/704 2417/21/705 2424/28/705 2423/27/704
f 2418/23/700 2419/22/701 2426/29/701 2425/30/700
f 2419/22/701 2420/24/702 2427/31/702 2426/29/701
f 2420/24/702 2421/25/678 2428/32/678 2427/31/702
f 2421/25/678 2422/26/703 2429/33/703 2428/32/678
f 2422/26/703 2423/27/704 2430/34/704 2429/33/703
f 2423/27/704 2424/28/705 2431/35/705 2430/34/704
f 2425/30/700 2426/29/701 2433/36/701 2432/37/700
f 2426/29/701 2427/31/702 2434/38/702 2433/36/701
f 2427/31/702 2428/32/678 2435/39/678 2434/38/702
f 2428/32/678 2429/33/703 2436/40/703 2435/39/678
f 2429/33/703 2430/34/704 2437/41/704 2436/40/703
f 2430/34/704 2431/35/705 2438/42/705 2437/41/704
f 2432/37/700 2433/36/701 2440/43/701 2439/44/700
f 2433/36/701 2434/38/702 2441/45/702 2440/43/701
f 2434/38/702 2435/39/678 2442/46/678 2441/45/702
f 2435/39/678 2436/40/703 2443/47/703 2442/46/678
f 2436/40/703 2437/41/704 2444/48/704 2443/47/703
f 2437/41/704 2438/42/705 2445/49/705 2444/48/704
f 2311/50/646 2347/51/681 2397/1/700 2348/52/646
f 2347/51/681 2346/53/680 2398/2/701 2397/1/700
f 2346/53/680 2345/54/679 2399/5/702 2398/2/701
f 2345/54/679 2344/55/678 2400/7/678 2399/5/702
f 2344/55/678 2343/56/677 2401/9/703 2400/7/678
f 2343/56/677 2342/57/676 2402/11/704 2401/9/703
f 2342/57/676 2341/58/675 2403/13/705 2402/11/704
f 2341/58/675 2312/59/647 2383/60/647 2403/13/705
f 2403/13/705 2383/60/647 2384/61/647 2410/14/705
f 2410/14/705 2384/61/647 2385/62/647 2417/21/705
f 2417/21/705 2385/62/647 2386/63/647 2424/28/705
f 2424/28/705 2386/63/647 2387/64/647 2431/35/705
f 2431/35/705 2387/64/647 2388/65/647 2438/42/705
f 2438/42/705 2388/65/647 2389/66/647 2445/49/705
f 2445/49/705 2389/66/647 2310/67/647 2355/68/682
f 2444/48/704 2445/49/705 2355/68/682 2356/69/683
f 2443/47/703 2444/48/704 2356/69/683 2357/70/684
f 2442/46/678 2443/47/703 2357/70/684 2358/71/678
f 2441/45/702 2442/46/678 2358/71/678 2359/72/685
f 2440/43/701 2441/45/702 2359/72/685 2360/73/686
f 2439/44/700 2440/43/701 2360/73/686 2361/74/687
f 2354/75/646 2439/44/700 2361/74/687 2309/76/646
f 2353/77/646 2432/37/700 2439/44/700 2354/75/646
f 2352/78/646 2425/30/700 2432/37/700 2353/77/646
f 2351/79/646 2418/23/700 2425/30/700 2352/78/646
f 2350/80/646 2411/16/700 2418/23/700 2351/79/646
f 2349/81/646 2404/4/700 2411/16/700 2350/80/646
f 2348/52/646 2397/1/700 2404/4/700 2349/81/646
f 2446/82/706 2447/83/707 2454/84/707 2453/85/706
f 2447/83/707 2448/86/708 2455/87/708 2454/84/707
f 2448/86/708 2449/88/651 2456/89/651 2455/87/708
f 2449/88/651 2450/90/709 2457/91/709 2456/89/651
f 2450/90/709 2451/92/710 2458/93/710 2457/91/709
f 2451/92/710 2452/94/711 2459/95/711 2458/93/710
f 2453/85/706 2454/84/707 2461/96/707 2460/97/706
f 2454/84/707 2455/87/708 2462/98/708 2461/96/707
f 2455/87/708 2456/89/651 2463/99/651 2462/98/708
f 2456/89/651 2457/91/709 2464/100/709 2463/99/651
f 2457/91/709 2458/93/710 2465/101/710 2464/100/709
f 2458/93/710 2459/95/711 2466/102/711 2465/101/710
f 2460/97/706 2461/96/707 2468/103/707 2467/104/706
f 2461/96/707 2462/98/708 2469/105/708 2468/103/707
f 2462/98/708 2463/99/651 2470/106/651 2469/105/708
f 2463/99/651 2464/100/709 2471/107/709 2470/106/651
f 2464/100/709 2465/101/710 2472/108/710 2471/107/709
f 2465/101/710 2466/102/711 2473/109/711 2472/108/710
f 2467/104/706 2468/103/707 2475/110/707 2474/111/706
f 2468/103/707 2469/105/708 2476/112/708 2475/110/707
f 2469/105/708 2470/106/651 2477/113/651 2476/112/708
f 2470/106/651 2471/107/709 2478/114/709 2477/113/651
f 2471/107/709 2472/108/710 2479/115/710 2478/114/709
f 2472/108/710 2473/109/711 2480/116/711 2479/115/710
f 2474/111/706 2475/110/707 2482/117/707 2481/118/706
f 2475/110/707 2476/112/708 2483/119/708 2482/117/707
f 2476/112/708 2477/113/651 2484/120/651 2483/119/708
f 2477/113/651 2478/114/709 2485/121/709 2484/120/651
f 2478/114/709 2479/115/710 2486/122/710 2485/121/709
f 2479/115/710 2480/116/711 2487/123/711 2486/122/710
f 2481/118/706 2482/117/707 2489/124/707 2488/125/706
f 2482/117/707 2483/119/708 2490/126/708 2489/124/707
f 2483/119/708 2484/120/651 2491/127/651 2490/126/708
f 2484/120/651 2485/121/709 2492/128/709 2491/127/651
f 2485/121/709 2486/122/710 2493/129/710 2492/128/709
f 2486/122/710 2487/123/711 2494/130/711 2493/129/710
f 2305/131/644 2313/132/648 2446/82/706 2396/133/644
f 2313/132/648 2314/134/649 2447/83/707 2446/82/706
f 2314/134/649 2315/135/650 2448/86/708 2447/83/707
f 2315/135/650 2316/136/651 2449/88/651 2448/86/708
f 2316/136/651 2317/137/652 2450/90/709 2449/88/651
f 2317/137/652 2318/138/653 2451/92/710 2450/90/709
f 2318/138/653 2319/139/654 2452/94/711 2451/92/710
f 2319/139/654 2306/140/645 2376/141/645 2452/94/711
f 2452/94/711 2376/141/645 2377/142/645 2459/95/711
f 2459/95/711 2377/142/645 2378/143/645 2466/102/711
f 2466/102/711 2378/143/645 2379/144/645 2473/109/711
f 2473/109/711 2379/144/645 2380/145/645 2480/116/711
f 2480/116/711 2380/145/645 2381/146/645 2487/123/711
f 2487/123/711 2381/146/645 2382/147/645 2494/130/711
f 2494/130/711 2382/147/645 2308/148/645 2320/149/655
f 2493/129/710 2494/130/711 2320/149/655 2321/150/656
f 2492/128/709 2493/129/710 2321/150/656 2322/151/657
f 2491/127/651 2492/128/709 2322/151/657 2323/152/651
f 2490/126/708 2491/127/651 2323/152/651 2324/153/658
f 2489/124/707 2490/126/708 2324/153/658 2325/154/659
f 2488/125/706 2489/124/707 2325/154/659 2326/155/660
f 2390/156/644 2488/125/706 2326/155/660 2307/157/644
f 2391/158/644 2481/118/706 2488/125/706 2390/156/644
f 2392/159/644 2474/111/706 2481/118/706 2391/158/644
f 2393/160/644 2467/104/706 2474/111/706 2392/159/644
f 2394/161/644 2460/97/706 2467/104/706 2393/160/644
f 2395/162/644 2453/85/706 2460/97/706 2394/161/644
f 2396/133/644 2446/82/706 2453/85/706 2395/162/644
f 2495/163/712 2496/164/712 2503/165/713 2502/166/713
f 2496/164/712 2497/167/712 2504/168/713 2503/165/713
f 2497/167/712 2498/169/712 2505/170/713 2504/168/713
f 2498/169/712 2499/171/712 2506/172/713 2505/170/713
f 2499/171/712 2500/173/712 2507/174/713 2506/172/713
f 2500/173/712 2501/175/712 2508/176/713 2507/174/713
f 2502/166/713 2503/165/713 2510/177/714 2509/178/714
f 2503/165/713 2504/168/713 2511/179/714 2510/177/714
f 2504/168/713 2505/170/713 2512/180/714 2511/179/714
f 2505/170/713 2506/172/713 2513/181/714 2512/180/714
f 2506/172/713 2507/174/713 2514/182/714 2513/181/714
f 2507/174/713 2508/176/713 2515/183/714 2514/182/714
f 2509/178/714 2510/177/714 2517/184/664 2516/185/664
f 2510/177/714 2511/179/714 2518/186/664 2517/184/664
f 2511/179/714 2512/180/714 2519/187/664 2518/186/664
f 2512/180/714 2513/181/714 2520/188/664 2519/187/664
f 2513/181/714 2514/182/714 2521/189/664 2520/188/664
f 2514/182/714 2515/183/714 2522/190/664 2521/189/664
f 2516/185/664 2517/184/664 2524/191/715 2523/192/715
f 2517/184/664 2518/186/664 2525/193/715 2524/191/715
f 2518/186/664 2519/187/664 2526/194/715 2525/193/715
f 2519/187/664 2520/188/664 2527/195/715 2526/194/715
f 2520/188/664 2521/189/664 2528/196/715 2527/195/715
f 2521/189/664 2522/190/664 2529/197/715 2528/196/715
f 2523/192/715 2524/191/715 2531/198/716 2530/199/716
f 2524/191/715 2525/193/715 2532/200/716 2531/198/716
f 2525/193/715 2526/194/715 2533/201/716 2532/200/716
f 2526/194/715 2527/195/715 2534/202/716 2533/201/716
f 2527/195/715 2528/196/715 2535/203/716 2534/202/716
f 2528/196/715 2529/197/715 2536/204/716 2535/203/716
f 2530/199/716 2531/198/716 2538/205/717 2537/206/717
f 2531/198/716 2532/200/716 2539/207/717 2538/205/717
f 2532/200/716 2533/201/716 2540/208/717 2539/207/717
f 2533/201/716 2534/202/716 2541/209/717 2540/208/717
f 2534/202/716 2535/203/716 2542/210/717 2541/209/717
f 2535/203/716 2536/204/716 2543/211/717 2542/210/717
f 2311/50/646 2348/212/646 2495/163/712 2327/213/661
f 2348/212/646 2349/214/646 2496/164/712 2495/163/712
f 2349/214/646 2350/215/646 2497/167/712 2496/164/712
f 2350/215/646 2351/79/646 2498/169/712 2497/167/712
f 2351/79/646 2352/216/646 2499/171/712 2498/169/712
f 2352/216/646 2353/217/646 2500/173/712 2499/171/712
f 2353/217/646 2354/75/646 2501/175/712 2500/173/712
f 2354/75/646 2309/76/646 2368/218/693 2501/175/712
f 2501/175/712 2368/218/693 2367/219/692 2508/176/713
f 2508/176/713 2367/219/692 2366/220/691 2515/183/714
f 2515/183/714 2366/220/691 2365/221/664 2522/190/664
f 2522/190/664 2365/221/664 2364/222/690 2529/197/715
f 2529/197/715 2364/222/690 2363/223/689 2536/204/716
f 2536/204/716 2363/223/689 2362/224/688 2543/211/717
f 2543/211/717 2362/224/688 2305/131/644 2396/225/644
f 2542/210/717 2543/211/717 2396/225/644 2395/226/644
f 2541/209/717 2542/210/717 2395/226/644 2394/227/644
f 2540/208/717 2541/209/717 2394/227/644 2393/160/644
f 2539/207/717 2540/208/717 2393/160/644 2392/228/644
f 2538/205/717 2539/207/717 2392/228/644 2391/229/644
f 2537/206/717 2538/205/717 2391/229/644 2390/230/644
f 2333/231/667 2537/206/717 2390/230/644 2307/157/644
f 2332/232/666 2530/199/716 2537/206/717 2333/231/667
f 2331/233/665 2523/192/715 2530/199/716 2332/232/666
f 2330/234/664 2516/185/664 2523/192/715 2331/233/665
f 2329/235/663 2509/178/714 2516/185/664 2330/234/664
f 2328/236/662 2502/166/713 2509/178/714 2329/235/663
f 2327/213/661 2495/163/712 2502/166/713 2328/236/662
f 2544/237/718 2545/238/718 2552/239/719 2551/240/719
f 2545/238/718 2546/241/718 2553/242/719 2552/239/719
f 2546/241/718 2547/243/718 2554/244/719 2553/242/719
f 2547/243/718 2548/245/718 2555/246/719 2554/244/719
f 2548/245/718 2549/247/718 2556/248/719 2555/246/719
f 2549/247/718 2550/249/718 2557/250/719 2556/248/719
f 2551/240/719 2552/239/719 2559/251/720 2558/252/720
f 2552/239/719 2553/242/719 2560/253/720 2559/251/720
f 2553/242/719 2554/244/719 2561/254/720 2560/253/720
f 2554/244/719 2555/246/719 2562/255/720 2561/254/720
f 2555/246/719 2556/248/719 2563/256/720 2562/255/720
f 2556/248/719 2557/250/719 2564/257/720 2563/256/720
f 2558/252/720 2559/251/720 2566/258/671 2565/259/671
f 2559/251/720 2560/253/720 2567/260/671 2566/258/671
f 2560/253/720 2561/254/720 2568/261/671 2567/260/671
f 2561/254/720 2562/255/720 2569/262/671 2568/261/671
f 2562/255/720 2563/256/720 2570/263/671 2569/262/671
f 2563/256/720 2564/257/720 2571/264/671 2570/263/671
f 2565/259/671 2566/258/671 2573/265/721 2572/266/721
f 2566/258/671 2567/260/671 2574/267/721 2573/265/721
f 2567/260/671 2568/261/671 2575/268/721 2574/267/721
f 2568/261/671 2569/262/671 2576/269/721 2575/268/721
f 2569/262/671 2570/263/671 2577/270/721 2576/269/721
f 2570/263/671 2571/264/671 2578/271/721 2577/270/721
f 2572/266/721 2573/265/721 2580/272/722 2579/273/722
f 2573/265/721 2574/267/721 2581/274/722 2580/272/722
f 2574/267/721 2575/268/721 2582/275/722 2581/274/722
f 2575/268/721 2576/269/721 2583/276/722 2582/275/722
f 2576/269/721 2577/270/721 2584/277/722 2583/276/722
f 2577/270/721 2578/271/721 2585/278/722 2584/277/722
f 2579/273/722 2580/272/722 2587/279/723 2586/280/723
f 2580/272/722 2581/274/722 2588/281/723 2587/279/723
f 2581/274/722 2582/275/722 2589/282/723 2588/281/723
f 2582/275/722 2583/276/722 2590/283/723 2589/282/723
f 2583/276/722 2584/277/722 2591/284/723 2590/283/723
f 2584/277/722 2585/278/722 2592/285/723 2591/284/723
f 2308/286/645 2382/287/645 2544/237/718 2334/288/668
f 2382/287/645 2381/289/645 2545/238/718 2544/237/718
f 2381/289/645 2380/290/645 2546/241/718 2545/238/718
f 2380/290/645 2379/291/645 2547/243/718 2546/241/718
f 2379/291/645 2378/292/645 2548/245/718 2547/243/718
f 2378/292/645 2377/293/645 2549/247/718 2548/245/718
f 2377/293/645 2376/294/645 2550/249/718 2549/247/718
f 2376/294/645 2306/295/645 2375/296/699 2550/249/718
f 2550/249/718 2375/296/699 2374/297/698 2557/250/719
f 2557/250/719 2374/297/698 2373/298/697 2564/257/720
f 2564/257/720 2373/298/697 2372/299/671 2571/264/671
f 2571/264/671 2372/299/671 2371/300/696 2578/271/721
f 2578/271/721 2371/300/696 2370/301/695 2585/278/722
f 2585/278/722 2370/301/695 2369/302/694 2592/285/723
f 2592/285/723 2369/302/694 2310/67/647 2389/66/647
f 2591/284/723 2592/285/723 2389/66/647 2388/65/647
f 2590/283/723 2591/284/723 2388/65/647 2387/303/647
f 2589/282/723 2590/283/723 2387/303/647 2386/304/647
f 2588/281/723 2589/282/723 2386/304/647 2385/305/647
f 2587/279/723 2588/281/723 2385/305/647 2384/306/647
f 2586/280/723 2587/279/723 2384/306/647 2383/307/647
f 2340/308/674 2586/280/723 2383/307/647 2312/59/647
f 2339/309/673 2579/273/722 2586/280/723 2340/308/674
f 2338/310/672 2572/266/721 2579/273/722 2339/309/673
f 2337/311/671 2565/259/671 2572/266/721 2338/310/672
f 2336/312/670 2558/252/720 2565/259/671 2337/311/671
f 2335/313/669 2551/240/719 2558/252/720 2336/312/670
f 2334/288/668 2544/237/718 2551/240/719 2335/313/669
f 2685/1/780 2686/2/781 2693/3/781 2692/4/780
f 2686/2/781 2687/5/782 2694/6/782 2693/3/781
f 2687/5/782 2688/7/758 2695/8/758 2694/6/782
f 2688/7/758 2689/9/783 2696/10/783 2695/8/758
f 2689/9/783 2690/11/784 2697/12/784 2696/10/783
f 2690/11/784 2691/13/785 2698/14/785 2697/12/784
f 2692/4/780 2693/3/781 2700/15/781 2699/16/780
f 2693/3/781 2694/6/782 2701/17/782 2700/15/781
f 2694/6/782 2695/8/758 2702/18/758 2701/17/782
f 2695/8/758 2696/10/783 2703/19/783 2702/18/758
f 2696/10/783 2697/12/784 2704/20/784 2703/19/783
f 2697/12/784 2698/14/785 2705/21/785 2704/20/784
f 2699/16/780 2700/15/781 2707/22/781 2706/23/780
f 2700/15/781 2701/17/782 2708/24/782 2707/22/781
f 2701/17/782 2702/18/758 2709/25/758 2708/24/782
f 2702/18/758 2703/19/783 2710/26/783 2709/25/758
f 2703/19/783 2704/20/784 2711/27/784 2710/26/783
f 2704/20/784 2705/21/785 2712/28/785 2711/27/784
f 2706/23/780 2707/22/781 2714/29/781 2713/30/780
f 2707/22/781 2708/24/782 2715/31/782 2714/29/781
f 2708/24/782 2709/25/758 2716/32/758 2715/31/782
f 2709/25/758 2710/26/783 2717/33/783 2716/32/758
f 2710/26/783 2711/27/784 2718/34/784 2717/33/783
f 2711/27/784 2712/28/785 2719/35/785 2718/34/784
f 2713/30/780 2714/29/781 2721/36/781 2720/37/780
f 2714/29/781 2715/31/782 2722/38/782 2721/36/781
f 2715/31/782 2716/32/758 2723/39/758 2722/38/782
f 2716/32/758 2717/33/783 2724/40/783 2723/39/758
f 2717/33/783 2718/34/784 2725/41/784 2724/40/783
f 2718/34/784 2719/35/785 2726/42/785 2725/41/784
f 2720/37/780 2721/36/781 2728/43/781 2727/44/780
f 2721/36/781 2722/38/782 2729/45/782 2728/43/781
f 2722/38/782 2723/39/758 2730/46/758 2729/45/782
f 2723/39/758 2724/40/783 2731/47/783 2730/46/758
f 2724/40/783 2725/41/784 2732/48/784 2731/47/783
f 2725/41/784 2726/42/785 2733/49/785 2732/48/784
f 2599/50/726 2635/51/761 2685/1/780 2636/52/726
f 2635/51/761 2634/53/760 2686/2/781 2685/1/780
f 2634/53/760 2633/54/759 2687/5/782 2686/2/781
f 2633/54/759 2632/55/758 2688/7/758 2687/5/782
f 2632/55/758 2631/56/757 2689/9/783 2688/7/758
f 2631/56/757 2630/57/756 2690/11/784 2689/9/783
f 2630/57/756 2629/58/755 2691/13/785 2690/11/784
f 2629/58/755 2600/59/727 2671/60/727 2691/13/785
f 2691/13/785 2671/60/727 2672/61/727 2698/14/785
f 2698/14/785 2672/61/727 2673/62/727 2705/21/785
f 2705/21/785 2673/62/727 2674/63/727 2712/28/785
f 2712/28/785 2674/63/727 2675/64/727 2719/35/785
f 2719/35/785 2675/64/727 2676/65/727 2726/42/785
f 2726/42/785 2676/65/727 2677/66/727 2733/49/785
f 2733/49/785 2677/66/727 2598/67/727 2643/68/762
f 2732/48/784 2733/49/785 2643/68/762 2644/69/763
f 2731/47/783 2732/48/784 2644/69/763 2645/70/764
f 2730/46/758 2731/47/783 2645/70/764 2646/71/758
f 2729/45/782 2730/46/758 2646/71/758 2647/72/765
f 2728/43/781 2729/45/782 2647/72/765 2648/73/766
f 2727/44/780 2728/43/781 2648/73/766 2649/74/767
f 2642/75/726 2727/44/780 2649/74/767 2597/76/726
f 2641/77/726 2720/37/780 2727/44/780 2642/75/726
f 2640/78/726 2713/30/780 2720/37/780 2641/77/726
f 2639/79/726 2706/23/780 2713/30/780 2640/78/726
f 2638/80/726 2699/16/780 2706/23/780 2639/79/726
f 2637/81/726 2692/4/780 2699/16/780 2638/80/726
f 2636/52/726 2685/1/780 2692/4/780 2637/81/726
f 2734/82/786 2735/83/787 2742/84/787 2741/85/786
f 2735/83/787 2736/86/788 2743/87/788 2742/84/787
f 2736/86/788 2737/88/731 2744/89/731 2743/87/788
f 2737/88/731 2738/90/789 2745/91/789 2744/89/731
f 2738/90/789 2739/92/790 2746/93/790 2745/91/789
f 2739/92/790 2740/94/791 2747/95/791 2746/93/790
f 2741/85/786 2742/84/787 2749/96/787 2748/97/786
f 2742/84/787 2743/87/788 2750/98/788 2749/96/787
f 2743/87/788 2744/89/731 2751/99/731 2750/98/788
f 2744/89/731 2745/91/789 2752/100/789 2751/99/731
f 2745/91/789 2746/93/790 2753/101/790 2752/100/789
f 2746/93/790 2747/95/791 2754/102/791 2753/101/790
f 2748/97/786 2749/96/787 2756/103/787 2755/104/786
f 2749/96/787 2750/98/788 2757/105/788 2756/103/787
f 2750/98/788 2751/99/731 2758/106/731 2757/105/788
f 2751/99/731 2752/100/789 2759/107/789 2758/106/731
f 2752/100/789 2753/101/790 2760/108/790 2759/107/789
f 2753/101/790 2754/102/791 2761/109/791 2760/108/790
f 2755/104/786 2756/103/787 2763/110/787 2762/111/786
f 2756/103/787 2757/105/788 2764/112/788 2763/110/787
f 2757/105/788 2758/106/731 2765/113/731 2764/112/788
f 2758/106/731 2759/107/789 2766/114/789 2765/113/731
f 2759/107/789 2760/108/790 2767/115/790 2766/114/789
f 2760/108/790 2761/109/791 2768/116/791 2767/115/790
f 2762/111/786 2763/110/787 2770/117/787 2769/118/786
f 2763/110/787 2764/112/788 2771/119/788 2770/117/787
f 2764/112/788 2765/113/731 2772/120/731 2771/119/788
f 2765/113/731 2766/114/789 2773/121/789 2772/120/731
f 2766/114/789 2767/115/790 2774/122/790 2773/121/789
f 2767/115/790 2768/116/791 2775/123/791 2774/122/790
f 2769/118/786 2770/117/787 2777/124/787 2776/125/786
f 2770/117/787 2771/119/788 2778/126/788 2777/124/787
f 2771/119/788 2772/120/731 2779/127/731 2778/126/788
f 2772/120/731 2773/121/789 2780/128/789 2779/127/731
f 2773/121/789 2774/122/790 2781/129/790 2780/128/789
f 2774/122/790 2775/123/791 2782/130/791 2781/129/790
f 2593/131/724 2601/132/728 2734/82/786 2684/133/724
f 2601/132/728 2602/134/729 2735/83/787 2734/82/786
f 2602/134/729 2603/135/730 2736/86/788 2735/83/787
f 2603/135/730 2604/136/731 2737/88/731 2736/86/788
f 2604/136/731 2605/137/732 2738/90/789 2737/88/731
f 2605/137/732 2606/138/733 2739/92/790 2738/90/789
f 2606/138/733 2607/139/734 2740/94/791 2739/92/790
f 2607/139/734 2594/140/725 2664/141/725 2740/94/791
f 2740/94/791 2664/141/725 2665/142/725 2747/95/791
f 2747/95/791 2665/142/725 2666/143/725 2754/102/791
f 2754/102/791 2666/143/725 2667/144/725 2761/109/791
f 2761/109/791 2667/144/725 2668/145/725 2768/116/791
f 2768/116/791 2668/145/725 2669/146/725 2775/123/791
f 2775/123/791 2669/146/725 2670/147/725 2782/130/791
f 2782/130/791 2670/147/725 2596/148/725 2608/149/735
f 2781/129/790 2782/130/791 2608/149/735 2609/150/736
f 2780/128/789 2781/129/790 2609/150/736 2610/151/737
f 2779/127/731 2780/128/789 2610/151/737 2611/152/731
f 2778/126/788 2779/127/731 2611/152/731 2612/153/738
f 2777/124/787 2778/126/788 2612/153/738 2613/154/739
f 2776/125/786 2777/124/787 2613/154/739 2614/155/740
f 2678/156/724 2776/125/786 2614/155/740 2595/157/724
f 2679/158/724 2769/118/786 2776/125/786 2678/156/724
f 2680/159/724 2762/111/786 2769/118/786 2679/158/724
f 2681/160/724 2755/104/786 2762/111/786 2680/159/724
f 2682/161/724 2748/97/786 2755/104/786 2681/160/724
f 2683/162/724 2741/85/786 2748/97/786 2682/161/724
f 2684/133/724 2734/82/786 2741/85/786 2683/162/724
f 2783/163/792 2784/164/792 2791/165/793 2790/166/793
f 2784/164/792 2785/167/792 2792/168/793 2791/165/793
f 2785/167/792 2786/169/792 2793/170/793 2792/168/793
f 2786/169/792 2787/171/792 2794/172/793 2793/170/793
f 2787/171/792 2788/173/792 2795/174/793 2794/172/793
f 2788/173/792 2789/175/792 2796/176/793 2795/174/793
f 2790/166/793 2791/165/793 2798/177/794 2797/178/794
f 2791/165/793 2792/168/793 2799/179/794 2798/177/794
f 2792/168/793 2793/170/793 2800/180/794 2799/179/794
f 2793/170/793 2794/172/793 2801/181/794 2800/180/794
f 2794/172/793 2795/174/793 2802/182/794 2801/181/794
f 2795/174/793 2796/176/793 2803/183/794 2802/182/794
f 2797/178/794 2798/177/794 2805/184/744 2804/185/744
f 2798/177/794 2799/179/794 2806/186/744 2805/184/744
f 2799/179/794 2800/180/794 2807/187/744 2806/186/744
f 2800/180/794 2801/181/794 2808/188/744 2807/187/744
f 2801/181/794 2802/182/794 2809/189/744 2808/188/744
f 2802/182/794 2803/183/794 2810/190/744 2809/189/744
f 2804/185/744 2805/184/744 2812/191/795 2811/192/795
f 2805/184/744 2806/186/744 2813/193/795 2812/191/795
f 2806/186/744 2807/187/744 2814/194/795 2813/193/795
f 2807/187/744 2808/188/744 2815/195/795 2814/194/795
f 2808/188/744 2809/189/744 2816/196/795 2815/195/795
f 2809/189/744 2810/190/744 2817/197/795 2816/196/795
f 2811/192/795 2812/191/795 2819/198/796 2818/199/796
f 2812/191/795 2813/193/795 2820/200/796 2819/198/796
f 2813/193/795 2814/194/795 2821/201/796 2820/200/796
f 2814/194/795 2815/195/795 2822/202/796 2821/201/796
f 2815/195/795 2816/196/795 2823/203/796 2822/202/796
f 2816/196/795 2817/197/795 2824/204/796 2823/203/796
f 2818/199/796 2819/198/796 2826/205/797 2825/206/797
f 2819/198/796 2820/200/796 2827/207/797 2826/205/797
f 2820/200/796 2821/201/796 2828/208/797 2827/207/797
f 2821/201/796 2822/202/796 2829/209/797 2828/208/797
f 2822/202/796 2823/203/796 2830/210/797 2829/209/797
f 2823/203/796 2824/204/796 2831/211/797 2830/210/797
f 2599/50/726 2636/212/726 2783/163/792 2615/213/741
f 2636/212/726 2637/214/726 2784/164/792 2783/163/792
f 2637/214/726 2638/215/726 2785/167/792 2784/164/792
f 2638/215/726 2639/79/726 2786/169/792 2785/167/792
f 2639/79/726 2640/216/726 2787/171/792 2786/169/792
f 2640/216/726 2641/217/726 2788/173/792 2787/171/792
f 2641/217/726 2642/75/726 2789/175/792 2788/173/792
f 2642/75/726 2597/76/726 2656/218/773 2789/175/792
f 2789/175/792 2656/218/773 2655/219/772 2796/176/793
f 2796/176/793 2655/219/772 2654/220/771 2803/183/794
f 2803/183/794 2654/220/771 2653/221/744 2810/190/744
f 2810/190/744 2653/221/744 2652/222/770 2817/197/795
f 2817/197/795 2652/222/770 2651/223/769 2824/204/796
f 2824/204/796 2651/223/769 2650/224/768 2831/211/797
f 2831/211/797 2650/224/768 2593/131/724 2684/225/724
f 2830/210/797 2831/211/797 2684/225/724 2683/226/724
f 2829/209/797 2830/210/797 2683/226/724 2682/227/724
f 2828/208/797 2829/209/797 2682/227/724 2681/160/724
f 2827/207/797 2828/208/797 2681/160/724 2680/228/724
f 2826/205/797 2827/207/797 2680/228/724 2679/229/724
f 2825/206/797 2826/205/797 2679/229/724 2678/230/724
f 2621/231/747 2825/206/797 2678/230/724 2595/157/724
f 2620/232/746 2818/199/796 2825/206/797 2621/231/747
f 2619/233/745 2811/192/795 2818/199/796 2620/232/746
f 2618/234/744 2804/185/744 2811/192/795 2619/233/745
f 2617/235/743 2797/178/794 2804/185/744 2618/234/744
f 2616/236/742 2790/166/793 2797/178/794 2617/235/743
f 2615/213/741 2783/163/792 2790/166/793 2616/236/742
f 2832/237/798 2833/238/798 2840/239/799 2839/240/799
f 2833/238/798 2834/241/798 2841/242/799 2840/239/799
f 2834/241/798 2835/243/798 2842/244/799 2841/242/799
f 2835/243/798 2836/245/798 2843/246/799 2842/244/799
f 2836/245/798 2837/247/798 2844/248/799 2843/246/799
f 2837/247/798 2838/249/798 2845/250/799 2844/248/799
f 2839/240/799 2840/239/799 2847/251/800 2846/252/800
f 2840/239/799 2841/242/799 2848/253/800 2847/251/800
f 2841/242/799 2842/244/799 2849/254/800 2848/253/800
f 2842/244/799 2843/246/799 2850/255/800 2849/254/800
f 2843/246/799 2844/248/799 2851/256/800 2850/255/800
f 2844/248/799 2845/250/799 2852/257/800 2851/256/800
f 2846/252/800 2847/251/800 2854/258/751 2853/259/751
f 2847/251/800 2848/253/800 2855/260/751 2854/258/751
f 2848/253/800 2849/254/800 2856/261/751 2855/260/751
f 2849/254/800 2850/255/800 2857/262/751 2856/261/751
f 2850/255/800 2851/256/800 2858/263/751 2857/262/751
f 2851/256/800 2852/257/800 2859/264/751 2858/263/751
f 2853/259/751 2854/258/751 2861/265/801 2860/266/801
f 2854/258/751 2855/260/751 2862/267/801 2861/265/801
f 2855/260/751 2856/261/751 2863/268/801 2862/267/801
f 2856/261/751 2857/262/751 2864/269/801 2863/268/801
f 2857/262/751 2858/263/751 2865/270/801 2864/269/801
f 2858/263/751 2859/264/751 2866/271/801 2865/270/801
f 2860/266/801 2861/265/801 2868/272/802 2867/273/802
f 2861/265/801 2862/267/801 2869/274/802 2868/272/802
f 2862/267/801 2863/268/801 2870/275/802 2869/274/802
f 2863/268/801 2864/269/801 2871/276/802 2870/275/802
f 2864/269/801 2865/270/801 2872/277/802 2871/276/802
f 2865/270/801 2866/271/801 2873/278/802 2872/277/802
f 2867/273/802 2868/272/802 2875/279/803 2874/280/803
f 2868/272/802 2869/274/802 2876/281/803 2875/279/803
f 2869/274/802 2870/275/802 2877/282/803 2876/281/803
f 2870/275/802 2871/276/802 2878/283/803 2877/282/803
f 2871/276/802 2872/277/802 2879/284/803 2878/283/803
f 2872/277/802 2873/278/802 2880/285/803 2879/284/803
f 2596/286/725 2670/287/725 2832/237/798 2622/288/748
f 2670/287/725 2669/289/725 2833/238/798 2832/237/798
f 2669/289/725 2668/290/725 2834/241/798 2833/238/798
f 2668/290/725 2667/291/725 2835/243/798 2834/241/798
f 2667/291/725 2666/292/725 2836/245/798 2835/243/798
f 2666/292/725 2665/293/725 2837/247/798 2836/245/798
f 2665/293/725 2664/294/725 2838/249/798 2837/247/798
f 2664/294/725 2594/295/725 2663/296/779 2838/249/798
f 2838/249/798 2663/296/779 2662/297/778 2845/250/799
f 2845/250/799 2662/297/778 2661/298/777 2852/257/800
f 2852/257/800 2661/298/777 2660/299/751 2859/264/751
f 2859/264/751 2660/299/751 2659/300/776 2866/271/801
f 2866/271/801 2659/300/776 2658/301/775 2873/278/802
f 2873/278/802 2658/301/775 2657/302/774 2880/285/803
f 2880/285/803 2657/302/774 2598/67/727 2677/66/727
f 2879/284/803 2880/285/803 2677/66/727 2676/65/727
f 2878/283/803 2879/284/803 2676/65/727 2675/303/727
f 2877/282/803 2878/283/803 2675/303/727 2674/304/727
f 2876/281/803 2877/282/803 2674/304/727 2673/305/727
f 2875/279/803 2876/281/803 2673/305/727 2672/306/727
f 2874/280/803 2875/279/803 2672/306/727 2671/307/727
f 2628/308/754 2874/280/803 2671/307/727 2600/59/727
f 2627/309/753 2867/273/802 2874/280/803 2628/308/754
f 2626/310/752 2860/266/801 2867/273/802 2627/309/753
f 2625/311/751 2853/259/751 2860/266/801 2626/310/752
f 2624/312/750 2846/252/800 2853/259/751 2625/311/751
f 2623/313/749 2839/240/799 2846/252/800 2624/312/750
f 2622/288/748 2832/237/798 2839/240/799 2623/313/749
f 2973/1/860 2974/2/861 2981/3/861 2980/4/860
f 2974/2/861 2975/5/862 2982/6/862 2981/3/861
f 2975/5/862 2976/7/838 2983/8/838 2982/6/862
f 2976/7/838 2977/9/863 2984/10/863 2983/8/838
f 2977/9/863 2978/11/864 2985/12/864 2984/10/863
f 2978/11/864 2979/13/865 2986/14/865 2985/12/864
f 2980/4/860 2981/3/861 2988/15/861 2987/16/860
f 2981/3/861 2982/6/862 2989/17/862 2988/15/861
f 2982/6/862 2983/8/838 2990/18/838 2989/17/862
f 2983/8/838 2984/10/863 2991/19/863 2990/18/838
f 2984/10/863 2985/12/864 2992/20/864 2991/19/863
f 2985/12/864 2986/14/865 2993/21/865 2992/20/864
f 2987/16/860 2988/15/861 2995/22/861 2994/23/860
f 2988/15/861 2989/17/862 2996/24/862 2995/22/861
f 2989/17/862 2990/18/838 2997/25/838 2996/24/862
f 2990/18/838 2991/19/863 2998/26/863 2997/25/838
f 2991/19/863 2992/20/864 2999/27/864 2998/26/863
f 2992/20/864 2993/21/865 3000/28/865 2999/27/864
f 2994/23/860 2995/22/861 3002/29/861 3001/30/860
f 2995/22/861 2996/24/862 3003/31/862 3002/29/861
f 2996/24/862 2997/25/838 3004/32/838 3003/31/862
f 2997/25/838 2998/26/863 3005/33/863 3004/32/838
f 2998/26/863 2999/27/864 3006/34/864 3005/33/863
f 2999/27/864 3000/28/865 3007/35/865 3006/34/864
f 3001/30/860 3002/29/861 3009/36/861 3008/37/860
f 3002/29/861 3003/31/862 3010/38/862 3009/36/861
f 3003/31/862 3004/32/838 3011/39/838 3010/38/862
f 3004/32/838 3005/33/863 3012/40/863 3011/39/838
f 3005/33/863 3006/34/864 3013/41/864 3012/40/863
f 3006/34/864 3007/35/865 3014/42/865 3013/41/864
f 3008/37/860 3009/36/861 3016/43/861 3015/44/860
f 3009/36/861 3010/38/862 3017/45/862 3016/43/861
f 3010/38/862 3011/39/838 3018/46/838 3017/45/862
f 3011/39/838 3012/40/863 3019/47/863 3018/46/838
f 3012/40/863 3013/41/864 3020/48/864 3019/47/863
f 3013/41/864 3014/42/865 3021/49/865 3020/48/864
f 2887/50/806 2923/51/841 2973/1/860 2924/52/806
f 2923/51/841 2922/53/840 2974/2/861 2973/1/860
f 2922/53/840 2921/54/839 2975/5/862 2974/2/861
f 2921/54/839 2920/55/838 2976/7/838 2975/5/862
f 2920/55/838 2919/56/837 2977/9/863 2976/7/838
f 2919/56/837 2918/57/836 2978/11/864 2977/9/863
f 2918/57/836 2917/58/835 2979/13/865 2978/11/864
f 2917/58/835 2888/59/807 2959/60/807 2979/13/865
f 2979/13/865 2959/60/807 2960/61/807 2986/14/865
f 2986/14/865 2960/61/807 2961/62/807 2993/21/865
f 2993/21/865 2961/62/807 2962/63/807 3000/28/865
f 3000/28/865 2962/63/807 2963/64/807 3007/35/865
f 3007/35/865 2963/64/807 2964/65/807 3014/42/865
f 3014/42/865 2964/65/807 2965/66/807 3021/49/865
f 3021/49/865 2965/66/807 2886/67/807 2931/68/842
f 3020/48/864 3021/49/865 2931/68/842 2932/69/843
f 3019/47/863 3020/48/864 2932/69/843 2933/70/844
f 3018/46/838 3019/47/863 2933/70/844 2934/71/838
f 3017/45/862 3018/46/838 2934/71/838 2935/72/845
f 3016/43/861 3017/45/862 2935/72/845 2936/73/846
f 3015/44/860 3016/43/861 2936/73/846 2937/74/847
f 2930/75/806 3015/44/860 2937/74/847 2885/76/806
f 2929/77/806 3008/37/860 3015/44/860 2930/75/806
f 2928/78/806 3001/30/860 3008/37/860 2929/77/806
f 2927/79/806 2994/23/860 3001/30/860 2928/78/806
f 2926/80/806 2987/16/860 2994/23/860 2927/79/806
f 2925/81/806 2980/4/860 2987/16/860 2926/80/806
f 2924/52/806 2973/1/860 2980/4/860 2925/81/806
f 3022/82/866 3023/83/867 3030/84/867 3029/85/866
f 3023/83/867 3024/86/868 3031/87/868 3030/84/867
f 3024/86/868 3025/88/811 3032/89/811 3031/87/868
f 3025/88/811 3026/90/869 3033/91/869 3032/89/811
f 3026/90/869 3027/92/870 3034/93/870 3033/91/869
f 3027/92/870 3028/94/871 3035/95/871 3034/93/870
f 3029/85/866 3030/84/867 3037/96/867 3036/97/866
f 3030/84/867 3031/87/868 3038/98/868 3037/96/867
f 3031/87/868 3032/89/811 3039/99/811 3038/98/868
f 3032/89/811 3033/91/869 3040/100/869 3039/99/811
f 3033/91/869 3034/93/870 3041/101/870 3040/100/869
f 3034/93/870 3035/95/871 3042/102/871 3041/101/870
f 3036/97/866 3037/96/867 3044/103/867 3043/104/866
f 3037/96/867 3038/98/868 3045/105/868 3044/103/867
f 3038/98/868 3039/99/811 3046/106/811 3045/105/868
f 3039/99/811 3040/100/869 3047/107/869 3046/106/811
f 3040/100/869 3041/101/870 3048/108/870 3047/107/869
f 3041/101/870 3042/102/871 3049/109/871 3048/108/870
f 3043/104/866 3044/103/867 3051/110/867 3050/111/866
f 3044/103/867 3045/105/868 3052/112/868 3051/110/867
f 3045/105/868 3046/106/811 3053/113/811 3052/112/868
f 3046/106/811 3047/107/869 3054/114/869 3053/113/811
f 3047/107/869 3048/108/870 3055/115/870 3054/114/869
f 3048/108/870 3049/109/871 3056/116/871 3055/115/870
f 3050/111/866 3051/110/867 3058/117/867 3057/118/866
f 3051/110/867 3052/112/868 3059/119/868 3058/117/867
f 3052/112/868 3053/113/811 3060/120/811 3059/119/868
f 3053/113/811 3054/114/869 3061/121/869 3060/120/811
f 3054/114/869 3055/115/870 3062/122/870 3061/121/869
f 3055/115/870 3056/116/871 3063/123/871 3062/122/870
f 3057/118/866 3058/117/867 3065/124/867 3064/125/866
f 3058/117/867 3059/119/868 3066/126/868 3065/124/867
f 3059/119/868 3060/120/811 3067/127/811 3066/126/868
f 3060/120/811 3061/121/869 3068/128/869 3067/127/811
f 3061/121/869 3062/122/870 3069/129/870 3068/128/869
f 3062/122/870 3063/123/871 3070/130/871 3069/129/870
f 2881/131/804 2889/132/808 3022/82/866 2972/133/804
f 2889/132/808 2890/134/809 3023/83/867 3022/82/866
f 2890/134/809 2891/135/810 3024/86/868 3023/83/867
f 2891/135/810 2892/136/811 3025/88/811 3024/86/868
f 2892/136/811 2893/137/812 3026/90/869 3025/88/811
f 2893/137/812 2894/138/813 3027/92/870 3026/90/869
f 2894/138/813 2895/139/814 3028/94/871 3027/92/870
f 2895/139/814 2882/140/805 2952/141/805 3028/94/871
f 3028/94/871 2952/141/805 2953/142/805 3035/95/871
f 3035/95/871 2953/142/805 2954/143/805 3042/102/871
f 3042/102/871 2954/143/805 2955/144/805 3049/109/871
f 3049/109/871 2955/144/805 2956/145/805 3056/116/871
f 3056/116/871 2956/145/805 2957/146/805 3063/123/871
f 3063/123/871 2957/146/805 2958/147/805 3070/130/871
f 3070/130/871 2958/147/805 2884/148/805 2896/149/815
f 3069/129/870 3070/130/871 2896/149/815 2897/150/816
f 3068/128/869 3069/129/870 2897/150/816 2898/151/817
f 3067/127/811 3068/128/869 2898/151/817 2899/152/811
f 3066/126/868 3067/127/811 2899/152/811 2900/153/818
f 3065/124/867 3066/126/868 2900/153/818 2901/154/819
f 3064/125/866 3065/124/867 2901/154/819 2902/155/820
f 2966/156/804 3064/125/866 2902/155/820 2883/157/804
f 2967/158/804 3057/118/866 3064/125/866 2966/156/804
f 2968/159/804 3050/111/866 3057/118/866 2967/158/804
f 2969/160/804 3043/104/866 3050/111/866 2968/159/804
f 2970/161/804 3036/97/866 3043/104/866 2969/160/804
f 2971/162/804 3029/85/866 3036/97/866 2970/161/804
f 2972/133/804 3022/82/866 3029/85/866 2971/162/804
f 3071/163/872 3072/164/872 3079/165/873 3078/166/873
f 3072/164/872 3073/167/872 3080/168/873 3079/165/873
f 3073/167/872 3074/169/872 3081/170/873 3080/168/873
f 3074/169/872 3075/171/872 3082/172/873 3081/170/873
f 3075/171/872 3076/173/872 3083/174/873 3082/172/873
f 3076/173/872 3077/175/872 3084/176/873 3083/174/873
f 3078/166/873 3079/165/873 3086/177/874 3085/178/874
f 3079/165/873 3080/168/873 3087/179/874 3086/177/874
f 3080/168/873 3081/170/873 3088/180/874 3087/179/874
f 3081/170/873 3082/172/873 3089/181/874 3088/180/874
f 3082/172/873 3083/174/873 3090/182/874 3089/181/874
f 3083/174/873 3084/176/873 3091/183/874 3090/182/874
f 3085/178/874 3086/177/874 3093/184/824 3092/185/824
f 3086/177/874 3087/179/874 3094/186/824 3093/184/824
f 3087/179/874 3088/180/874 3095/187/824 3094/186/824
f 3088/180/874 3089/181/874 3096/188/824 3095/187/824
f 3089/181/874 3090/182/874 3097/189/824 3096/188/824
f 3090/182/874 3091/183/874 3098/190/824 3097/189/824
f 3092/185/824 3093/184/824 3100/191/875 3099/192/875
f 3093/184/824 3094/186/824 3101/193/875 3100/191/875
f 3094/186/824 3095/187/824 3102/194/875 3101/193/875
f 3095/187/824 3096/188/824 3103/195/875 3102/194/875
f 3096/188/824 3097/189/824 3104/196/875 3103/195/875
f 3097/189/824 3098/190/824 3105/197/875 3104/196/875
f 3099/192/875 3100/191/875 3107/198/876 3106/199/876
f 3100/191/875 3101/193/875 3108/200/876 3107/198/876
f 3101/193/875 3102/194/875 3109/201/876 3108/200/876
f 3102/194/875 3103/195/875 3110/202/876 3109/201/876
f 3103/195/875 3104/196/875 3111/203/876 3110/202/876
f 3104/196/875 3105/197/875 3112/204/876 3111/203/876
f 3106/199/876 3107/198/876 3114/205/877 3113/206/877
f 3107/198/876 3108/200/876 3115/207/877 3114/205/877
f 3108/200/876 3109/201/876 3116/208/877 3115/207/877
f 3109/201/876 3110/202/876 3117/209/877 3116/208/877
f 3110/202/876 3111/203/876 3118/210/877 3117/209/877
f 3111/203/876 3112/204/876 3119/211/877 3118/210/877
f 2887/50/806 2924/212/806 3071/163/872 2903/213/821
f 2924/212/806 2925/214/806 3072/164/872 3071/163/872
f 2925/214/806 2926/215/806 3073/167/872 3072/164/872
f 2926/215/806 2927/79/806 3074/169/872 3073/167/872
f 2927/79/806 2928/216/806 3075/171/872 3074/169/872
f 2928/216/806 2929/217/806 3076/173/872 3075/171/872
f 2929/217/806 2930/75/806 3077/175/872 3076/173/872
f 2930/75/806 2885/76/806 2944/218/853 3077/175/872
f 3077/175/872 2944/218/853 2943/219/852 3084/176/873
f 3084/176/873 2943/219/852 2942/220/851 3091/183/874
f 3091/183/874 2942/220/851 2941/221/824 3098/190/824
f 3098/190/824 2941/221/824 2940/222/850 3105/197/875
f 3105/197/875 2940/222/850 2939/223/849 3112/204/876
f 3112/204/876 2939/223/849 2938/224/848 3119/211/877
f 3119/211/877 2938/224/848 2881/131/804 2972/225/804
f 3118/210/877 3119/211/877 2972/225/804 2971/226/804
f 3117/209/877 3118/210/877 2971/226/804 2970/227/804
f 3116/208/877 3117/209/877 2970/227/804 2969/160/804
f 3115/207/877 3116/208/877 2969/160/804 2968/228/804
f 3114/205/877 3115/207/877 2968/228/804 2967/229/804
f 3113/206/877 3114/205/877 2967/229/804 2966/230/804
f 2909/231/827 3113/206/877 2966/230/804 2883/157/804
f 2908/232/826 3106/199/876 3113/206/877 2909/231/827
f 2907/233/825 3099/192/875 3106/199/876 2908/232/826
f 2906/234/824 3092/185/824 3099/192/875 2907/233/825
f 2905/235/823 3085/178/874 3092/185/824 2906/234/824
f 2904/236/822 3078/166/873 3085/178/874 2905/235/823
f 2903/213/821 3071/163/872 3078/166/873 2904/236/822
f 3120/237/878 3121/238/878 3128/239/879 3127/240/879
f 3121/238/878 3122/241/878 3129/242/879 3128/239/879
f 3122/241/878 3123/243/878 3130/244/879 3129/242/879
f 3123/243/878 3124/245/878 3131/246/879 3130/244/879
f 3124/245/878 3125/247/878 3132/248/879 3131/246/879
f 3125/247/878 3126/249/878 3133/250/879 3132/248/879
f 3127/240/879 3128/239/879 3135/251/880 3134/252/880
f 3128/239/879 3129/242/879 3136/253/880 3135/251/880
f 3129/242/879 3130/244/879 3137/254/880 3136/253/880
f 3130/244/879 3131/246/879 3138/255/880 3137/254/880
f 3131/246/879 3132/248/879 3139/256/880 3138/255/880
f 3132/248/879 3133/250/879 3140/257/880 3139/256/880
f 3134/252/880 3135/251/880 3142/258/831 3141/259/831
f 3135/251/880 3136/253/880 3143/260/831 3142/258/831
f 3136/253/880 3137/254/880 3144/261/831 3143/260/831
f 3137/254/880 3138/255/880 3145/262/831 3144/261/831
f 3138/255/880 3139/256/880 3146/263/831 3145/262/831
f 3139/256/880 3140/257/880 3147/264/831 3146/263/831
f 3141/259/831 3142/258/831 3149/265/881 3148/266/881
f 3142/258/831 3143/260/831 3150/267/881 3149/265/881
f 3143/260/831 3144/261/831 3151/268/881 3150/267/881
f 3144/261/831 3145/262/831 3152/269/881 3151/268/881
f 3145/262/831 3146/263/831 3153/270/881 3152/269/881
f 3146/263/831 3147/264/831 3154/271/881 3153/270/881
f 3148/266/881 3149/265/881 3156/272/882 3155/273/882
f 3149/265/881 3150/267/881 3157/274/882 3156/272/882
f 3150/267/881 3151/268/881 3158/275/882 3157/274/882
f 3151/268/881 3152/269/881 3159/276/882 3158/275/882
f 3152/269/881 3153/270/881 3160/277/882 3159/276/882
f 3153/270/881 3154/271/881 3161/278/882 3160/277/882
f 3155/273/882 3156/272/882 3163/279/883 3162/280/883
f 3156/272/882 3157/274/882 3164/281/883 3163/279/883
f 3157/274/882 3158/275/882 3165/282/883 3164/281/883
f 3158/275/882 3159/276/882 3166/283/883 3165/282/883
f 3159/276/882 3160/277/882 3167/284/883 3166/283/883
f 3160/277/882 3161/278/882 3168/285/883 3167/284/883
f 2884/286/805 2958/287/805 3120/237/878 2910/288/828
f 2958/287/805 2957/289/805 3121/238/878 3120/237/878
f 2957/289/805 2956/290/805 3122/241/878 3121/238/878
f 2956/290/805 2955/291/805 3123/243/878 3122/241/878
f 2955/291/805 2954/292/805 3124/245/878 3123/243/878
f 2954/292/805 2953/293/805 3125/247/878 3124/245/878
f 2953/293/805 2952/294/805 3126/249/878 3125/247/878
f 2952/294/805 2882/295/805 2951/296/859 3126/249/878
f 3126/249/878 2951/296/859 2950/297/858 3133/250/879
f 3133/250/879 2950/297/858 2949/298/857 3140/257/880
f 3140/257/880 2949/298/857 2948/299/831 3147/264/831
f 3147/264/831 2948/299/831 2947/300/856 3154/271/881
f 3154/271/881 2947/300/856 2946/301/855 3161/278/882
f 3161/278/882 2946/301/855 2945/302/854 3168/285/883
f 3168/285/883 2945/302/854 2886/67/807 2965/66/807
f 3167/284/883 3168/285/883 2965/66/807 2964/65/807
f 3166/283/883 3167/284/883 2964/65/807 2963/303/807
f 3165/282/883 3166/283/883 2963/303/807 2962/304/807
f 3164/281/883 3165/282/883 2962/304/807 2961/305/807
f 3163/279/883 3164/281/883 2961/305/807 2960/306/807
f 3162/280/883 3163/279/883 2960/306/807 2959/307/807
f 2916/308/834 3162/280/883 2959/307/807 2888/59/807
f 2915/309/833 3155/273/882 3162/280/883 2916/308/834
f 2914/310/832 3148/266/881 3155/273/882 2915/309/833
f 2913/311/831 3141/259/831 3148/266/881 2914/310/832
f 2912/312/830 3134/252/880 3141/259/831 2913/311/831
f 2911/313/829 3127/240/879 3134/252/880 2912/312/830
f 2910/288/828 3120/237/878 3127/240/879 2911/313/829
f 3261/1/940 3262/2/941 3269/3/941 3268/4/940
f 3262/2/941 3263/5/942 3270/6/942 3269/3/941
f 3263/5/942 3264/7/918 3271/8/918 3270/6/942
f 3264/7/918 3265/9/943 3272/10/943 3271/8/918
f 3265/9/943 3266/11/944 3273/12/944 3272/10/943
f 3266/11/944 3267/13/945 3274/14/945 3273/12/944
f 3268/4/940 3269/3/941 3276/15/941 3275/16/940
f 3269/3/941 3270/6/942 3277/17/942 3276/15/941
f 3270/6/942 3271/8/918 3278/18/918 3277/17/942
f 3271/8/918 3272/10/943 3279/19/943 3278/18/918
f 3272/10/943 3273/12/944 3280/20/944 3279/19/943
f 3273/12/944 3274/14/945 3281/21/945 3280/20/944
f 3275/16/940 3276/15/941 3283/22/941 3282/23/940
f 3276/15/941 3277/17/942 3284/24/942 3283/22/941
f 3277/17/942 3278/18/918 3285/25/918 3284/24/942
f 3278/18/918 3279/19/943 3286/26/943 3285/25/918
f 3279/19/943 3280/20/944 3287/27/944 3286/26/943
f 3280/20/944 3281/21/945 3288/28/945 3287/27/944
f 3282/23/940 3283/22/941 3290/29/941 3289/30/940
f 3283/22/941 3284/24/942 3291/31/942 3290/29/941
f 3284/24/942 3285/25/918 3292/32/918 3291/31/942
f 3285/25/918 3286/26/943 3293/33/943 3292/32/918
f 3286/26/943 3287/27/944 3294/34/944 3293/33/943
f 3287/27/944 3288/28/945 3295/35/945 3294/34/944
f 3289/30/940 3290/29/941 3297/36/941 3296/37/940
f 3290/29/941 3291/31/942 3298/38/942 3297/36/941
f 3291/31/942 3292/32/918 3299/39/918 3298/38/942
f 3292/32/918 3293/33/943 3300/40/943 3299/39/918
f 3293/33/943 3294/34/944 3301/41/944 3300/40/943
f 3294/34/944 3295/35/945 3302/42/945 3301/41/944
f 3296/37/940 3297/36/941 3304/43/941 3303/44/940
f 3297/36/941 3298/38/942 3305/45/942 3304/43/941
f 3298/38/942 3299/39/918 3306/46/918 3305/45/942
f 3299/39/918 3300/40/943 3307/47/943 3306/46/918
f 3300/40/943 3301/41/944 3308/48/944 3307/47/943
f 3301/41/944 3302/42/945 3309/49/945 3308/48/944
f 3175/50/886 3211/51/921 3261/1/940 3212/52/886
f 3211/51/921 3210/53/920 3262/2/941 3261/1/940
f 3210/53/920 3209/54/919 3263/5/942 3262/2/941
f 3209/54/919 3208/55/918 3264/7/918 3263/5/942
f 3208/55/918 3207/56/917 3265/9/943 3264/7/918
f 3207/56/917 3206/57/916 3266/11/944 3265/9/943
f 3206/57/916 3205/58/915 3267/13/945 3266/11/944
f 3205/58/915 3176/59/887 3247/60/887 3267/13/945
f 3267/13/945 3247/60/887 3248/61/887 3274/14/945
f 3274/14/945 3248/61/887 3249/62/887 3281/21/945
f 3281/21/945 3249/62/887 3250/63/887 3288/28/945
f 3288/28/945 3250/63/887 3251/64/887 3295/35/945
f 3295/35/945 3251/64/887 3252/65/887 3302/42/945
f 3302/42/945 3252/65/887 3253/66/887 3309/49/945
f 3309/49/945 3253/66/887 3174/67/887 3219/68/922
f 3308/48/944 3309/49/945 3219/68/922 3220/69/923
f 3307/47/943 3308/48/944 3220/69/923 3221/70/924
f 3306/46/918 3307/47/943 3221/70/924 3222/71/918
f 3305/45/942 3306/46/918 3222/71/918 3223/72/925
f 3304/43/941 3305/45/942 3223/72/925 3224/73/926
f 3303/44/940 3304/43/941 3224/73/926 3225/74/927
f 3218/75/886 3303/44/940 3225/74/927 3173/76/886
f 3217/77/886 3296/37/940 3303/44/940 3218/75/886
f 3216/78/886 3289/30/940 3296/37/940 3217/77/886
f 3215/79/886 3282/23/940 3289/30/940 3216/78/886
f 3214/80/886 3275/16/940 3282/23/940 3215/79/886
f 3213/81/886 3268/4/940 3275/16/940 3214/80/886
f 3212/52/886 3261/1/940 3268/4/940 3213/81/886
f 3310/82/946 3311/83/947 3318/84/947 3317/85/946
f 3311/83/947 3312/86/948 3319/87/948 3318/84/947
f 3312/86/948 3313/88/891 3320/89/891 3319/87/948
f 3313/88/891 3314/90/949 3321/91/949 3320/89/891
f 3314/90/949 3315/92/950 3322/93/950 3321/91/949
f 3315/92/950 3316/94/951 3323/95/951 3322/93/950
f 3317/85/946 3318/84/947 3325/96/947 3324/97/946
f 3318/84/947 3319/87/948 3326/98/948 3325/96/947
f 3319/87/948 3320/89/891 3327/99/891 3326/98/948
f 3320/89/891 3321/91/949 3328/100/949 3327/99/891
f 3321/91/949 3322/93/950 3329/101/950 3328/100/949
f 3322/93/950 3323/95/951 3330/102/951 3329/101/950
f 3324/97/946 3325/96/947 3332/103/947 3331/104/946
f 3325/96/947 3326/98/948 3333/105/948 3332/103/947
f 3326/98/948 3327/99/891 3334/106/891 3333/105/948
f 3327/99/891 3328/100/949 3335/107/949 3334/106/891
f 3328/100/949 3329/101/950 3336/108/950 3335/107/949
f 3329/101/950 3330/102/951 3337/109/951 3336/108/950
f 3331/104/946 3332/103/947 3339/110/947 3338/111/946
f 3332/103/947 3333/105/948 3340/112/948 3339/110/947
f 3333/105/948 3334/106/891 3341/113/891 3340/112/948
f 3334/106/891 3335/107/949 3342/114/949 3341/113/891
f 3335/107/949 3336/108/950 3343/115/950 3342/114/949
f 3336/108/950 3337/109/951 3344/116/951 3343/115/950
f 3338/111/946 3339/110/947 3346/117/947 3345/118/946
f 3339/110/947 3340/112/948 3347/119/948 3346/117/947
f 3340/112/948 3341/113/891 3348/120/891 3347/119/948
f 3341/113/891 3342/114/949 3349/121/949 3348/120/891
f 3342/114/949 3343/115/950 3350/122/950 3349/121/949
f 3343/115/950 3344/116/951 3351/123/951 3350/122/950
f 3345/118/946 3346/117/947 3353/124/947 3352/125/946
f 3346/117/947 3347/119/948 3354/126/948 3353/124/947
f 3347/119/948 3348/120/891 3355/127/891 3354/126/948
f 3348/120/891 3349/121/949 3356/128/949 3355/127/891
f 3349/121/949 3350/122/950 3357/129/950 3356/128/949
f 3350/122/950 3351/123/951 3358/130/951 3357/129/950
f 3169/131/884 3177/132/888 3310/82/946 3260/133/884
f 3177/132/888 3178/134/889 3311/83/947 3310/82/946
f 3178/134/889 3179/135/890 3312/86/948 3311/83/947
f 3179/135/890 3180/136/891 3313/88/891 3312/86/948
f 3180/136/891 3181/137/892 3314/90/949 3313/88/891
f 3181/137/892 3182/138/893 3315/92/950 3314/90/949
f 3182/138/893 3183/139/894 3316/94/951 3315/92/950
f 3183/139/894 3170/140/885 3240/141/885 3316/94/951
f 3316/94/951 3240/141/885 3241/142/885 3323/95/951
f 3323/95/951 3241/142/885 3242/143/885 3330/102/951
f 3330/102/951 3242/143/885 3243/144/885 3337/109/951
f 3337/109/951 3243/144/885 3244/145/885 3344/116/951
f 3344/116/951 3244/145/885 3245/146/885 3351/123/951
f 3351/123/951 3245/146/885 3246/147/885 3358/130/951
f 3358/130/951 3246/147/885 3172/148/885 3184/149/895
f 3357/129/950 3358/130/951 3184/149/895 3185/150/896
f 3356/128/949 3357/129/950 3185/150/896 3186/151/897
f 3355/127/891 3356/128/949 3186/151/897 3187/152/891
f 3354/126/948 3355/127/891 3187/152/891 3188/153/898
f 3353/124/947 3354/126/948 3188/153/898 3189/154/899
f 3352/125/946 3353/124/947 3189/154/899 3190/155/900
f 3254/156/884 3352/125/946 3190/155/900 3171/157/884
f 3255/158/884 3345/118/946 3352/125/946 3254/156/884
f 3256/159/884 3338/111/946 3345/118/946 3255/158/884
f 3257/160/884 3331/104/946 3338/111/946 3256/159/884
f 3258/161/884 3324/97/946 3331/104/946 3257/160/884
f 3259/162/884 3317/85/946 3324/97/946 3258/161/884
f 3260/133/884 3310/82/946 3317/85/946 3259/162/884
f 3359/163/952 3360/164/952 3367/165/953 3366/166/953
f 3360/164/952 3361/167/952 3368/168/953 3367/165/953
f 3361/167/952 3362/169/952 3369/170/953 3368/168/953
f 3362/169/952 3363/171/952 3370/172/953 3369/170/953
f 3363/171/952 3364/173/952 3371/174/953 3370/172/953
f 3364/173/952 3365/175/952 3372/176/953 3371/174/953
f 3366/166/953 3367/165/953 3374/177/954 3373/178/954
f 3367/165/953 3368/168/953 3375/179/954 3374/177/954
f 3368/168/953 3369/170/953 3376/180/954 3375/179/954
f 3369/170/953 3370/172/953 3377/181/954 3376/180/954
f 3370/172/953 3371/174/953 3378/182/954 3377/181/954
f 3371/174/953 3372/176/953 3379/183/954 3378/182/954
f 3373/178/954 3374/177/954 3381/184/904 3380/185/904
f 3374/177/954 3375/179/954 3382/186/904 3381/184/904
f 3375/179/954 3376/180/954 3383/187/904 3382/186/904
f 3376/180/954 3377/181/954 3384/188/904 3383/187/904
f 3377/181/954 3378/182/954 3385/189/904 3384/188/904
f 3378/182/954 3379/183/954 3386/190/904 3385/189/904
f 3380/185/904 3381/184/904 3388/191/955 3387/192/955
f 3381/184/904 3382/186/904 3389/193/955 3388/191/955
f 3382/186/904 3383/187/904 3390/194/955 3389/193/955
f 3383/187/904 3384/188/904 3391/195/955 3390/194/955
f 3384/188/904 3385/189/904 3392/196/955 3391/195/955
f 3385/189/904 3386/190/904 3393/197/955 3392/196/955
f 3387/192/955 3388/191/955 3395/198/956 3394/199/956
f 3388/191/955 3389/193/955 3396/200/956 3395/198/956
f 3389/193/955 3390/194/955 3397/201/956 3396/200/956
f 3390/194/955 3391/195/955 3398/202/956 3397/201/956
f 3391/195/955 3392/196/955 3399/203/956 3398/202/956
f 3392/196/955 3393/197/955 3400/204/956 3399/203/956
f 3394/199/956 3395/198/956 3402/205/957 3401/206/957
f 3395/198/956 3396/200/956 3403/207/957 3402/205/957
f 3396/200/956 3397/201/956 3404/208/957 3403/207/957
f 3397/201/956 3398/202/956 3405/209/957 3404/208/957
f 3398/202/956 3399/203/956 3406/210/957 3405/209/957
f 3399/203/956 3400/204/956 3407/211/957 3406/210/957
f 3175/50/886 3212/212/886 3359/163/952 3191/213/901
f 3212/212/886 3213/214/886 3360/164/952 3359/163/952
f 3213/214/886 3214/215/886 3361/167/952 3360/164/952
f 3214/215/886 3215/79/886 3362/169/952 3361/167/952
f 3215/79/886 3216/216/886 3363/171/952 3362/169/952
f 3216/216/886 3217/217/886 3364/173/952 3363/171/952
f 3217/217/886 3218/75/886 3365/175/952 3364/173/952
f 3218/75/886 3173/76/886 3232/218/933 3365/175/952
f 3365/175/952 3232/218/933 3231/219/932 3372/176/953
f 3372/176/953 3231/219/932 3230/220/931 3379/183/954
f 3379/183/954 3230/220/931 3229/221/904 3386/190/904
f 3386/190/904 3229/221/904 3228/222/930 3393/197/955
f 3393/197/955 3228/222/930 3227/223/929 3400/204/956
f 3400/204/956 3227/223/929 3226/224/928 3407/211/957
f 3407/211/957 3226/224/928 3169/131/884 3260/225/884
f 3406/210/957 3407/211/957 3260/225/884 3259/226/884
f 3405/209/957 3406/210/957 3259/226/884 3258/227/884
f 3404/208/957 3405/209/957 3258/227/884 3257/160/884
f 3403/207/957 3404/208/957 3257/160/884 3256/228/884
f 3402/205/957 3403/207/957 3256/228/884 3255/229/884
f 3401/206/957 3402/205/957 3255/229/884 3254/230/884
f 3197/231/907 3401/206/957 3254/230/884 3171/157/884
f 3196/232/906 3394/199/956 3401/206/957 3197/231/907
f 3195/233/905 3387/192/955 3394/199/956 3196/232/906
f 3194/234/904 3380/185/904 3387/192/955 3195/233/905
f 3193/235/903 3373/178/954 3380/185/904 3194/234/904
f 3192/236/902 3366/166/953 3373/178/954 3193/235/903
f 3191/213/901 3359/163/952 3366/166/953 3192/236/902
f 3408/237/958 3409/238/958 3416/239/959 3415/240/959
f 3409/238/958 3410/241/958 3417/242/959 3416/239/959
f 3410/241/958 3411/243/958 3418/244/959 3417/242/959
f 3411/243/958 3412/245/958 3419/246/959 3418/244/959
f 3412/245/958 3413/247/958 3420/248/959 3419/246/959
f 3413/247/958 3414/249/958 3421/250/959 3420/248/959
f 3415/240/959 3416/239/959 3423/251/960 3422/252/960
f 3416/239/959 3417/242/959 3424/253/960 3423/251/960
f 3417/242/959 3418/244/959 3425/254/960 3424/253/960
f 3418/244/959 3419/246/959 3426/255/960 3425/254/960
f 3419/246/959 3420/248/959 3427/256/960 3426/255/960
f 3420/248/959 3421/250/959 3428/257/960 3427/256/960
f 3422/252/960 3423/251/960 3430/258/911 3429/259/911
f 3423/251/960 3424/253/960 3431/260/911 3430/258/911
f 3424/253/960 3425/254/960 3432/261/911 3431/260/911
f 3425/254/960 3426/255/960 3433/262/911 3432/261/911
f 3426/255/960 3427/256/960 3434/263/911 3433/262/911
f 3427/256/960 3428/257/960 3435/264/911 3434/263/911
f 3429/259/911 3430/258/911 3437/265/961 3436/266/961
f 3430/258/911 3431/260/911 3438/267/961 3437/265/961
f 3431/260/911 3432/261/911 3439/268/961 3438/267/961
f 3432/261/911 3433/262/911 3440/269/961 3439/268/961
f 3433/262/911 3434/263/911 3441/270/961 3440/269/961
f 3434/263/911 3435/264/911 3442/271/961 3441/270/961
f 3436/266/961 3437/265/961 3444/272/962 3443/273/962
f 3437/265/961 3438/267/961 3445/274/962 3444/272/962
f 3438/267/961 3439/268/961 3446/275/962 3445/274/962
f 3439/268/961 3440/269/961 3447/276/962 3446/275/962
f 3440/269/961 3441/270/961 3448/277/962 3447/276/962
f 3441/270/961 3442/271/961 3449/278/962 3448/277/962
f 3443/273/962 3444/272/962 3451/279/963 3450/280/963
f 3444/272/962 3445/274/962 3452/281/963 3451/279/963
f 3445/274/962 3446/275/962 3453/282/963 3452/281/963
f 3446/275/962 3447/276/962 3454/283/963 3453/282/963
f 3447/276/962 3448/277/962 3455/284/963 3454/283/963
f 3448/277/962 3449/278/962 3456/285/963 3455/284/963
f 3172/286/885 3246/287/885 3408/237/958 3198/288/908
f 3246/287/885 3245/289/885 3409/238/958 3408/237/958
f 3245/289/885 3244/290/885 3410/241/958 3409/238/958
f 3244/290/885 3243/291/885 3411/243/958 3410/241/958
f 3243/291/885 3242/292/885 3412/245/958 3411/243/958
f 3242/292/885 3241/293/885 3413/247/958 3412/245/958
f 3241/293/885 3240/294/885 3414/249/958 3413/247/958
f 3240/294/885 3170/295/885 3239/296/939 3414/249/958
f 3414/249/958 3239/296/939 3238/297/938 3421/250/959
f 3421/250/959 3238/297/938 3237/298/937 3428/257/960
f 3428/257/960 3237/298/937 3236/299/911 3435/264/911
f 3435/264/911 3236/299/911 3235/300/936 3442/271/961
f 3442/271/961 3235/300/936 3234/301/935 3449/278/962
f 3449/278/962 3234/301/935 3233/302/934 3456/285/963
f 3456/285/963 3233/302/934 3174/67/887 3253/66/887
f 3455/284/963 3456/285/963 3253/66/887 3252/65/887
f 3454/283/963 3455/284/963 3252/65/887 3251/303/887
f 3453/282/963 3454/283/963 3251/303/887 3250/304/887
f 3452/281/963 3453/282/963 3250/304/887 3249/305/887
f 3451/279/963 3452/281/963 3249/305/887 3248/306/887
f 3450/280/963 3451/279/963 3248/306/887 3247/307/887
f 3204/308/914 3450/280/963 3247/307/887 3176/59/887
f 3203/309/913 3443/273/962 3450/280/963 3204/308/914
f 3202/310/912 3436/266/961 3443/273/962 3203/309/913
f 3201/311/911 3429/259/911 3436/266/961 3202/310/912
f 3200/312/910 3422/252/960 3429/259/911 3201/311/911
f 3199/313/909 3415/240/959 3422/252/960 3200/312/910
f 3198/288/908 3408/237/958 3415/240/959 3199/313/909
f 3549/1/1020 3550/2/1021 3557/3/1021 3556/4/1020
f 3550/2/1021 3551/5/1022 3558/6/1022 3557/3/1021
f 3551/5/1022 3552/7/998 3559/8/998 3558/6/1022
f 3552/7/998 3553/9/1023 3560/10/1023 3559/8/998
f 3553/9/1023 3554/11/1024 3561/12/1024 3560/10/1023
f 3554/11/1024 3555/13/1025 3562/14/1025 3561/12/1024
f 3556/4/1020 3557/3/1021 3564/15/1021 3563/16/1020
f 3557/3/1021 3558/6/1022 3565/17/1022 3564/15/1021
f 3558/6/1022 3559/8/998 3566/18/998 3565/17/1022
f 3559/8/998 3560/10/1023 3567/19/1023 3566/18/998
f 3560/10/1023 3561/12/1024 3568/20/1024 3567/19/1023
f 3561/12/1024 3562/14/1025 3569/21/1025 3568/20/1024
f 3563/16/1020 3564/15/1021 3571/22/1021 3570/23/1020
f 3564/15/1021 3565/17/1022 3572/24/1022 3571/22/1021
f 3565/17/1022 3566/18/998 3573/25/998 3572/24/1022
f 3566/18/998 3567/19/1023 3574/26/1023 3573/25/998
f 3567/19/1023 3568/20/1024 3575/27/1024 3574/26/1023
f 3568/20/1024 3569/21/1025 3576/28/1025 3575/27/1024
f 3570/23/1020 3571/22/1021 3578/29/1021 3577/30/1020
f 3571/22/1021 3572/24/1022 3579/31/1022 3578/29/1021
f 3572/24/1022 3573/25/998 3580/32/998 3579/31/1022
f 3573/25/998 3574/26/1023 3581/33/1023 3580/32/998
f 3574/26/1023 3575/27/1024 3582/34/1024 3581/33/1023
f 3575/27/1024 3576/28/1025 3583/35/1025 3582/34/1024
f 3577/30/1020 3578/29/1021 3585/36/1021 3584/37/1020
f 3578/29/1021 3579/31/1022 3586/38/1022 3585/36/1021
f 3579/31/1022 3580/32/998 3587/39/998 3586/38/1022
f 3580/32/998 3581/33/1023 3588/40/1023 3587/39/998
f 3581/33/1023 3582/34/1024 3589/41/1024 3588/40/1023
f 3582/34/1024 3583/35/1025 3590/42/1025 3589/41/1024
f 3584/37/1020 3585/36/1021 3592/43/1021 3591/44/1020
f 3585/36/1021 3586/38/1022 3593/45/1022 3592/43/1021
f 3586/38/1022 3587/39/998 3594/46/998 3593/45/1022
f 3587/39/998 3588/40/1023 3595/47/1023 3594/46/998
f 3588/40/1023 3589/41/1024 3596/48/1024 3595/47/1023
f 3589/41/1024 3590/42/1025 3597/49/1025 3596/48/1024
f 3463/50/966 3499/51/1001 3549/1/1020 3500/52/966
f 3499/51/1001 3498/53/1000 3550/2/1021 3549/1/1020
f 3498/53/1000 3497/54/999 3551/5/1022 3550/2/1021
f 3497/54/999 3496/55/998 3552/7/998 3551/5/1022
f 3496/55/998 3495/56/997 3553/9/1023 3552/7/998
f 3495/56/997 3494/57/996 3554/11/1024 3553/9/1023
f 3494/57/996 3493/58/995 3555/13/1025 3554/11/1024
f 3493/58/995 3464/59/967 3535/60/967 3555/13/1025
f 3555/13/1025 3535/60/967 3536/61/967 3562/14/1025
f 3562/14/1025 3536/61/967 3537/62/967 3569/21/1025
f 3569/21/1025 3537/62/967 3538/63/967 3576/28/1025
f 3576/28/1025 3538/63/967 3539/64/967 3583/35/1025
f 3583/35/1025 3539/64/967 3540/65/967 3590/42/1025
f 3590/42/1025 3540/65/967 3541/66/967 3597/49/1025
f 3597/49/1025 3541/66/967 3462/67/967 3507/68/1002
f 3596/48/1024 3597/49/1025 3507/68/1002 3508/69/1003
f 3595/47/1023 3596/48/1024 3508/69/1003 3509/70/1004
f 3594/46/998 3595/47/1023 3509/70/1004 3510/71/998
f 3593/45/1022 3594/46/998 3510/71/998 3511/72/1005
f 3592/43/1021 3593/45/1022 3511/72/1005 3512/73/1006
f 3591/44/1020 3592/43/1021 3512/73/1006 3513/74/1007
f 3506/75/966 3591/44/1020 3513/74/1007 3461/76/966
f 3505/77/966 3584/37/1020 3591/44/1020 3506/75/966
f 3504/78/966 3577/30/1020 3584/37/1020 3505/77/966
f 3503/79/966 3570/23/1020 3577/30/1020 3504/78/966
f 3502/80/966 3563/16/1020 3570/23/1020 3503/79/966
f 3501/81/966 3556/4/1020 3563/16/1020 3502/80/966
f 3500/52/966 3549/1/1020 3556/4/1020 3501/81/966
f 3598/82/1026 3599/83/1027 3606/84/1027 3605/85/1026
f 3599/83/1027 3600/86/1028 3607/87/1028 3606/84/1027
f 3600/86/1028 3601/88/971 3608/89/971 3607/87/1028
f 3601/88/971 3602/90/1029 3609/91/1029 3608/89/971
f 3602/90/1029 3603/92/1030 3610/93/1030 3609/91/1029
f 3603/92/1030 3604/94/1031 3611/95/1031 3610/93/1030
f 3605/85/1026 3606/84/1027 3613/96/1027 3612/97/1026
f 3606/84/1027 3607/87/1028 3614/98/1028 3613/96/1027
f 3607/87/1028 3608/89/971 3615/99/971 3614/98/1028
f 3608/89/971 3609/91/1029 3616/100/1029 3615/99/971
f 3609/91/1029 3610/93/1030 3617/101/1030 3616/100/1029
f 3610/93/1030 3611/95/1031 3618/102/1031 3617/101/1030
f 3612/97/1026 3613/96/1027 3620/103/1027 3619/104/1026
f 3613/96/1027 3614/98/1028 3621/105/1028 3620/103/1027
f 3614/98/1028 3615/99/971 3622/106/971 3621/105/1028
f 3615/99/971 3616/100/1029 3623/107/1029 3622/106/971
f 3616/100/1029 3617/101/1030 3624/108/1030 3623/107/1029
f 3617/101/1030 3618/102/1031 3625/109/1031 3624/108/1030
f 3619/104/1026 3620/103/1027 3627/110/1027 3626/111/1026
f 3620/103/1027 3621/105/1028 3628/112/1028 3627/110/1027
f 3621/105/1028 3622/106/971 3629/113/971 3628/112/1028
f 3622/106/971 3623/107/1029 3630/114/1029 3629/113/971
f 3623/107/1029 3624/108/1030 3631/115/1030 3630/114/1029
f 3624/108/1030 3625/109/1031 3632/116/1031 3631/115/1030
f 3626/111/1026 3627/110/1027 3634/117/1027 3633/118/1026
f 3627/110/1027 3628/112/1028 3635/119/1028 3634/117/1027
f 3628/112/1028 3629/113/971 3636/120/971 3635/119/1028
f 3629/113/971 3630/114/1029 3637/121/1029 3636/120/971
f 3630/114/1029 3631/115/1030 3638/122/1030 3637/121/1029
f 3631/115/1030 3632/116/1031 3639/123/1031 3638/122/1030
f 3633/118/1026 3634/117/1027 3641/124/1027 3640/125/1026
f 3634/117/1027 3635/119/1028 3642/126/1028 3641/124/1027
f 3635/119/1028 3636/120/971 3643/127/971 3642/126/1028
f 3636/120/971 3637/121/1029 3644/128/1029 3643/127/971
f 3637/121/1029 3638/122/1030 3645/129/1030 3644/128/1029
f 3638/122/1030 3639/123/1031 3646/130/1031 3645/129/1030
f 3457/131/964 3465/132/968 3598/82/1026 3548/133/964
f 3465/132/968 3466/134/969 3599/83/1027 3598/82/1026
f 3466/134/969 3467/135/970 3600/86/1028 3599/83/1027
f 3467/135/970 3468/136/971 3601/88/971 3600/86/1028
f 3468/136/971 3469/137/972 3602/90/1029 3601/88/971
f 3469/137/972 3470/138/973 3603/92/1030 3602/90/1029
f 3470/138/973 3471/139/974 3604/94/1031 3603/92/1030
f 3471/139/974 3458/140/965 3528/141/965 3604/94/1031
f 3604/94/1031 3528/141/965 3529/142/965 3611/95/1031
f 3611/95/1031 3529/142/965 3530/143/965 3618/102/1031
f 3618/102/1031 3530/143/965 3531/144/965 3625/109/1031
f 3625/109/1031 3531/144/965 3532/145/965 3632/116/1031
f 3632/116/1031 3532/145/965 3533/146/965 3639/123/1031
f 3639/123/1031 3533/146/965 3534/147/965 3646/130/1031
f 3646/130/1031 3534/147/965 3460/148/965 3472/149/975
f 3645/129/1030 3646/130/1031 3472/149/975 3473/150/976
f 3644/128/1029 3645/129/1030 3473/150/976 3474/151/977
f 3643/127/971 3644/128/1029 3474/151/977 3475/152/971
f 3642/126/1028 3643/127/971 3475/152/971 3476/153/978
f 3641/124/1027 3642/126/1028 3476/153/978 3477/154/979
f 3640/125/1026 3641/124/1027 3477/154/979 3478/155/980
f 3542/156/964 3640/125/1026 3478/155/980 3459/157/964
f 3543/158/964 3633/118/1026 3640/125/1026 3542/156/964
f 3544/159/964 3626/111/1026 3633/118/1026 3543/158/964
f 3545/160/964 3619/104/1026 3626/111/1026 3544/159/964
f 3546/161/964 3612/97/1026 3619/104/1026 3545/160/964
f 3547/162/964 3605/85/1026 3612/97/1026 3546/161/964
f 3548/133/964 3598/82/1026 3605/85/1026 3547/162/964
f 3647/163/1032 3648/164/1032 3655/165/1033 3654/166/1033
f 3648/164/1032 3649/167/1032 3656/168/1033 3655/165/1033
f 3649/167/1032 3650/169/1032 3657/170/1033 3656/168/1033
f 3650/169/1032 3651/171/1032 3658/172/1033 3657/170/1033
f 3651/171/1032 3652/173/1032 3659/174/1033 3658/172/1033
f 3652/173/1032 3653/175/1032 3660/176/1033 3659/174/1033
f 3654/166/1033 3655/165/1033 3662/177/1034 3661/178/1034
f 3655/165/1033 3656/168/1033 3663/179/1034 3662/177/1034
f 3656/168/1033 3657/170/1033 3664/180/1034 3663/179/1034
f 3657/170/1033 3658/172/1033 3665/181/1034 3664/180/1034
f 3658/172/1033 3659/174/1033 3666/182/1034 3665/181/1034
f 3659/174/1033 3660/176/1033 3667/183/1034 3666/182/1034
f 3661/178/1034 3662/177/1034 3669/184/984 3668/185/984
f 3662/177/1034 3663/179/1034 3670/186/984 3669/184/984
f 3663/179/1034 3664/180/1034 3671/187/984 3670/186/984
f 3664/180/1034 3665/181/1034 3672/188/984 3671/187/984
f 3665/181/1034 3666/182/1034 3673/189/984 3672/188/984
f 3666/182/1034 3667/183/1034 3674/190/984 3673/189/984
f 3668/185/984 3669/184/984 3676/191/1035 3675/192/1035
f 3669/184/984 3670/186/984 3677/193/1035 3676/191/1035
f 3670/186/984 3671/187/984 3678/194/1035 3677/193/1035
f 3671/187/984 3672/188/984 3679/195/1035 3678/194/1035
f 3672/188/984 3673/189/984 3680/196/1035 3679/195/1035
f 3673/189/984 3674/190/984 3681/197/1035 3680/196/1035
f 3675/192/1035 3676/191/1035 3683/198/1036 3682/199/1036
f 3676/191/1035 3677/193/1035 3684/200/1036 3683/198/1036
f 3677/193/1035 3678/194/1035 3685/201/1036 3684/200/1036
f 3678/194/1035 3679/195/1035 3686/202/1036 3685/201/1036
f 3679/195/1035 3680/196/1035 3687/203/1036 3686/202/1036
f 3680/196/1035 3681/197/1035 3688/204/1036 3687/203/1036
f 3682/199/1036 3683/198/1036 3690/205/1037 3689/206/1037
f 3683/198/1036 3684/200/1036 3691/207/1037 3690/205/1037
f 3684/200/1036 3685/201/1036 3692/208/1037 3691/207/1037
f 3685/201/1036 3686/202/1036 3693/209/1037 3692/208/1037
f 3686/202/1036 3687/203/1036 3694/210/1037 3693/209/1037
f 3687/203/1036 3688/204/1036 3695/211/1037 3694/210/1037
f 3463/50/966 3500/212/966 3647/163/1032 3479/213/981
f 3500/212/966 3501/214/966 3648/164/1032 3647/163/1032
f 3501/214/966 3502/215/966 3649/167/1032 3648/164/1032
f 3502/215/966 3503/79/966 3650/169/1032 3649/167/1032
f 3503/79/966 3504/216/966 3651/171/1032 3650/169/1032
f 3504/216/966 3505/217/966 3652/173/1032 3651/171/1032
f 3505/217/966 3506/75/966 3653/175/1032 3652/173/1032
f 3506/75/966 3461/76/966 3520/218/1013 3653/175/1032
f 3653/175/1032 3520/218/1013 3519/219/1012 3660/176/1033
f 3660/176/1033 3519/219/1012 3518/220/1011 3667/183/1034
f 3667/183/1034 3518/220/1011 3517/221/984 3674/190/984
f 3674/190/984 3517/221/984 3516/222/1010 3681/197/1035
f 3681/197/1035 3516/222/1010 3515/223/1009 3688/204/1036
f 3688/204/1036 3515/223/1009 3514/224/1008 3695/211/1037
f 3695/211/1037 3514/224/1008 3457/131/964 3548/225/964
f 3694/210/1037 3695/211/1037 3548/225/964 3547/226/964
f 3693/209/1037 3694/210/1037 3547/226/964 3546/227/964
f 3692/208/1037 3693/209/1037 3546/227/964 3545/160/964
f 3691/207/1037 3692/208/1037 3545/160/964 3544/228/964
f 3690/205/1037 3691/207/1037 3544/228/964 3543/229/964
f 3689/206/1037 3690/205/1037 3543/229/964 3542/230/964
f 3485/231/987 3689/206/1037 3542/230/964 3459/157/964
f 3484/232/986 3682/199/1036 3689/206/1037 3485/231/987
f 3483/233/985 3675/192/1035 3682/199/1036 3484/232/986
f 3482/234/984 3668/185/984 3675/192/1035 3483/233/985
f 3481/235/983 3661/178/1034 3668/185/984 3482/234/984
f 3480/236/982 3654/166/1033 3661/178/1034 3481/235/983
f 3479/213/981 3647/163/1032 3654/166/1033 3480/236/982
f 3696/237/1038 3697/238/1038 3704/239/1039 3703/240/1039
f 3697/238/1038 3698/241/1038 3705/242/1039 3704/239/1039
f 3698/241/1038 3699/243/1038 3706/244/1039 3705/242/1039
f 3699/243/1038 3700/245/1038 3707/246/1039 3706/244/1039
f 3700/245/1038 3701/247/1038 3708/248/1039 3707/246/1039
f 3701/247/1038 3702/249/1038 3709/250/1039 3708/248/1039
f 3703/240/1039 3704/239/1039 3711/251/1040 3710/252/1040
f 3704/239/1039 3705/242/1039 3712/253/1040 3711/251/1040
f 3705/242/1039 3706/244/1039 3713/254/1040 3712/253/1040
f 3706/244/1039 3707/246/1039 3714/255/1040 3713/254/1040
f 3707/246/1039 3708/248/1039 3715/256/1040 3714/255/1040
f 3708/248/1039 3709/250/1039 3716/257/1040 3715/256/1040
f 3710/252/1040 3711/251/1040 3718/258/991 3717/259/991
f 3711/251/1040 3712/253/1040 3719/260/991 3718/258/991
f 3712/253/1040 3713/254/1040 3720/261/991 3719/260/991
f 3713/254/1040 3714/255/1040 3721/262/991 3720/261/991
f 3714/255/1040 3715/256/1040 3722/263/991 3721/262/991
f 3715/256/1040 3716/257/1040 3723/264/991 3722/263/991
f 3717/259/991 3718/258/991 3725/265/1041 3724/266/1041
f 3718/258/991 3719/260/991 3726/267/1041 3725/265/1041
f 3719/260/991 3720/261/991 3727/268/1041 3726/267/1041
f 3720/261/991 3721/262/991 3728/269/1041 3727/268/1041
f 3721/262/991 3722/263/991 3729/270/1041 3728/269/1041
f 3722/263/991 3723/264/991 3730/271/1041 3729/270/1041
f 3724/266/1041 3725/265/1041 3732/272/1042 3731/273/1042
f 3725/265/1041 3726/267/1041 3733/274/1042 3732/272/1042
f 3726/267/1041 3727/268/1041 3734/275/1042 3733/274/1042
f 3727/268/1041 3728/269/1041 3735/276/1042 3734/275/1042
f 3728/269/1041 3729/270/1041 3736/277/1042 3735/276/1042
f 3729/270/1041 3730/271/1041 3737/278/1042 3736/277/1042
f 3731/273/1042 3732/272/1042 3739/279/1043 3738/280/1043
f 3732/272/1042 3733/274/1042 3740/281/1043 3739/279/1043
f 3733/274/1042 3734/275/1042 3741/282/1043 3740/281/1043
f 3734/275/1042 3735/276/1042 3742/283/1043 3741/282/1043
f 3735/276/1042 3736/277/1042 3743/284/1043 3742/283/1043
f 3736/277/1042 3737/278/1042 3744/285/1043 3743/284/1043
f 3460/286/965 3534/287/965 3696/237/1038 3486/288/988
f 3534/287/965 3533/289/965 3697/238/1038 3696/237/1038
f 3533/289/965 3532/290/965 3698/241/1038 3697/238/1038
f 3532/290/965 3531/291/965 3699/243/1038 3698/241/1038
f 3531/291/965 3530/292/965 3700/245/1038 3699/243/1038
f 3530/292/965 3529/293/965 3701/247/1038 3700/245/1038
f 3529/293/965 3528/294/965 3702/249/1038 3701/247/1038
f 3528/294/965 3458/295/965 3527/296/1019 3702/249/1038
f 3702/249/1038 3527/296/1019 3526/297/1018 3709/250/1039
f 3709/250/1039 3526/297/1018 3525/298/1017 3716/257/1040
f 3716/257/1040 3525/298/1017 3524/299/991 3723/264/991
f 3723/264/991 3524/299/991 3523/300/1016 3730/271/1041
f 3730/271/1041 3523/300/1016 3522/301/1015 3737/278/1042
f 3737/278/1042 3522/301/1015 3521/302/1014 3744/285/1043
f 3744/285/1043 3521/302/1014 3462/67/967 3541/66/967
f 3743/284/1043 3744/285/1043 3541/66/967 3540/65/967
f 3742/283/1043 3743/284/1043 3540/65/967 3539/303/967
f 3741/282/1043 3742/283/1043 3539/303/967 3538/304/967
f 3740/281/1043 3741/282/1043 3538/304/967 3537/305/967
f 3739/279/1043 3740/281/1043 3537/305/967 3536/306/967
f 3738/280/1043 3739/279/1043 3536/306/967 3535/307/967
f 3492/308/994 3738/280/1043 3535/307/967 3464/59/967
f 3491/309/993 3731/273/1042 3738/280/1043 3492/308/994
f 3490/310/992 3724/266/1041 3731/273/1042 3491/309/993
f 3489/311/991 3717/259/991 3724/266/1041 3490/310/992
f 3488/312/990 3710/252/1040 3717/259/991 3489/311/991
f 3487/313/989 3703/240/1039 3710/252/1040 3488/312/990
f 3486/288/988 3696/237/1038 3703/240/1039 3487/313/989
f 3837/1/1100 3838/2/1101 3845/3/1101 3844/4/1100
f 3838/2/1101 3839/5/1102 3846/6/1102 3845/3/1101
f 3839/5/1102 3840/7/1078 3847/8/1078 3846/6/1102
f 3840/7/1078 3841/9/1103 3848/10/1103 3847/8/1078
f 3841/9/1103 3842/11/1104 3849/12/1104 3848/10/1103
f 3842/11/1104 3843/13/1105 3850/14/1105 3849/12/1104
f 3844/4/1100 3845/3/1101 3852/15/1101 3851/16/1100
f 3845/3/1101 3846/6/1102 3853/17/1102 3852/15/1101
f 3846/6/1102 3847/8/1078 3854/18/1078 3853/17/1102
f 3847/8/1078 3848/10/1103 3855/19/1103 3854/18/1078
f 3848/10/1103 3849/12/1104 3856/20/1104 3855/19/1103
f 3849/12/1104 3850/14/1105 3857/21/1105 3856/20/1104
f 3851/16/1100 3852/15/1101 3859/22/1101 3858/23/1100
f 3852/15/1101 3853/17/1102 3860/24/1102 3859/22/1101
f 3853/17/1102 3854/18/1078 3861/25/1078 3860/24/1102
f 3854/18/1078 3855/19/1103 3862/26/1103 3861/25/1078
f 3855/19/1103 3856/20/1104 3863/27/1104 3862/26/1103
f 3856/20/1104 3857/21/1105 3864/28/1105 3863/27/1104
f 3858/23/1100 3859/22/1101 3866/29/1101 3865/30/1100
f 3859/22/1101 3860/24/1102 3867/31/1102 3866/29/1101
f 3860/24/1102 3861/25/1078 3868/32/1078 3867/31/1102
f 3861/25/1078 3862/26/1103 3869/33/1103 3868/32/1078
f 3862/26/1103 3863/27/1104 3870/34/1104 3869/33/1103
f 3863/27/1104 3864/28/1105 3871/35/1105 3870/34/1104
f 3865/30/1100 3866/29/1101 3873/36/1101 3872/37/1100
f 3866/29/1101 3867/31/1102 3874/38/1102 3873/36/1101
f 3867/31/1102 3868/32/1078 3875/39/1078 3874/38/1102
f 3868/32/1078 3869/33/1103 3876/40/1103 3875/39/1078
f 3869/33/1103 3870/34/1104 3877/41/1104 3876/40/1103
f 3870/34/1104 3871/35/1105 3878/42/1105 3877/41/1104
f 3872/37/1100 3873/36/1101 3880/43/1101 3879/44/1100
f 3873/36/1101 3874/38/1102 3881/45/1102 3880/43/1101
f 3874/38/1102 3875/39/1078 3882/46/1078 3881/45/1102
f 3875/39/1078 3876/40/1103 3883/47/1103 3882/46/1078
f 3876/40/1103 3877/41/1104 3884/48/1104 3883/47/1103
f 3877/41/1104 3878/42/1105 3885/49/1105 3884/48/1104
f 3751/50/1046 3787/51/1081 3837/1/1100 3788/52/1046
f 3787/51/1081 3786/53/1080 3838/2/1101 3837/1/1100
f 3786/53/1080 3785/54/1079 3839/5/1102 3838/2/1101
f 3785/54/1079 3784/55/1078 3840/7/1078 3839/5/1102
f 3784/55/1078 3783/56/1077 3841/9/1103 3840/7/1078
f 3783/56/1077 3782/57/1076 3842/11/1104 3841/9/1103
f 3782/57/1076 3781/58/1075 3843/13/1105 3842/11/1104
f 3781/58/1075 3752/59/1047 3823/60/1047 3843/13/1105
f 3843/13/1105 3823/60/1047 3824/61/1047 3850/14/1105
f 3850/14/1105 3824/61/1047 3825/62/1047 3857/21/1105
f 3857/21/1105 3825/62/1047 3826/63/1047 3864/28/1105
f 3864/28/1105 3826/63/1047 3827/64/1047 3871/35/1105
f 3871/35/1105 3827/64/1047 3828/65/1047 3878/42/1105
f 3878/42/1105 3828/65/1047 3829/66/1047 3885/49/1105
f 3885/49/1105 3829/66/1047 3750/67/1047 3795/68/1082
f 3884/48/1104 3885/49/1105 3795/68/1082 3796/69/1083
f 3883/47/1103 3884/48/1104 3796/69/1083 3797/70/1084
f 3882/46/1078 3883/47/1103 3797/70/1084 3798/71/1078
f 3881/45/1102 3882/46/1078 3798/71/1078 3799/72/1085
f 3880/43/1101 3881/45/1102 3799/72/1085 3800/73/1086
f 3879/44/1100 3880/43/1101 3800/73/1086 3801/74/1087
f 3794/75/1046 3879/44/1100 3801/74/1087 3749/76/1046
f 3793/77/1046 3872/37/1100 3879/44/1100 3794/75/1046
f 3792/78/1046 3865/30/1100 3872/37/1100 3793/77/1046
f 3791/79/1046 3858/23/1100 3865/30/1100 3792/78/1046
f 3790/80/1046 3851/16/1100 3858/23/1100 3791/79/1046
f 3789/81/1046 3844/4/1100 3851/16/1100 3790/80/1046
f 3788/52/1046 3837/1/1100 3844/4/1100 3789/81/1046
f 3886/82/1106 3887/83/1107 3894/84/1107 3893/85/1106
f 3887/83/1107 3888/86/1108 3895/87/1108 3894/84/1107
f 3888/86/1108 3889/88/1051 3896/89/1051 3895/87/1108
f 3889/88/1051 3890/90/1109 3897/91/1109 3896/89/1051
f 3890/90/1109 3891/92/1110 3898/93/1110 3897/91/1109
f 3891/92/1110 3892/94/1111 3899/95/1111 3898/93/1110
f 3893/85/1106 3894/84/1107 3901/96/1107 3900/97/1106
f 3894/84/1107 3895/87/1108 3902/98/1108 3901/96/1107
f 3895/87/1108 3896/89/1051 3903/99/1051 3902/98/1108
f 3896/89/1051 3897/91/1109 3904/100/1109 3903/99/1051
f 3897/91/1109 3898/93/1110 3905/101/1110 3904/100/1109
f 3898/93/1110 3899/95/1111 3906/102/1111 3905/101/1110
f 3900/97/1106 3901/96/1107 3908/103/1107 3907/104/1106
f 3901/96/1107 3902/98/1108 3909/105/1108 3908/103/1107
f 3902/98/1108 3903/99/1051 3910/106/1051 3909/105/1108
f 3903/99/1051 3904/100/1109 3911/107/1109 3910/106/1051
f 3904/100/1109 3905/101/1110 3912/108/1110 3911/107/1109
f 3905/101/1110 3906/102/1111 3913/109/1111 3912/108/1110
f 3907/104/1106 3908/103/1107 3915/110/1107 3914/111/1106
f 3908/103/1107 3909/105/1108 3916/112/1108 3915/110/1107
f 3909/105/1108 3910/106/1051 3917/113/1051 3916/112/1108
f 3910/106/1051 3911/107/1109 3918/114/1109 3917/113/1051
f 3911/107/1109 3912/108/1110 3919/115/1110 3918/114/1109
f 3912/108/1110 3913/109/1111 3920/116/1111 3919/115/1110
f 3914/111/1106 3915/110/1107 3922/117/1107 3921/118/1106
f 3915/110/1107 3916/112/1108 3923/119/1108 3922/117/1107
f 3916/112/1108 3917/113/1051 3924/120/1051 3923/119/1108
f 3917/113/1051 3918/114/1109 3925/121/1109 3924/120/1051
f 3918/114/1109 3919/115/1110 3926/122/1110 3925/121/1109
f 3919/115/1110 3920/116/1111 3927/123/1111 3926/122/1110
f 3921/118/1106 3922/117/1107 3929/124/1107 3928/125/1106
f 3922/117/1107 3923/119/1108 3930/126/1108 3929/124/1107
f 3923/119/1108 3924/120/1051 3931/127/1051 3930/126/1108
f 3924/120/1051 3925/121/1109 3932/128/1109 3931/127/1051
f 3925/121/1109 3926/122/1110 3933/129/1110 3932/128/1109
f 3926/122/1110 3927/123/1111 3934/130/1111 3933/129/1110
f 3745/131/1044 3753/132/1048 3886/82/1106 3836/133/1044
f 3753/132/1048 3754/134/1049 3887/83/1107 3886/82/1106
f 3754/134/1049 3755/135/1050 3888/86/1108 3887/83/1107
f 3755/135/1050 3756/136/1051 3889/88/1051 3888/86/1108
f 3756/136/1051 3757/137/1052 3890/90/1109 3889/88/1051
f 3757/137/1052 3758/138/1053 3891/92/1110 3890/90/1109
f 3758/138/1053 3759/139/1054 3892/94/1111 3891/92/1110
f 3759/139/1054 3746/140/1045 3816/141/1045 3892/94/1111
f 3892/94/1111 3816/141/1045 3817/142/1045 3899/95/1111
f 3899/95/1111 3817/142/1045 3818/143/1045 3906/102/1111
f 3906/102/1111 3818/143/1045 3819/144/1045 3913/109/1111
f 3913/109/1111 3819/144/1045 3820/145/1045 3920/116/1111
f 3920/116/1111 3820/145/1045 3821/146/1045 3927/123/1111
f 3927/123/1111 3821/146/1045 3822/147/1045 3934/130/1111
f 3934/130/1111 3822/147/1045 3748/148/1045 3760/149/1055
f 3933/129/1110 3934/130/1111 3760/149/1055 3761/150/1056
f 3932/128/1109 3933/129/1110 3761/150/1056 3762/151/1057
f 3931/127/1051 3932/128/1109 3762/151/1057 3763/152/1051
f 3930/126/1108 3931/127/1051 3763/152/1051 3764/153/1058
f 3929/124/1107 3930/126/1108 3764/153/1058 3765/154/1059
f 3928/125/1106 3929/124/1107 3765/154/1059 3766/155/1060
f 3830/156/1044 3928/125/1106 3766/155/1060 3747/157/1044
f 3831/158/1044 3921/118/1106 3928/125/1106 3830/156/1044
f 3832/159/1044 3914/111/1106 3921/118/1106 3831/158/1044
f 3833/160/1044 3907/104/1106 3914/111/1106 3832/159/1044
f 3834/161/1044 3900/97/1106 3907/104/1106 3833/160/1044
f 3835/162/1044 3893/85/1106 3900/97/1106 3834/161/1044
f 3836/133/1044 3886/82/1106 3893/85/1106 3835/162/1044
f 3935/163/1112 3936/164/1112 3943/165/1113 3942/166/1113
f 3936/164/1112 3937/167/1112 3944/168/1113 3943/165/1113
f 3937/167/1112 3938/169/1112 3945/170/1113 3944/168/1113
f 3938/169/1112 3939/171/1112 3946/172/1113 3945/170/1113
f 3939/171/1112 3940/173/1112 3947/174/1113 3946/172/1113
f 3940/173/1112 3941/175/1112 3948/176/1113 3947/174/1113
f 3942/166/1113 3943/165/1113 3950/177/1114 3949/178/1114
f 3943/165/1113 3944/168/1113 3951/179/1114 3950/177/1114
f 3944/168/1113 3945/170/1113 3952/180/1114 3951/179/1114
f 3945/170/1113 3946/172/1113 3953/181/1114 3952/180/1114
f 3946/172/1113 3947/174/1113 3954/182/1114 3953/181/1114
f 3947/174/1113 3948/176/1113 3955/183/1114 3954/182/1114
f 3949/178/1114 3950/177/1114 3957/184/1064 3956/185/1064
f 3950/177/1114 3951/179/1114 3958/186/1064 3957/184/1064
f 3951/179/1114 3952/180/1114 3959/187/1064 3958/186/1064
f 3952/180/1114 3953/181/1114 3960/188/1064 3959/187/1064
f 3953/181/1114 3954/182/1114 3961/189/1064 3960/188/1064
f 3954/182/1114 3955/183/1114 3962/190/1064 3961/189/1064
f 3956/185/1064 3957/184/1064 3964/191/1115 3963/192/1115
f 3957/184/1064 3958/186/1064 3965/193/1115 3964/191/1115
f 3958/186/1064 3959/187/1064 3966/194/1115 3965/193/1115
f 3959/187/1064 3960/188/1064 3967/195/1115 3966/194/1115
f 3960/188/1064 3961/189/1064 3968/196/1115 3967/195/1115
f 3961/189/1064 3962/190/1064 3969/197/1115 3968/196/1115
f 3963/192/1115 3964/191/1115 3971/198/1116 3970/199/1116
f 3964/191/1115 3965/193/1115 3972/200/1116 3971/198/1116
f 3965/193/1115 3966/194/1115 3973/201/1116 3972/200/1116
f 3966/194/1115 3967/195/1115 3974/202/1116 3973/201/1116
f 3967/195/1115 3968/196/1115 3975/203/1116 3974/202/1116
f 3968/196/1115 3969/197/1115 3976/204/1116 3975/203/1116
f 3970/199/1116 3971/198/1116 3978/205/1117 3977/206/1117
f 3971/198/1116 3972/200/1116 3979/207/1117 3978/205/1117
f 3972/200/1116 3973/201/1116 3980/208/1117 3979/207/1117
f 3973/201/1116 3974/202/1116 3981/209/1117 3980/208/1117
f 3974/202/1116 3975/203/1116 3982/210/1117 3981/209/1117
f 3975/203/1116 3976/204/1116 3983/211/1117 3982/210/1117
f 3751/50/1046 3788/212/1046 3935/163/1112 3767/213/1061
f 3788/212/1046 3789/214/1046 3936/164/1112 3935/163/1112
f 3789/214/1046 3790/215/1046 3937/167/1112 3936/164/1112
f 3790/215/1046 3791/79/1046 3938/169/1112 3937/167/1112
f 3791/79/1046 3792/216/1046 3939/171/1112 3938/169/1112
f 3792/216/1046 3793/217/1046 3940/173/1112 3939/171/1112
f 3793/217/1046 3794/75/1046 3941/175/1112 3940/173/1112
f 3794/75/1046 3749/76/1046 3808/218/1093 3941/175/1112
f 3941/175/1112 3808/218/1093 3807/219/1092 3948/176/1113
f 3948/176/1113 3807/219/1092 3806/220/1091 3955/183/1114
f 3955/183/1114 3806/220/1091 3805/221/1064 3962/190/1064
f 3962/190/1064 3805/221/1064 3804/222/1090 3969/197/1115
f 3969/197/1115 3804/222/1090 3803/223/1089 3976/204/1116
f 3976/204/1116 3803/223/1089 3802/224/1088 3983/211/1117
f 3983/211/1117 3802/224/1088 3745/131/1044 3836/225/1044
f 3982/210/1117 3983/211/1117 3836/225/1044 3835/226/1044
f 3981/209/1117 3982/210/1117 3835/226/1044 3834/227/1044
f 3980/208/1117 3981/209/1117 3834/227/1044 3833/160/1044
f 3979/207/1117 3980/208/1117 3833/160/1044 3832/228/1044
f 3978/205/1117 3979/207/1117 3832/228/1044 3831/229/1044
f 3977/206/1117 3978/205/1117 3831/229/1044 3830/230/1044
f 3773/231/1067 3977/206/1117 3830/230/1044 3747/157/1044
f 3772/232/1066 3970/199/1116 3977/206/1117 3773/231/1067
f 3771/233/1065 3963/192/1115 3970/199/1116 3772/232/1066
f 3770/234/1064 3956/185/1064 3963/192/1115 3771/233/1065
f 3769/235/1063 3949/178/1114 3956/185/1064 3770/234/1064
f 3768/236/1062 3942/166/1113 3949/178/1114 3769/235/1063
f 3767/213/1061 3935/163/1112 3942/166/1113 3768/236/1062
f 3984/237/1118 3985/238/1118 3992/239/1119 3991/240/1119
f 3985/238/1118 3986/241/1118 3993/242/1119 3992/239/1119
f 3986/241/1118 3987/243/1118 3994/244/1119 3993/242/1119
f 3987/243/1118 3988/245/1118 3995/246/1119 3994/244/1119
f 3988/245/1118 3989/247/1118 3996/248/1119 3995/246/1119
f 3989/247/1118 3990/249/1118 3997/250/1119 3996/248/1119
f 3991/240/1119 3992/239/1119 3999/251/1120 3998/252/1120
f 3992/239/1119 3993/242/1119 4000/253/1120 3999/251/1120
f 3993/242/1119 3994/244/1119 4001/254/1120 4000/253/1120
f 3994/244/1119 3995/246/1119 4002/255/1120 4001/254/1120
f 3995/246/1119 3996/248/1119 4003/256/1120 4002/255/1120
f 3996/248/1119 3997/250/1119 4004/257/1120 4003/256/1120
f 3998/252/1120 3999/251/1120 4006/258/1071 4005/259/1071
f 3999/251/1120 4000/253/1120 4007/260/1071 4006/258/1071
f 4000/253/1120 4001/254/1120 4008/261/1071 4007/260/1071
f 4001/254/1120 4002/255/1120 4009/262/1071 4008/261/1071
f 4002/255/1120 4003/256/1120 4010/263/1071 4009/262/1071
f 4003/256/1120 4004/257/1120 4011/264/1071 4010/263/1071
f 4005/259/1071 4006/258/1071 4013/265/1121 4012/266/1121
f 4006/258/1071 4007/260/1071 4014/267/1121 4013/265/1121
f 4007/260/1071 4008/261/1071 4015/268/1121 4014/267/1121
f 4008/261/1071 4009/262/1071 4016/269/1121 4015/268/1121
f 4009/262/1071 4010/263/1071 4017/270/1121 4016/269/1121
f 4010/263/1071 4011/264/1071 4018/271/1121 4017/270/1121
f 4012/266/1121 4013/265/1121 4020/272/1122 4019/273/1122
f 4013/265/1121 4014/267/1121 4021/274/1122 4020/272/1122
f 4014/267/1121 4015/268/1121 4022/275/1122 4021/274/1122
f 4015/268/1121 4016/269/1121 4023/276/1122 4022/275/1122
f 4016/269/1121 4017/270/1121 4024/277/1122 4023/276/1122
f 4017/270/1121 4018/271/1121 4025/278/1122 4024/277/1122
f 4019/273/1122 4020/272/1122 4027/279/1123 4026/280/1123
f 4020/272/1122 4021/274/1122 4028/281/1123 4027/279/1123
f 4021/274/1122 4022/275/1122 4029/282/1123 4028/281/1123
f 4022/275/1122 4023/276/1122 4030/283/1123 4029/282/1123
f 4023/276/1122 4024/277/1122 4031/284/1123 4030/283/1123
f 4024/277/1122 4025/278/1122 4032/285/1123 4031/284/1123
f 3748/286/1045 3822/287/1045 3984/237/1118 3774/288/1068
f 3822/287/1045 3821/289/1045 3985/238/1118 3984/237/1118
f 3821/289/1045 3820/290/1045 3986/241/1118 3985/238/1118
f 3820/290/1045 3819/291/1045 3987/243/1118 3986/241/1118
f 3819/291/1045 3818/292/1045 3988/245/1118 3987/243/1118
f 3818/292/1045 3817/293/1045 3989/247/1118 3988/245/1118
f 3817/293/1045 3816/294/1045 3990/249/1118 3989/247/1118
f 3816/294/1045 3746/295/1045 3815/296/1099 3990/249/1118
f 3990/249/1118 3815/296/1099 3814/297/1098 3997/250/1119
f 3997/250/1119 3814/297/1098 3813/298/1097 4004/257/1120
f 4004/257/1120 3813/298/1097 3812/299/1071 4011/264/1071
f 4011/264/1071 3812/299/1071 3811/300/1096 4018/271/1121
f 4018/271/1121 3811/300/1096 3810/301/1095 4025/278/1122
f 4025/278/1122 3810/301/1095 3809/302/1094 4032/285/1123
f 4032/285/1123 3809/302/1094 3750/67/1047 3829/66/1047
f 4031/284/1123 4032/285/1123 3829/66/1047 3828/65/1047
f 4030/283/1123 4031/284/1123 3828/65/1047 3827/303/1047
f 4029/282/1123 4030/283/1123 3827/303/1047 3826/304/1047
f 4028/281/1123 4029/282/1123 3826/304/1047 3825/305/1047
f 4027/279/1123 4028/281/1123 3825/305/1047 3824/306/1047
f 4026/280/1123 4027/279/1123 3824/306/1047 3823/307/1047
f 3780/308/1074 4026/280/1123 3823/307/1047 3752/59/1047
f 3779/309/1073 4019/273/1122 4026/280/1123 3780/308/1074
f 3778/310/1072 4012/266/1121 4019/273/1122 3779/309/1073
f 3777/311/1071 4005/259/1071 4012/266/1121 3778/310/1072
f 3776/312/1070 3998/252/1120 4005/259/1071 3777/311/1071
f 3775/313/1069 3991/240/1119 3998/252/1120 3776/312/1070
f 3774/288/1068 3984/237/1118 3991/240/1119 3775/313/1069
f 4125/1/1180 4126/2/1181 4133/3/1181 4132/4/1180
f 4126/2/1181 4127/5/1182 4134/6/1182 4133/3/1181
f 4127/5/1182 4128/7/1158 4135/8/1158 4134/6/1182
f 4128/7/1158 4129/9/1183 4136/10/1183 4135/8/1158
f 4129/9/1183 4130/11/1184 4137/12/1184 4136/10/1183
f 4130/11/1184 4131/13/1185 4138/14/1185 4137/12/1184
f 4132/4/1180 4133/3/1181 4140/15/1181 4139/16/1180
f 4133/3/1181 4134/6/1182 4141/17/1182 4140/15/1181
f 4134/6/1182 4135/8/1158 4142/18/1158 4141/17/1182
f 4135/8/1158 4136/10/1183 4143/19/1183 4142/18/1158
f 4136/10/1183 4137/12/1184 4144/20/1184 4143/19/1183
f 4137/12/1184 4138/14/1185 4145/21/1185 4144/20/1184
f 4139/16/1180 4140/15/1181 4147/22/1181 4146/23/1180
f 4140/15/1181 4141/17/1182 4148/24/1182 4147/22/1181
f 4141/17/1182 4142/18/1158 4149/25/1158 4148/24/1182
f 4142/18/1158 4143/19/1183 4150/26/1183 4149/25/1158
f 4143/19/1183 4144/20/1184 4151/27/1184 4150/26/1183
f 4144/20/1184 4145/21/1185 4152/28/1185 4151/27/1184
f 4146/23/1180 4147/22/1181 4154/29/1181 4153/30/1180
f 4147/22/1181 4148/24/1182 4155/31/1182 4154/29/1181
f 4148/24/1182 4149/25/1158 4156/32/1158 4155/31/1182
f 4149/25/1158 4150/26/1183 4157/33/1183 4156/32/1158
f 4150/26/1183 4151/27/1184 4158/34/1184 4157/33/1183
f 4151/27/1184 4152/28/1185 4159/35/1185 4158/34/1184
f 4153/30/1180 4154/29/1181 4161/36/1181 4160/37/1180
f 4154/29/1181 4155/31/1182 4162/38/1182 4161/36/1181
f 4155/31/1182 4156/32/1158 4163/39/1158 4162/38/1182
f 4156/32/1158 4157/33/1183 4164/40/1183 4163/39/1158
f 4157/33/1183 4158/34/1184 4165/41/1184 4164/40/1183
f 4158/34/1184 4159/35/1185 4166/42/1185 4165/41/1184
f 4160/37/1180 4161/36/1181 4168/43/1181 4167/44/1180
f 4161/36/1181 4162/38/1182 4169/45/1182 4168/43/1181
f 4162/38/1182 4163/39/1158 4170/46/1158 4169/45/1182
f 4163/39/1158 4164/40/1183 4171/47/1183 4170/46/1158
f 4164/40/1183 4165/41/1184 4172/48/1184 4171/47/1183
f 4165/41/1184 4166/42/1185 4173/49/1185 4172/48/1184
f 4039/50/1126 4075/51/1161 4125/1/1180 4076/52/1126
f 4075/51/1161 4074/53/1160 4126/2/1181 4125/1/1180
f 4074/53/1160 4073/54/1159 4127/5/1182 4126/2/1181
f 4073/54/1159 4072/55/1158 4128/7/1158 4127/5/1182
f 4072/55/1158 4071/56/1157 4129/9/1183 4128/7/1158
f 4071/56/1157 4070/57/1156 4130/11/1184 4129/9/1183
f 4070/57/1156 4069/58/1155 4131/13/1185 4130/11/1184
f 4069/58/1155 4040/59/1127 4111/60/1127 4131/13/1185
f 4131/13/1185 4111/60/1127 4112/61/1127 4138/14/1185
f 4138/14/1185 4112/61/1127 4113/62/1127 4145/21/1185
f 4145/21/1185 4113/62/1127 4114/63/1127 4152/28/1185
f 4152/28/1185 4114/63/1127 4115/64/1127 4159/35/1185
f 4159/35/1185 4115/64/1127 4116/65/1127 4166/42/1185
f 4166/42/1185 4116/65/1127 4117/66/1127 4173/49/1185
f 4173/49/1185 4117/66/1127 4038/67/1127 4083/68/1162
f 4172/48/1184 4173/49/1185 4083/68/1162 4084/69/1163
f 4171/47/1183 4172/48/1184 4084/69/1163 4085/70/1164
f 4170/46/1158 4171/47/1183 4085/70/1164 4086/71/1158
f 4169/45/1182 4170/46/1158 4086/71/1158 4087/72/1165
f 4168/43/1181 4169/45/1182 4087/72/1165 4088/73/1166
f 4167/44/1180 4168/43/1181 4088/73/1166 4089/74/1167
f 4082/75/1126 4167/44/1180 4089/74/1167 4037/76/1126
f 4081/77/1126 4160/37/1180 4167/44/1180 4082/75/1126
f 4080/78/1126 4153/30/1180 4160/37/1180 4081/77/1126
f 4079/79/1126 4146/23/1180 4153/30/1180 4080/78/1126
f 4078/80/1126 4139/16/1180 4146/23/1180 4079/79/1126
f 4077/81/1126 4132/4/1180 4139/16/1180 4078/80/1126
f 4076/52/1126 4125/1/1180 4132/4/1180 4077/81/1126
f 4174/82/1186 4175/83/1187 4182/84/1187 4181/85/1186
f 4175/83/1187 4176/86/1188 4183/87/1188 4182/84/1187
f 4176/86/1188 4177/88/1131 4184/89/1131 4183/87/1188
f 4177/88/1131 4178/90/1189 4185/91/1189 4184/89/1131
f 4178/90/1189 4179/92/1190 4186/93/1190 4185/91/1189
f 4179/92/1190 4180/94/1191 4187/95/1191 4186/93/1190
f 4181/85/1186 4182/84/1187 4189/96/1187 4188/97/1186
f 4182/84/1187 4183/87/1188 4190/98/1188 4189/96/1187
f 4183/87/1188 4184/89/1131 4191/99/1131 4190/98/1188
f 4184/89/1131 4185/91/1189 4192/100/1189 4191/99/1131
f 4185/91/1189 4186/93/1190 4193/101/1190 4192/100/1189
f 4186/93/1190 4187/95/1191 4194/102/1191 4193/101/1190
f 4188/97/1186 4189/96/1187 4196/103/1187 4195/104/1186
f 4189/96/1187 4190/98/1188 4197/105/1188 4196/103/1187
f 4190/98/1188 4191/99/1131 4198/106/1131 4197/105/1188
f 4191/99/1131 4192/100/1189 4199/107/1189 4198/106/1131
f 4192/100/1189 4193/101/1190 4200/108/1190 4199/107/1189
f 4193/101/1190 4194/102/1191 4201/109/1191 4200/108/1190
f 4195/104/1186 4196/103/1187 4203/110/1187 4202/111/1186
f 4196/103/1187 4197/105/1188 4204/112/1188 4203/110/1187
f 4197/105/1188 4198/106/1131 4205/113/1131 4204/112/1188
f 4198/106/1131 4199/107/1189 4206/114/1189 4205/113/1131
f 4199/107/1189 4200/108/1190 4207/115/1190 4206/114/1189
f 4200/108/1190 4201/109/1191 4208/116/1191 4207/115/1190
f 4202/111/1186 4203/110/1187 4210/117/1187 4209/118/1186
f 4203/110/1187 4204/112/1188 4211/119/1188 4210/117/1187
f 4204/112/1188 4205/113/1131 4212/120/1131 4211/119/1188
f 4205/113/1131 4206/114/1189 4213/121/1189 4212/120/1131
f 4206/114/1189 4207/115/1190 4214/122/1190 4213/121/1189
f 4207/115/1190 4208/116/1191 4215/123/1191 4214/122/1190
f 4209/118/1186 4210/117/1187 4217/124/1187 4216/125/1186
f 4210/117/1187 4211/119/1188 4218/126/1188 4217/124/1187
f 4211/119/1188 4212/120/1131 4219/127/1131 4218/126/1188
f 4212/120/1131 4213/121/1189 4220/128/1189 4219/127/1131
f 4213/121/1189 4214/122/1190 4221/129/1190 4220/128/1189
f 4214/122/1190 4215/123/1191 4222/130/1191 4221/129/1190
f 4033/131/1124 4041/132/1128 4174/82/1186 4124/133/1124
f 4041/132/1128 4042/134/1129 4175/83/1187 4174/82/1186
f 4042/134/1129 4043/135/1130 4176/86/1188 4175/83/1187
f 4043/135/1130 4044/136/1131 4177/88/1131 4176/86/1188
f 4044/136/1131 4045/137/1132 4178/90/1189 4177/88/1131
f 4045/137/1132 4046/138/1133 4179/92/1190 4178/90/1189
f 4046/138/1133 4047/139/1134 4180/94/1191 4179/92/1190
f 4047/139/1134 4034/140/1125 4104/141/1125 4180/94/1191
f 4180/94/1191 4104/141/1125 4105/142/1125 4187/95/1191
f 4187/95/1191 4105/142/1125 4106/143/1125 4194/102/1191
f 4194/102/1191 4106/143/1125 4107/144/1125 4201/109/1191
f 4201/109/1191 4107/144/1125 4108/145/1125 4208/116/1191
f 4208/116/1191 4108/145/1125 4109/146/1125 4215/123/1191
f 4215/123/1191 4109/146/1125 4110/147/1125 4222/130/1191
f 4222/130/1191 4110/147/1125 4036/148/1125 4048/149/1135
f 4221/129/1190 4222/130/1191 4048/149/1135 4049/150/1136
f 4220/128/1189 4221/129/1190 4049/150/1136 4050/151/1137
f 4219/127/1131 4220/128/1189 4050/151/1137 4051/152/1131
f 4218/126/1188 4219/127/1131 4051/152/1131 4052/153/1138
f 4217/124/1187 4218/126/1188 4052/153/1138 4053/154/1139
f 4216/125/1186 4217/124/1187 4053/154/1139 4054/155/1140
f 4118/156/1124 4216/125/1186 4054/155/1140 4035/157/1124
f 4119/158/1124 4209/118/1186 4216/125/1186 4118/156/1124
f 4120/159/1124 4202/111/1186 4209/118/1186 4119/158/1124
f 4121/160/1124 4195/104/1186 4202/111/1186 4120/159/1124
f 4122/161/1124 4188/97/1186 4195/104/1186 4121/160/1124
f 4123/162/1124 4181/85/1186 4188/97/1186 4122/161/1124
f 4124/133/1124 4174/82/1186 4181/85/1186 4123/162/1124
f 4223/163/1192 4224/164/1192 4231/165/1193 4230/166/1193
f 4224/164/1192 4225/167/1192 4232/168/1193 4231/165/1193
f 4225/167/1192 4226/169/1192 4233/170/1193 4232/168/1193
f 4226/169/1192 4227/171/1192 4234/172/1193 4233/170/1193
f 4227/171/1192 4228/173/1192 4235/174/1193 4234/172/1193
f 4228/173/1192 4229/175/1192 4236/176/1193 4235/174/1193
f 4230/166/1193 4231/165/1193 4238/177/1194 4237/178/1194
f 4231/165/1193 4232/168/1193 4239/179/1194 4238/177/1194
f 4232/168/1193 4233/170/1193 4240/180/1194 4239/179/1194
f 4233/170/1193 4234/172/1193 4241/181/1194 4240/180/1194
f 4234/172/1193 4235/174/1193 4242/182/1194 4241/181/1194
f 4235/174/1193 4236/176/1193 4243/183/1194 4242/182/1194
f 4237/178/1194 4238/177/1194 4245/184/1144 4244/185/1144
f 4238/177/1194 4239/179/1194 4246/186/1144 4245/184/1144
f 4239/179/1194 4240/180/1194 4247/187/1144 4246/186/1144
f 4240/180/1194 4241/181/1194 4248/188/1144 4247/187/1144
f 4241/181/1194 4242/182/1194 4249/189/1144 4248/188/1144
f 4242/182/1194 4243/183/1194 4250/190/1144 4249/189/1144
f 4244/185/1144 4245/184/1144 4252/191/1195 4251/192/1195
f 4245/184/1144 4246/186/1144 4253/193/1195 4252/191/1195
f 4246/186/1144 4247/187/1144 4254/194/1195 4253/193/1195
f 4247/187/1144 4248/188/1144 4255/195/1195 4254/194/1195
f 4248/188/1144 4249/189/1144 4256/196/1195 4255/195/1195
f 4249/189/1144 4250/190/1144 4257/197/1195 4256/196/1195
f 4251/192/1195 4252/191/1195 4259/198/1196 4258/199/1196
f 4252/191/1195 4253/193/1195 4260/200/1196 4259/198/1196
f 4253/193/1195 4254/194/1195 4261/201/1196 4260/200/1196
f 4254/194/1195 4255/195/1195 4262/202/1196 4261/201/1196
f 4255/195/1195 4256/196/1195 4263/203/1196 4262/202/1196
f 4256/196/1195 4257/197/1195 4264/204/1196 4263/203/1196
f 4258/199/1196 4259/198/1196 4266/205/1197 4265/206/1197
f 4259/198/1196 4260/200/1196 4267/207/1197 4266/205/1197
f 4260/200/1196 4261/201/1196 4268/208/1197 4267/207/1197
f 4261/201/1196 4262/202/1196 4269/209/1197 4268/208/1197
f 4262/202/1196 4263/203/1196 4270/210/1197 4269/209/1197
f 4263/203/1196 4264/204/1196 4271/211/1197 4270/210/1197
f 4039/50/1126 4076/212/1126 4223/163/1192 4055/213/1141
f 4076/212/1126 4077/214/1126 4224/164/1192 4223/163/1192
f 4077/214/1126 4078/215/1126 4225/167/1192 4224/164/1192
f 4078/215/1126 4079/79/1126 4226/169/1192 4225/167/1192
f 4079/79/1126 4080/216/1126 4227/171/1192 4226/169/1192
f 4080/216/1126 4081/217/1126 4228/173/1192 4227/171/1192
f 4081/217/1126 4082/75/1126 4229/175/1192 4228/173/1192
f 4082/75/1126 4037/76/1126 4096/218/1173 4229/175/1192
f 4229/175/1192 4096/218/1173 4095/219/1172 4236/176/1193
f 4236/176/1193 4095/219/1172 4094/220/1171 4243/183/1194
f 4243/183/1194 4094/220/1171 4093/221/1144 4250/190/1144
f 4250/190/1144 4093/221/1144 4092/222/1170 4257/197/1195
f 4257/197/1195 4092/222/1170 4091/223/1169 4264/204/1196
f 4264/204/1196 4091/223/1169 4090/224/1168 4271/211/1197
f 4271/211/1197 4090/224/1168 4033/131/1124 4124/225/1124
f 4270/210/1197 4271/211/1197 4124/225/1124 4123/226/1124
f 4269/209/1197 4270/210/1197 4123/226/1124 4122/227/1124
f 4268/208/1197 4269/209/1197 4122/227/1124 4121/160/1124
f 4267/207/1197 4268/208/1197 4121/160/1124 4120/228/1124
f 4266/205/1197 4267/207/1197 4120/228/1124 4119/229/1124
f 4265/206/1197 4266/205/1197 4119/229/1124 4118/230/1124
f 4061/231/1147 4265/206/1197 4118/230/1124 4035/157/1124
f 4060/232/1146 4258/199/1196 4265/206/1197 4061/231/1147
f 4059/233/1145 4251/192/1195 4258/199/1196 4060/232/1146
f 4058/234/1144 4244/185/1144 4251/192/1195 4059/233/1145
f 4057/235/1143 4237/178/1194 4244/185/1144 4058/234/1144
f 4056/236/1142 4230/166/1193 4237/178/1194 4057/235/1143
f 4055/213/1141 4223/163/1192 4230/166/1193 4056/236/1142
f 4272/237/1198 4273/238/1198 4280/239/1199 4279/240/1199
f 4273/238/1198 4274/241/1198 4281/242/1199 4280/239/1199
f 4274/241/1198 4275/243/1198 4282/244/1199 4281/242/1199
f 4275/243/1198 4276/245/1198 4283/246/1199 4282/244/1199
f 4276/245/1198 4277/247/1198 4284/248/1199 4283/246/1199
f 4277/247/1198 4278/249/1198 4285/250/1199 4284/248/1199
f 4279/240/1199 4280/239/1199 4287/251/1200 4286/252/1200
f 4280/239/1199 4281/242/1199 4288/253/1200 4287/251/1200
f 4281/242/1199 4282/244/1199 4289/254/1200 4288/253/1200
f 4282/244/1199 4283/246/1199 4290/255/1200 4289/254/1200
f 4283/246/1199 4284/248/1199 4291/256/1200 4290/255/1200
f 4284/248/1199 4285/250/1199 4292/257/1200 4291/256/1200
f 4286/252/1200 4287/251/1200 4294/258/1151 4293/259/1151
f 4287/251/1200 4288/253/1200 4295/260/1151 4294/258/1151
f 4288/253/1200 4289/254/1200 4296/261/1151 4295/260/1151
f 4289/254/1200 4290/255/1200 4297/262/1151 4296/261/1151
f 4290/255/1200 4291/256/1200 4298/263/1151 4297/262/1151
f 4291/256/1200 4292/257/1200 4299/264/1151 4298/263/1151
f 4293/259/1151 4294/258/1151 4301/265/1201 4300/266/1201
f 4294/258/1151 4295/260/1151 4302/267/1201 4301/265/1201
f 4295/260/1151 4296/261/1151 4303/268/1201 4302/267/1201
f 4296/261/1151 4297/262/1151 4304/269/1201 4303/268/1201
f 4297/262/1151 4298/263/1151 4305/270/1201 4304/269/1201
f 4298/263/1151 4299/264/1151 4306/271/1201 4305/270/1201
f 4300/266/1201 4301/265/1201 4308/272/1202 4307/273/1202
f 4301/265/1201 4302/267/1201 4309/274/1202 4308/272/1202
f 4302/267/1201 4303/268/1201 4310/275/1202 4309/274/1202
f 4303/268/1201 4304/269/1201 4311/276/1202 4310/275/1202
f 4304/269/1201 4305/270/1201 4312/277/1202 4311/276/1202
f 4305/270/1201 4306/271/1201 4313/278/1202 4312/277/1202
f 4307/273/1202 4308/272/1202 4315/279/1203 4314/280/1203
f 4308/272/1202 4309/274/1202 4316/281/1203 4315/279/1203
f 4309/274/1202 4310/275/1202 4317/282/1203 4316/281/1203
f 4310/275/1202 4311/276/1202 4318/283/1203 4317/282/1203
f 4311/276/1202 4312/277/1202 4319/284/1203 4318/283/1203
f 4312/277/1202 4313/278/1202 4320/285/1203 4319/284/1203
f 4036/286/1125 4110/287/1125 4272/237/1198 4062/288/1148
f 4110/287/1125 4109/289/1125 4273/238/1198 4272/237/1198
f 4109/289/1125 4108/290/1125 4274/241/1198 4273/238/1198
f 4108/290/1125 4107/291/1125 4275/243/1198 4274/241/1198
f 4107/291/1125 4106/292/1125 4276/245/1198 4275/243/1198
f 4106/292/1125 4105/293/1125 4277/247/1198 4276/245/1198
f 4105/293/1125 4104/294/1125 4278/249/1198 4277/247/1198
f 4104/294/1125 4034/295/1125 4103/296/1179 4278/249/1198
f 4278/249/1198 4103/296/1179 4102/297/1178 4285/250/1199
f 4285/250/1199 4102/297/1178 4101/298/1177 4292/257/1200
f 4292/257/1200 4101/298/1177 4100/299/1151 4299/264/1151
f 4299/264/1151 4100/299/1151 4099/300/1176 4306/271/1201
f 4306/271/1201 4099/300/1176 4098/301/1175 4313/278/1202
f 4313/278/1202 4098/301/1175 4097/302/1174 4320/285/1203
f 4320/285/1203 4097/302/1174 4038/67/1127 4117/66/1127
f 4319/284/1203 4320/285/1203 4117/66/1127 4116/65/1127
f 4318/283/1203 4319/284/1203 4116/65/1127 4115/303/1127
f 4317/282/1203 4318/283/1203 4115/303/1127 4114/304/1127
f 4316/281/1203 4317/282/1203 4114/304/1127 4113/305/1127
f 4315/279/1203 4316/281/1203 4113/305/1127 4112/306/1127
f 4314/280/1203 4315/279/1203 4112/306/1127 4111/307/1127
f 4068/308/1154 4314/280/1203 4111/307/1127 4040/59/1127
f 4067/309/1153 4307/273/1202 4314/280/1203 4068/308/1154
f 4066/310/1152 4300/266/1201 4307/273/1202 4067/309/1153
f 4065/311/1151 4293/259/1151 4300/266/1201 4066/310/1152
f 4064/312/1150 4286/252/1200 4293/259/1151 4065/311/1151
f 4063/313/1149 4279/240/1199 4286/252/1200 4064/312/1150
f 4062/288/1148 4272/237/1198 4279/240/1199 4063/313/1149
f 4413/1/1260 4414/2/1261 4421/3/1261 4420/4/1260
f 4414/2/1261 4415/5/1262 4422/6/1262 4421/3/1261
f 4415/5/1262 4416/7/1238 4423/8/1238 4422/6/1262
f 4416/7/1238 4417/9/1263 4424/10/1263 4423/8/1238
f 4417/9/1263 4418/11/1264 4425/12/1264 4424/10/1263
f 4418/11/1264 4419/13/1265 4426/14/1265 4425/12/1264
f 4420/4/1260 4421/3/1261 4428/15/1261 4427/16/1260
f 4421/3/1261 4422/6/1262 4429/17/1262 4428/15/1261
f 4422/6/1262 4423/8/1238 4430/18/1238 4429/17/1262
f 4423/8/1238 4424/10/1263 4431/19/1263 4430/18/1238
f 4424/10/1263 4425/12/1264 4432/20/1264 4431/19/1263
f 4425/12/1264 4426/14/1265 4433/21/1265 4432/20/1264
f 4427/16/1260 4428/15/1261 4435/22/1261 4434/23/1260
f 4428/15/1261 4429/17/1262 4436/24/1262 4435/22/1261
f 4429/17/1262 4430/18/1238 4437/25/1238 4436/24/1262
f 4430/18/1238 4431/19/1263 4438/26/1263 4437/25/1238
f 4431/19/1263 4432/20/1264 4439/27/1264 4438/26/1263
f 4432/20/1264 4433/21/1265 4440/28/1265 4439/27/1264
f 4434/23/1260 4435/22/1261 4442/29/1261 4441/30/1260
f 4435/22/1261 4436/24/1262 4443/31/1262 4442/29/1261
f 4436/24/1262 4437/25/1238 4444/32/1238 4443/31/1262
f 4437/25/1238 4438/26/1263 4445/33/1263 4444/32/1238
f 4438/26/1263 4439/27/1264 4446/34/1264 4445/33/1263
f 4439/27/1264 4440/28/1265 4447/35/1265 4446/34/1264
f 4441/30/1260 4442/29/1261 4449/36/1261 4448/37/1260
f 4442/29/1261 4443/31/1262 4450/38/1262 4449/36/1261
f 4443/31/1262 4444/32/1238 4451/39/1238 4450/38/1262
f 4444/32/1238 4445/33/1263 4452/40/1263 4451/39/1238
f 4445/33/1263 4446/34/1264 4453/41/1264 4452/40/1263
f 4446/34/1264 4447/35/1265 4454/42/1265 4453/41/1264
f 4448/37/1260 4449/36/1261 4456/43/1261 4455/44/1260
f 4449/36/1261 4450/38/1262 4457/45/1262 4456/43/1261
f 4450/38/1262 4451/39/1238 4458/46/1238 4457/45/1262
f 4451/39/1238 4452/40/1263 4459/47/1263 4458/46/1238
f 4452/40/1263 4453/41/1264 4460/48/1264 4459/47/1263
f 4453/41/1264 4454/42/1265 4461/49/1265 4460/48/1264
f 4327/50/1206 4363/51/1241 4413/1/1260 4364/52/1206
f 4363/51/1241 4362/53/1240 4414/2/1261 4413/1/1260
f 4362/53/1240 4361/54/1239 4415/5/1262 4414/2/1261
f 4361/54/1239 4360/55/1238 4416/7/1238 4415/5/1262
f 4360/55/1238 4359/56/1237 4417/9/1263 4416/7/1238
f 4359/56/1237 4358/57/1236 4418/11/1264 4417/9/1263
f 4358/57/1236 4357/58/1235 4419/13/1265 4418/11/1264
f 4357/58/1235 4328/59/1207 4399/60/1207 4419/13/1265
f 4419/13/1265 4399/60/1207 4400/61/1207 4426/14/1265
f 4426/14/1265 4400/61/1207 4401/62/1207 4433/21/1265
f 4433/21/1265 4401/62/1207 4402/63/1207 4440/28/1265
f 4440/28/1265 4402/63/1207 4403/64/1207 4447/35/1265
f 4447/35/1265 4403/64/1207 4404/65/1207 4454/42/1265
f 4454/42/1265 4404/65/1207 4405/66/1207 4461/49/1265
f 4461/49/1265 4405/66/1207 4326/67/1207 4371/68/1242
f 4460/48/1264 4461/49/1265 4371/68/1242 4372/69/1243
f 4459/47/1263 4460/48/1264 4372/69/1243 4373/70/1244
f 4458/46/1238 4459/47/1263 4373/70/1244 4374/71/1238
f 4457/45/1262 4458/46/1238 4374/71/1238 4375/72/1245
f 4456/43/1261 4457/45/1262 4375/72/1245 4376/73/1246
f 4455/44/1260 4456/43/1261 4376/73/1246 4377/74/1247
f 4370/75/1206 4455/44/1260 4377/74/1247 4325/76/1206
f 4369/77/1206 4448/37/1260 4455/44/1260 4370/75/1206
f 4368/78/1206 4441/30/1260 4448/37/1260 4369/77/1206
f 4367/79/1206 4434/23/1260 4441/30/1260 4368/78/1206
f 4366/80/1206 4427/16/1260 4434/23/1260 4367/79/1206
f 4365/81/1206 4420/4/1260 4427/16/1260 4366/80/1206
f 4364/52/1206 4413/1/1260 4420/4/1260 4365/81/1206
f 4462/82/1266 4463/83/1267 4470/84/1267 4469/85/1266
f 4463/83/1267 4464/86/1268 4471/87/1268 4470/84/1267
f 4464/86/1268 4465/88/1211 4472/89/1211 4471/87/1268
f 4465/88/1211 4466/90/1269 4473/91/1269 4472/89/1211
f 4466/90/1269 4467/92/1270 4474/93/1270 4473/91/1269
f 4467/92/1270 4468/94/1271 4475/95/1271 4474/93/1270
f 4469/85/1266 4470/84/1267 4477/96/1267 4476/97/1266
f 4470/84/1267 4471/87/1268 4478/98/1268 4477/96/1267
f 4471/87/1268 4472/89/1211 4479/99/1211 4478/98/1268
f 4472/89/1211 4473/91/1269 4480/100/1269 4479/99/1211
f 4473/91/1269 4474/93/1270 4481/101/1270 4480/100/1269
f 4474/93/1270 4475/95/1271 4482/102/1271 4481/101/1270
f 4476/97/1266 4477/96/1267 4484/103/1267 4483/104/1266
f 4477/96/1267 4478/98/1268 4485/105/1268 4484/103/1267
f 4478/98/1268 4479/99/1211 4486/106/1211 4485/105/1268
f 4479/99/1211 4480/100/1269 4487/107/1269 4486/106/1211
f 4480/100/1269 4481/101/1270 4488/108/1270 4487/107/1269
f 4481/101/1270 4482/102/1271 4489/109/1271 4488/108/1270
f 4483/104/1266 4484/103/1267 4491/110/1267 4490/111/1266
f 4484/103/1267 4485/105/1268 4492/112/1268 4491/110/1267
f 4485/105/1268 4486/106/1211 4493/113/1211 4492/112/1268
f 4486/106/1211 4487/107/1269 4494/114/1269 4493/113/1211
f 4487/107/1269 4488/108/1270 4495/115/1270 4494/114/1269
f 4488/108/1270 4489/109/1271 4496/116/1271 4495/115/1270
f 4490/111/1266 4491/110/1267 4498/117/1267 4497/118/1266
f 4491/110/1267 4492/112/1268 4499/119/1268 4498/117/1267
f 4492/112/1268 4493/113/1211 4500/120/1211 4499/119/1268
f 4493/113/1211 4494/114/1269 4501/121/1269 4500/120/1211
f 4494/114/1269 4495/115/1270 4502/122/1270 4501/121/1269
f 4495/115/1270 4496/116/1271 4503/123/1271 4502/122/1270
f 4497/118/1266 4498/117/1267 4505/124/1267 4504/125/1266
f 4498/117/1267 4499/119/1268 4506/126/1268 4505/124/1267
f 4499/119/1268 4500/120/1211 4507/127/1211 4506/126/1268
f 4500/120/1211 4501/121/1269 4508/128/1269 4507/127/1211
f 4501/121/1269 4502/122/1270 4509/129/1270 4508/128/1269
f 4502/122/1270 4503/123/1271 4510/130/1271 4509/129/1270
f 4321/131/1204 4329/132/1208 4462/82/1266 4412/133/1204
f 4329/132/1208 4330/134/1209 4463/83/1267 4462/82/1266
f 4330/134/1209 4331/135/1210 4464/86/1268 4463/83/1267
f 4331/135/1210 4332/136/1211 4465/88/1211 4464/86/1268
f 4332/136/1211 4333/137/1212 4466/90/1269 4465/88/1211
f 4333/137/1212 4334/138/1213 4467/92/1270 4466/90/1269
f 4334/138/1213 4335/139/1214 4468/94/1271 4467/92/1270
f 4335/139/1214 4322/140/1205 4392/141/1205 4468/94/1271
f 4468/94/1271 4392/141/1205 4393/142/1205 4475/95/1271
f 4475/95/1271 4393/142/1205 4394/143/1205 4482/102/1271
f 4482/102/1271 4394/143/1205 4395/144/1205 4489/109/1271
f 4489/109/1271 4395/144/1205 4396/145/1205 4496/116/1271
f 4496/116/1271 4396/145/1205 4397/146/1205 4503/123/1271
f 4503/123/1271 4397/146/1205 4398/147/1205 4510/130/1271
f 4510/130/1271 4398/147/1205 4324/148/1205 4336/149/1215
f 4509/129/1270 4510/130/1271 4336/149/1215 4337/150/1216
f 4508/128/1269 4509/129/1270 4337/150/1216 4338/151/1217
f 4507/127/1211 4508/128/1269 4338/151/1217 4339/152/1211
f 4506/126/1268 4507/127/1211 4339/152/1211 4340/153/1218
f 4505/124/1267 4506/126/1268 4340/153/1218 4341/154/1219
f 4504/125/1266 4505/124/1267 4341/154/1219 4342/155/1220
f 4406/156/1204 4504/125/1266 4342/155/1220 4323/157/1204
f 4407/158/1204 4497/118/1266 4504/125/1266 4406/156/1204
f 4408/159/1204 4490/111/1266 4497/118/1266 4407/158/1204
f 4409/160/1204 4483/104/1266 4490/111/1266 4408/159/1204
f 4410/161/1204 4476/97/1266 4483/104/1266 4409/160/1204
f 4411/162/1204 4469/85/1266 4476/97/1266 4410/161/1204
f 4412/133/1204 4462/82/1266 4469/85/1266 4411/162/1204
f 4511/163/1272 4512/164/1272 4519/165/1273 4518/166/1273
f 4512/164/1272 4513/167/1272 4520/168/1273 4519/165/1273
f 4513/167/1272 4514/169/1272 4521/170/1273 4520/168/1273
f 4514/169/1272 4515/171/1272 4522/172/1273 4521/170/1273
f 4515/171/1272 4516/173/1272 4523/174/1273 4522/172/1273
f 4516/173/1272 4517/175/1272 4524/176/1273 4523/174/1273
f 4518/166/1273 4519/165/1273 4526/177/1274 4525/178/1274
f 4519/165/1273 4520/168/1273 4527/179/1274 4526/177/1274
f 4520/168/1273 4521/170/1273 4528/180/1274 4527/179/1274
f 4521/170/1273 4522/172/1273 4529/181/1274 4528/180/1274
f 4522/172/1273 4523/174/1273 4530/182/1274 4529/181/1274
f 4523/174/1273 4524/176/1273 4531/183/1274 4530/182/1274
f 4525/178/1274 4526/177/1274 4533/184/1224 4532/185/1224
f 4526/177/1274 4527/179/1274 4534/186/1224 4533/184/1224
f 4527/179/1274 4528/180/1274 4535/187/1224 4534/186/1224
f 4528/180/1274 4529/181/1274 4536/188/1224 4535/187/1224
f 4529/181/1274 4530/182/1274 4537/189/1224 4536/188/1224
f 4530/182/1274 4531/183/1274 4538/190/1224 4537/189/1224
f 4532/185/1224 4533/184/1224 4540/191/1275 4539/192/1275
f 4533/184/1224 4534/186/1224 4541/193/1275 4540/191/1275
f 4534/186/1224 4535/187/1224 4542/194/1275 4541/193/1275
f 4535/187/1224 4536/188/1224 4543/195/1275 4542/194/1275
f 4536/188/1224 4537/189/1224 4544/196/1275 4543/195/1275
f 4537/189/1224 4538/190/1224 4545/197/1275 4544/196/1275
f 4539/192/1275 4540/191/1275 4547/198/1276 4546/199/1276
f 4540/191/1275 4541/193/1275 4548/200/1276 4547/198/1276
f 4541/193/1275 4542/194/1275 4549/201/1276 4548/200/1276
f 4542/194/1275 4543/195/1275 4550/202/1276 4549/201/1276
f 4543/195/1275 4544/196/1275 4551/203/1276 4550/202/1276
f 4544/196/1275 4545/197/1275 4552/204/1276 4551/203/1276
f 4546/199/1276 4547/198/1276 4554/205/1277 4553/206/1277
f 4547/198/1276 4548/200/1276 4555/207/1277 4554/205/1277
f 4548/200/1276 4549/201/1276 4556/208/1277 4555/207/1277
f 4549/201/1276 4550/202/1276 4557/209/1277 4556/208/1277
f 4550/202/1276 4551/203/1276 4558/210/1277 4557/209/1277
f 4551/203/1276 4552/204/1276 4559/211/1277 4558/210/1277
f 4327/50/1206 4364/212/1206 4511/163/1272 4343/213/1221
f 4364/212/1206 4365/214/1206 4512/164/1272 4511/163/1272
f 4365/214/1206 4366/215/1206 4513/167/1272 4512/164/1272
f 4366/215/1206 4367/79/1206 4514/169/1272 4513/167/1272
f 4367/79/1206 4368/216/1206 4515/171/1272 4514/169/1272
f 4368/216/1206 4369/217/1206 4516/173/1272 4515/171/1272
f 4369/217/1206 4370/75/1206 4517/175/1272 4516/173/1272
f 4370/75/1206 4325/76/1206 4384/218/1253 4517/175/1272
f 4517/175/1272 4384/218/1253 4383/219/1252 4524/176/1273
f 4524/176/1273 4383/219/1252 4382/220/1251 4531/183/1274
f 4531/183/1274 4382/220/1251 4381/221/1224 4538/190/1224
f 4538/190/1224 4381/221/1224 4380/222/1250 4545/197/1275
f 4545/197/1275 4380/222/1250 4379/223/1249 4552/204/1276
f 4552/204/1276 4379/223/1249 4378/224/1248 4559/211/1277
f 4559/211/1277 4378/224/1248 4321/131/1204 4412/225/1204
f 4558/210/1277 4559/211/1277 4412/225/1204 4411/226/1204
f 4557/209/1277 4558/210/1277 4411/226/1204 4410/227/1204
f 4556/208/1277 4557/209/1277 4410/227/1204 4409/160/1204
f 4555/207/1277 4556/208/1277 4409/160/1204 4408/228/1204
f 4554/205/1277 4555/207/1277 4408/228/1204 4407/229/1204
f 4553/206/1277 4554/205/1277 4407/229/1204 4406/230/1204
f 4349/231/1227 4553/206/1277 4406/230/1204 4323/157/1204
f 4348/232/1226 4546/199/1276 4553/206/1277 4349/231/1227
f 4347/233/1225 4539/192/1275 4546/199/1276 4348/232/1226
f 4346/234/1224 4532/185/1224 4539/192/1275 4347/233/1225
f 4345/235/1223 4525/178/1274 4532/185/1224 4346/234/1224
f 4344/236/1222 4518/166/1273 4525/178/1274 4345/235/1223
f 4343/213/1221 4511/163/1272 4518/166/1273 4344/236/1222
f 4560/237/1278 4561/238/1278 4568/239/1279 4567/240/1279
f 4561/238/1278 4562/241/1278 4569/242/1279 4568/239/1279
f 4562/241/1278 4563/243/1278 4570/244/1279 4569/242/1279
f 4563/243/1278 4564/245/1278 4571/246/1279 4570/244/1279
f 4564/245/1278 4565/247/1278 4572/248/1279 4571/246/1279
f 4565/247/1278 4566/249/1278 4573/250/1279 4572/248/1279
f 4567/240/1279 4568/239/1279 4575/251/1280 4574/252/1280
f 4568/239/1279 4569/242/1279 4576/253/1280 4575/251/1280
f 4569/242/1279 4570/244/1279 4577/254/1280 4576/253/1280
f 4570/244/1279 4571/246/1279 4578/255/1280 4577/254/1280
f 4571/246/1279 4572/248/1279 4579/256/1280 4578/255/1280
f 4572/248/1279 4573/250/1279 4580/257/1280 4579/256/1280
f 4574/252/1280 4575/251/1280 4582/258/1231 4581/259/1231
f 4575/251/1280 4576/253/1280 4583/260/1231 4582/258/1231
f 4576/253/1280 4577/254/1280 4584/261/1231 4583/260/1231
f 4577/254/1280 4578/255/1280 4585/262/1231 4584/261/1231
f 4578/255/1280 4579/256/1280 4586/263/1231 4585/262/1231
f 4579/256/1280 4580/257/1280 4587/264/1231 4586/263/1231
f 4581/259/1231 4582/258/1231 4589/265/1281 4588/266/1281
f 4582/258/1231 4583/260/1231 4590/267/1281 4589/265/1281
f 4583/260/1231 4584/261/1231 4591/268/1281 4590/267/1281
f 4584/261/1231 4585/262/1231 4592/269/1281 4591/268/1281
f 4585/262/1231 4586/263/1231 4593/270/1281 4592/269/1281
f 4586/263/1231 4587/264/1231 4594/271/1281 4593/270/1281
f 4588/266/1281 4589/265/1281 4596/272/1282 4595/273/1282
f 4589/265/1281 4590/267/1281 4597/274/1282 4596/272/1282
f 4590/267/1281 4591/268/1281 4598/275/1282 4597/274/1282
f 4591/268/1281 4592/269/1281 4599/276/1282 4598/275/1282
f 4592/269/1281 4593/270/1281 4600/277/1282 4599/276/1282
f 4593/270/1281 4594/271/1281 4601/278/1282 4600/277/1282
f 4595/273/1282 4596/272/1282 4603/279/1283 4602/280/1283
f 4596/272/1282 4597/274/1282 4604/281/1283 4603/279/1283
f 4597/274/1282 4598/275/1282 4605/282/1283 4604/281/1283
f 4598/275/1282 4599/276/1282 4606/283/1283 4605/282/1283
f 4599/276/1282 4600/277/1282 4607/284/1283 4606/283/1283
f 4600/277/1282 4601/278/1282 4608/285/1283 4607/284/1283
f 4324/286/1205 4398/287/1205 4560/237/1278 4350/288/1228
f 4398/287/1205 4397/289/1205 4561/238/1278 4560/237/1278
f 4397/289/1205 4396/290/1205 4562/241/1278 4561/238/1278
f 4396/290/1205 4395/291/1205 4563/243/1278 4562/241/1278
f 4395/291/1205 4394/292/1205 4564/245/1278 4563/243/1278
f 4394/292/1205 4393/293/1205 4565/247/1278 4564/245/1278
f 4393/293/1205 4392/294/1205 4566/249/1278 4565/247/1278
f 4392/294/1205 4322/295/1205 4391/296/1259 4566/249/1278
f 4566/249/1278 4391/296/1259 4390/297/1258 4573/250/1279
f 4573/250/1279 4390/297/1258 4389/298/1257 4580/257/1280
f 4580/257/1280 4389/298/1257 4388/299/1231 4587/264/1231
f 4587/264/1231 4388/299/1231 4387/300/1256 4594/271/1281
f 4594/271/1281 4387/300/1256 4386/301/1255 4601/278/1282
f 4601/278/1282 4386/301/1255 4385/302/1254 4608/285/1283
f 4608/285/1283 4385/302/1254 4326/67/1207 4405/66/1207
f 4607/284/1283 4608/285/1283 4405/66/1207 4404/65/1207
f 4606/283/1283 4607/284/1283 4404/65/1207 4403/303/1207
f 4605/282/1283 4606/283/1283 4403/303/1207 4402/304/1207
f 4604/281/1283 4605/282/1283 4402/304/1207 4401/305/1207
f 4603/279/1283 4604/281/1283 4401/305/1207 4400/306/1207
f 4602/280/1283 4603/279/1283 4400/306/1207 4399/307/1207
f 4356/308/1234 4602/280/1283 4399/307/1207 4328/59/1207
f 4355/309/1233 4595/273/1282 4602/280/1283 4356/308/1234
f 4354/310/1232 4588/266/1281 4595/273/1282 4355/309/1233
f 4353/311/1231 4581/259/1231 4588/266/1281 4354/310/1232
f 4352/312/1230 4574/252/1280 4581/259/1231 4353/311/1231
f 4351/313/1229 4567/240/1279 4574/252/1280 4352/312/1230
f 4350/288/1228 4560/237/1278 4567/240/1279 4351/313/1229
f 4701/1/1340 4702/2/1341 4709/3/1341 4708/4/1340
f 4702/2/1341 4703/5/1342 4710/6/1342 4709/3/1341
f 4703/5/1342 4704/7/1318 4711/8/1318 4710/6/1342
f 4704/7/1318 4705/9/1343 4712/10/1343 4711/8/1318
f 4705/9/1343 4706/11/1344 4713/12/1344 4712/10/1343
f 4706/11/1344 4707/13/1345 4714/14/1345 4713/12/1344
f 4708/4/1340 4709/3/1341 4716/15/1341 4715/16/1340
f 4709/3/1341 4710/6/1342 4717/17/1342 4716/15/1341
f 4710/6/1342 4711/8/1318 4718/18/1318 4717/17/1342
f 4711/8/1318 4712/10/1343 4719/19/1343 4718/18/1318
f 4712/10/1343 4713/12/1344 4720/20/1344 4719/19/1343
f 4713/12/1344 4714/14/1345 4721/21/1345 4720/20/1344
f 4715/16/1340 4716/15/1341 4723/22/1341 4722/23/1340
f 4716/15/1341 4717/17/1342 4724/24/1342 4723/22/1341
f 4717/17/1342 4718/18/1318 4725/25/1318 4724/24/1342
f 4718/18/1318 4719/19/1343 4726/26/1343 4725/25/1318
f 4719/19/1343 4720/20/1344 4727/27/1344 4726/26/1343
f 4720/20/1344 4721/21/1345 4728/28/1345 4727/27/1344
f 4722/23/1340 4723/22/1341 4730/29/1341 4729/30/1340
f 4723/22/1341 4724/24/1342 4731/31/1342 4730/29/1341
f 4724/24/1342 4725/25/1318 4732/32/1318 4731/31/1342
f 4725/25/1318 4726/26/1343 4733/33/1343 4732/32/1318
f 4726/26/1343 4727/27/1344 4734/34/1344 4733/33/1343
f 4727/27/1344 4728/28/1345 4735/35/1345 4734/34/1344
f 4729/30/1340 4730/29/1341 4737/36/1341 4736/37/1340
f 4730/29/1341 4731/31/1342 4738/38/1342 4737/36/1341
f 4731/31/1342 4732/32/1318 4739/39/1318 4738/38/1342
f 4732/32/1318 4733/33/1343 4740/40/1343 4739/39/1318
f 4733/33/1343 4734/34/1344 4741/41/1344 4740/40/1343
f 4734/34/1344 4735/35/1345 4742/42/1345 4741/41/1344
f 4736/37/1340 4737/36/1341 4744/43/1341 4743/44/1340
f 4737/36/1341 4738/38/1342 4745/45/1342 4744/43/1341
f 4738/38/1342 4739/39/1318 4746/46/1318 4745/45/1342
f 4739/39/1318 4740/40/1343 4747/47/1343 4746/46/1318
f 4740/40/1343 4741/41/1344 4748/48/1344 4747/47/1343
f 4741/41/1344 4742/42/1345 4749/49/1345 4748/48/1344
f 4615/50/1286 4651/51/1321 4701/1/1340 4652/52/1286
f 4651/51/1321 4650/53/1320 4702/2/1341 4701/1/1340
f 4650/53/1320 4649/54/1319 4703/5/1342 4702/2/1341
f 4649/54/1319 4648/55/1318 4704/7/1318 4703/5/1342
f 4648/55/1318 4647/56/1317 4705/9/1343 4704/7/1318
f 4647/56/1317 4646/57/1316 4706/11/1344 4705/9/1343
f 4646/57/1316 4645/58/1315 4707/13/1345 4706/11/1344
f 4645/58/1315 4616/59/1287 4687/60/1287 4707/13/1345
f 4707/13/1345 4687/60/1287 4688/61/1287 4714/14/1345
f 4714/14/1345 4688/61/1287 4689/62/1287 4721/21/1345
f 4721/21/1345 4689/62/1287 4690/63/1287 4728/28/1345
f 4728/28/1345 4690/63/1287 4691/64/1287 4735/35/1345
f 4735/35/1345 4691/64/1287 4692/65/1287 4742/42/1345
f 4742/42/1345 4692/65/1287 4693/66/1287 4749/49/1345
f 4749/49/1345 4693/66/1287 4614/67/1287 4659/68/1322
f 4748/48/1344 4749/49/1345 4659/68/1322 4660/69/1323
f 4747/47/1343 4748/48/1344 4660/69/1323 4661/70/1324
f 4746/46/1318 4747/47/1343 4661/70/1324 4662/71/1318
f 4745/45/1342 4746/46/1318 4662/71/1318 4663/72/1325
f 4744/43/1341 4745/45/1342 4663/72/1325 4664/73/1326
f 4743/44/1340 4744/43/1341 4664/73/1326 4665/74/1327
f 4658/75/1286 4743/44/1340 4665/74/1327 4613/76/1286
f 4657/77/1286 4736/37/1340 4743/44/1340 4658/75/1286
f 4656/78/1286 4729/30/1340 4736/37/1340 4657/77/1286
f 4655/79/1286 4722/23/1340 4729/30/1340 4656/78/1286
f 4654/80/1286 4715/16/1340 4722/23/1340 4655/79/1286
f 4653/81/1286 4708/4/1340 4715/16/1340 4654/80/1286
f 4652/52/1286 4701/1/1340 4708/4/1340 4653/81/1286
f 4750/82/1346 4751/83/1347 4758/84/1347 4757/85/1346
f 4751/83/1347 4752/86/1348 4759/87/1348 4758/84/1347
f 4752/86/1348 4753/88/1291 4760/89/1291 4759/87/1348
f 4753/88/1291 4754/90/1349 4761/91/1349 4760/89/1291
f 4754/90/1349 4755/92/1350 4762/93/1350 4761/91/1349
f 4755/92/1350 4756/94/1351 4763/95/1351 4762/93/1350
f 4757/85/1346 4758/84/1347 4765/96/1347 4764/97/1346
f 4758/84/1347 4759/87/1348 4766/98/1348 4765/96/1347
f 4759/87/1348 4760/89/1291 4767/99/1291 4766/98/1348
f 4760/89/1291 4761/91/1349 4768/100/1349 4767/99/1291
f 4761/91/1349 4762/93/1350 4769/101/1350 4768/100/1349
f 4762/93/1350 4763/95/1351 4770/102/1351 4769/101/1350
f 4764/97/1346 4765/96/1347 4772/103/1347 4771/104/1346
f 4765/96/1347 4766/98/1348 4773/105/1348 4772/103/1347
f 4766/98/1348 4767/99/1291 4774/106/1291 4773/105/1348
f 4767/99/1291 4768/100/1349 4775/107/1349 4774/106/1291
f 4768/100/1349 4769/101/1350 4776/108/1350 4775/107/1349
f 4769/101/1350 4770/102/1351 4777/109/1351 4776/108/1350
f 4771/104/1346 4772/103/1347 4779/110/1347 4778/111/1346
f 4772/103/1347 4773/105/1348 4780/112/1348 4779/110/1347
f 4773/105/1348 4774/106/1291 4781/113/1291 4780/112/1348
f 4774/106/1291 4775/107/1349 4782/114/1349 4781/113/1291
f 4775/107/1349 4776/108/1350 4783/115/1350 4782/114/1349
f 4776/108/1350 4777/109/1351 4784/116/1351 4783/115/1350
f 4778/111/1346 4779/110/1347 4786/117/1347 4785/118/1346
f 4779/110/1347 4780/112/1348 4787/119/1348 4786/117/1347
f 4780/112/1348 4781/113/1291 4788/120/1291 4787/119/1348
f 4781/113/1291 4782/114/1349 4789/121/1349 4788/120/1291
f 4782/114/1349 4783/115/1350 4790/122/1350 4789/121/1349
f 4783/115/1350 4784/116/1351 4791/123/1351 4790/122/1350
f 4785/118/1346 4786/117/1347 4793/124/1347 4792/125/1346
f 4786/117/1347 4787/119/1348 4794/126/1348 4793/124/1347
f 4787/119/1348 4788/120/1291 4795/127/1291 4794/126/1348
f 4788/120/1291 4789/121/1349 4796/128/1349 4795/127/1291
f 4789/121/1349 4790/122/1350 4797/129/1350 4796/128/1349
f 4790/122/1350 4791/123/1351 4798/130/1351 4797/129/1350
f 4609/131/1284 4617/132/1288 4750/82/1346 4700/133/1284
f 4617/132/1288 4618/134/1289 4751/83/1347 4750/82/1346
f 4618/134/1289 4619/135/1290 4752/86/1348 4751/83/1347
f 4619/135/1290 4620/136/1291 4753/88/1291 4752/86/1348
f 4620/136/1291 4621/137/1292 4754/90/1349 4753/88/1291
f 4621/137/1292 4622/138/1293 4755/92/1350 4754/90/1349
f 4622/138/1293 4623/139/1294 4756/94/1351 4755/92/1350
f 4623/139/1294 4610/140/1285 4680/141/1285 4756/94/1351
f 4756/94/1351 4680/141/1285 4681/142/1285 4763/95/1351
f 4763/95/1351 4681/142/1285 4682/143/1285 4770/102/1351
f 4770/102/1351 4682/143/1285 4683/144/1285 4777/109/1351
f 4777/109/1351 4683/144/1285 4684/145/1285 4784/116/1351
f 4784/116/1351 4684/145/1285 4685/146/1285 4791/123/1351
f 4791/123/1351 4685/146/1285 4686/147/1285 4798/130/1351
f 4798/130/1351 4686/147/1285 4612/148/1285 4624/149/1295
f 4797/129/1350 4798/130/1351 4624/149/1295 4625/150/1296
f 4796/128/1349 4797/129/1350 4625/150/1296 4626/151/1297
f 4795/127/1291 4796/128/1349 4626/151/1297 4627/152/1291
f 4794/126/1348 4795/127/1291 4627/152/1291 4628/153/1298
f 4793/124/1347 4794/126/1348 4628/153/1298 4629/154/1299
f 4792/125/1346 4793/124/1347 4629/154/1299 4630/155/1300
f 4694/156/1284 4792/125/1346 4630/155/1300 4611/157/1284
f 4695/158/1284 4785/118/1346 4792/125/1346 4694/156/1284
f 4696/159/1284 4778/111/1346 4785/118/1346 4695/158/1284
f 4697/160/1284 4771/104/1346 4778/111/1346 4696/159/1284
f 4698/161/1284 4764/97/1346 4771/104/1346 4697/160/1284
f 4699/162/1284 4757/85/1346 4764/97/1346 4698/161/1284
f 4700/133/1284 4750/82/1346 4757/85/1346 4699/162/1284
f 4799/163/1352 4800/164/1352 4807/165/1353 4806/166/1353
f 4800/164/1352 4801/167/1352 4808/168/1353 4807/165/1353
f 4801/167/1352 4802/169/1352 4809/170/1353 4808/168/1353
f 4802/169/1352 4803/171/1352 4810/172/1353 4809/170/1353
f 4803/171/1352 4804/173/1352 4811/174/1353 4810/172/1353
f 4804/173/1352 4805/175/1352 4812/176/1353 4811/174/1353
f 4806/166/1353 4807/165/1353 4814/177/1354 4813/178/1354
f 4807/165/1353 4808/168/1353 4815/179/1354 4814/177/1354
f 4808/168/1353 4809/170/1353 4816/180/1354 4815/179/1354
f 4809/170/1353 4810/172/1353 4817/181/1354 4816/180/1354
f 4810/172/1353 4811/174/1353 4818/182/1354 4817/181/1354
f 4811/174/1353 4812/176/1353 4819/183/1354 4818/182/1354
f 4813/178/1354 4814/177/1354 4821/184/1304 4820/185/1304
f 4814/177/1354 4815/179/1354 4822/186/1304 4821/184/1304
f 4815/179/1354 4816/180/1354 4823/187/1304 4822/186/1304
f 4816/180/1354 4817/181/1354 4824/188/1304 4823/187/1304
f 4817/181/1354 4818/182/1354 4825/189/1304 4824/188/1304
f 4818/182/1354 4819/183/1354 4826/190/1304 4825/189/1304
f 4820/185/1304 4821/184/1304 4828/191/1355 4827/192/1355
f 4821/184/1304 4822/186/1304 4829/193/1355 4828/191/1355
f 4822/186/1304 4823/187/1304 4830/194/1355 4829/193/1355
f 4823/187/1304 4824/188/1304 4831/195/1355 4830/194/1355
f 4824/188/1304 4825/189/1304 4832/196/1355 4831/195/1355
f 4825/189/1304 4826/190/1304 4833/197/1355 4832/196/1355
f 4827/192/1355 4828/191/1355 4835/198/1356 4834/199/1356
f 4828/191/1355 4829/193/1355 4836/200/1356 4835/198/1356
f 4829/193/1355 4830/194/1355 4837/201/1356 4836/200/1356
f 4830/194/1355 4831/195/1355 4838/202/1356 4837/201/1356
f 4831/195/1355 4832/196/1355 4839/203/1356 4838/202/1356
f 4832/196/1355 4833/197/1355 4840/204/1356 4839/203/1356
f 4834/199/1356 4835/198/1356 4842/205/1357 4841/206/1357
f 4835/198/1356 4836/200/1356 4843/207/1357 4842/205/1357
f 4836/200/1356 4837/201/1356 4844/208/1357 4843/207/1357
f 4837/201/1356 4838/202/1356 4845/209/1357 4844/208/1357
f 4838/202/1356 4839/203/1356 4846/210/1357 4845/209/1357
f 4839/203/1356 4840/204/1356 4847/211/1357 4846/210/1357
f 4615/50/1286 4652/212/1286 4799/163/1352 4631/213/1301
f 4652/212/1286 4653/214/1286 4800/164/1352 4799/163/1352
f 4653/214/1286 4654/215/1286 4801/167/1352 4800/164/1352
f 4654/215/1286 4655/79/1286 4802/169/1352 4801/167/1352
f 4655/79/1286 4656/216/1286 4803/171/1352 4802/169/1352
f 4656/216/1286 4657/217/1286 4804/173/1352 4803/171/1352
f 4657/217/1286 4658/75/1286 4805/175/1352 4804/173/1352
f 4658/75/1286 4613/76/1286 4672/218/1333 4805/175/1352
f 4805/175/1352 4672/218/1333 4671/219/1332 4812/176/1353
f 4812/176/1353 4671/219/1332 4670/220/1331 4819/183/1354
f 4819/183/1354 4670/220/1331 4669/221/1304 4826/190/1304
f 4826/190/1304 4669/221/1304 4668/222/1330 4833/197/1355
f 4833/197/1355 4668/222/1330 4667/223/1329 4840/204/1356
f 4840/204/1356 4667/223/1329 4666/224/1328 4847/211/1357
f 4847/211/1357 4666/224/1328 4609/131/1284 4700/225/1284
f 4846/210/1357 4847/211/1357 4700/225/1284 4699/226/1284
f 4845/209/1357 4846/210/1357 4699/226/1284 4698/227/1284
f 4844/208/1357 4845/209/1357 4698/227/1284 4697/160/1284
f 4843/207/1357 4844/208/1357 4697/160/1284 4696/228/1284
f 4842/205/1357 4843/207/1357 4696/228/1284 4695/229/1284
f 4841/206/1357 4842/205/1357 4695/229/1284 4694/230/1284
f 4637/231/1307 4841/206/1357 4694/230/1284 4611/157/1284
f 4636/232/1306 4834/199/1356 4841/206/1357 4637/231/1307
f 4635/233/1305 4827/192/1355 4834/199/1356 4636/232/1306
f 4634/234/1304 4820/185/1304 4827/192/1355 4635/233/1305
f 4633/235/1303 4813/178/1354 4820/185/1304 4634/234/1304
f 4632/236/1302 4806/166/1353 4813/178/1354 4633/235/1303
f 4631/213/1301 4799/163/1352 4806/166/1353 4632/236/1302
f 4848/237/1358 4849/238/1358 4856/239/1359 4855/240/1359
f 4849/238/1358 4850/241/1358 4857/242/1359 4856/239/1359
f 4850/241/1358 4851/243/1358 4858/244/1359 4857/242/1359
f 4851/243/1358 4852/245/1358 4859/246/1359 4858/244/1359
f 4852/245/1358 4853/247/1358 4860/248/1359 4859/246/1359
f 4853/247/1358 4854/249/1358 4861/250/1359 4860/248/1359
f 4855/240/1359 4856/239/1359 4863/251/1360 4862/252/1360
f 4856/239/1359 4857/242/1359 4864/253/1360 4863/251/1360
f 4857/242/1359 4858/244/1359 4865/254/1360 4864/253/1360
f 4858/244/1359 4859/246/1359 4866/255/1360 4865/254/1360
f 4859/246/1359 4860/248/1359 4867/256/1360 4866/255/1360
f 4860/248/1359 4861/250/1359 4868/257/1360 4867/256/1360
f 4862/252/1360 4863/251/1360 4870/258/1311 4869/259/1311
f 4863/251/1360 4864/253/1360 4871/260/1311 4870/258/1311
f 4864/253/1360 4865/254/1360 4872/261/1311 4871/260/1311
f 4865/254/1360 4866/255/1360 4873/262/1311 4872/261/1311
f 4866/255/1360 4867/256/1360 4874/263/1311 4873/262/1311
f 4867/256/1360 4868/257/1360 4875/264/1311 4874/263/1311
f 4869/259/1311 4870/258/1311 4877/265/1361 4876/266/1361
f 4870/258/1311 4871/260/1311 4878/267/1361 4877/265/1361
f 4871/260/1311 4872/261/1311 4879/268/1361 4878/267/1361
f 4872/261/1311 4873/262/1311 4880/269/1361 4879/268/1361
f 4873/262/1311 4874/263/1311 4881/270/1361 4880/269/1361
f 4874/263/1311 4875/264/1311 4882/271/1361 4881/270/1361
f 4876/266/1361 4877/265/1361 4884/272/1362 4883/273/1362
f 4877/265/1361 4878/267/1361 4885/274/1362 4884/272/1362
f 4878/267/1361 4879/268/1361 4886/275/1362 4885/274/1362
f 4879/268/1361 4880/269/1361 4887/276/1362 4886/275/1362
f 4880/269/1361 4881/270/1361 4888/277/1362 4887/276/1362
f 4881/270/1361 4882/271/1361 4889/278/1362 4888/277/1362
f 4883/273/1362 4884/272/1362 4891/279/1363 4890/280/1363
f 4884/272/1362 4885/274/1362 4892/281/1363 4891/279/1363
f 4885/274/1362 4886/275/1362 4893/282/1363 4892/281/1363
f 4886/275/1362 4887/276/1362 4894/283/1363 4893/282/1363
f 4887/276/1362 4888/277/1362 4895/284/1363 4894/283/1363
f 4888/277/1362 4889/278/1362 4896/285/1363 4895/284/1363
f 4612/286/1285 4686/287/1285 4848/237/1358 4638/288/1308
f 4686/287/1285 4685/289/1285 4849/238/1358 4848/237/1358
f 4685/289/1285 4684/290/1285 4850/241/1358 4849/238/1358
f 4684/290/1285 4683/291/1285 4851/243/1358 4850/241/1358
f 4683/291/1285 4682/292/1285 4852/245/1358 4851/243/1358
f 4682/292/1285 4681/293/1285 4853/247/1358 4852/245/1358
f 4681/293/1285 4680/294/1285 4854/249/1358 4853/247/1358
f 4680/294/1285 4610/295/1285 4679/296/1339 4854/249/1358
f 4854/249/1358 4679/296/1339 4678/297/1338 4861/250/1359
f 4861/250/1359 4678/297/1338 4677/298/1337 4868/257/1360
f 4868/257/1360 4677/298/1337 4676/299/1311 4875/264/1311
f 4875/264/1311 4676/299/1311 4675/300/1336 4882/271/1361
f 4882/271/1361 4675/300/1336 4674/301/1335 4889/278/1362
f 4889/278/1362 4674/301/1335 4673/302/1334 4896/285/1363
f 4896/285/1363 4673/302/1334 4614/67/1287 4693/66/1287
f 4895/284/1363 4896/285/1363 4693/66/1287 4692/65/1287
f 4894/283/1363 4895/284/1363 4692/65/1287 4691/303/1287
f 4893/282/1363 4894/283/1363 4691/303/1287 4690/304/1287
f 4892/281/1363 4893/282/1363 4690/304/1287 4689/305/1287
f 4891/279/1363 4892/281/1363 4689/305/1287 4688/306/1287
f 4890/280/1363 4891/279/1363 4688/306/1287 4687/307/1287
f 4644/308/1314 4890/280/1363 4687/307/1287 4616/59/1287
f 4643/309/1313 4883/273/1362 4890/280/1363 4644/308/1314
f 4642/310/1312 4876/266/1361 4883/273/1362 4643/309/1313
f 4641/311/1311 4869/259/1311 4876/266/1361 4642/310/1312
f 4640/312/1310 4862/252/1360 4869/259/1311 4641/311/1311
f 4639/313/1309 4855/240/1359 4862/252/1360 4640/312/1310
f 4638/288/1308 4848/237/1358 4855/240/1359 4639/313/1309
f 4989/1/1420 4990/2/1421 4997/3/1421 4996/4/1420
f 4990/2/1421 4991/5/1422 4998/6/1422 4997/3/1421
f 4991/5/1422 4992/7/1398 4999/8/1398 4998/6/1422
f 4992/7/1398 4993/9/1423 5000/10/1423 4999/8/1398
f 4993/9/1423 4994/11/1424 5001/12/1424 5000/10/1423
f 4994/11/1424 4995/13/1425 5002/14/1425 5001/12/1424
f 4996/4/1420 4997/3/1421 5004/15/1421 5003/16/1420
f 4997/3/1421 4998/6/1422 5005/17/1422 5004/15/1421
f 4998/6/1422 4999/8/1398 5006/18/1398 5005/17/1422
f 4999/8/1398 5000/10/1423 5007/19/1423 5006/18/1398
f 5000/10/1423 5001/12/1424 5008/20/1424 5007/19/1423
f 5001/12/1424 5002/14/1425 5009/21/1425 5008/20/1424
f 5003/16/1420 5004/15/1421 5011/22/1421 5010/23/1420
f 5004/15/1421 5005/17/1422 5012/24/1422 5011/22/1421
f 5005/17/1422 5006/18/1398 5013/25/1398 5012/24/1422
f 5006/18/1398 5007/19/1423 5014/26/1423 5013/25/1398
f 5007/19/1423 5008/20/1424 5015/27/1424 5014/26/1423
f 5008/20/1424 5009/21/1425 5016/28/1425 5015/27/1424
f 5010/23/1420 5011/22/1421 5018/29/1421 5017/30/1420
f 5011/22/1421 5012/24/1422 5019/31/1422 5018/29/1421
f 5012/24/1422 5013/25/1398 5020/32/1398 5019/31/1422
f 5013/25/1398 5014/26/1423 5021/33/1423 5020/32/1398
f 5014/26/1423 5015/27/1424 5022/34/1424 5021/33/1423
f 5015/27/1424 5016/28/1425 5023/35/1425 5022/34/1424
f 5017/30/1420 5018/29/1421 5025/36/1421 5024/37/1420
f 5018/29/1421 5019/31/1422 5026/38/1422 5025/36/1421
f 5019/31/1422 5020/32/1398 5027/39/1398 5026/38/1422
f 5020/32/1398 5021/33/1423 5028/40/1423 5027/39/1398
f 5021/33/1423 5022/34/1424 5029/41/1424 5028/40/1423
f 5022/34/1424 5023/35/1425 5030/42/1425 5029/41/1424
f 5024/37/1420 5025/36/1421 5032/43/1421 5031/44/1420
f 5025/36/1421 5026/38/1422 5033/45/1422 5032/43/1421
f 5026/38/1422 5027/39/1398 5034/46/1398 5033/45/1422
f 5027/39/1398 5028/40/1423 5035/47/1423 5034/46/1398
f 5028/40/1423 5029/41/1424 5036/48/1424 5035/47/1423
f 5029/41/1424 5030/42/1425 5037/49/1425 5036/48/1424
f 4903/50/1366 4939/51/1401 4989/1/1420 4940/52/1366
f 4939/51/1401 4938/53/1400 4990/2/1421 4989/1/1420
f 4938/53/1400 4937/54/1399 4991/5/1422 4990/2/1421
f 4937/54/1399 4936/55/1398 4992/7/1398 4991/5/1422
f 4936/55/1398 4935/56/1397 4993/9/1423 4992/7/1398
f 4935/56/1397 4934/57/1396 4994/11/1424 4993/9/1423
f 4934/57/1396 4933/58/1395 4995/13/1425 4994/11/1424
f 4933/58/1395 4904/59/1367 4975/60/1367 4995/13/1425
f 4995/13/1425 4975/60/1367 4976/61/1367 5002/14/1425
f 5002/14/1425 4976/61/1367 4977/62/1367 5009/21/1425
f 5009/21/1425 4977/62/1367 4978/63/1367 5016/28/1425
f 5016/28/1425 4978/63/1367 4979/64/1367 5023/35/1425
f 5023/35/1425 4979/64/1367 4980/65/1367 5030/42/1425
f 5030/42/1425 4980/65/1367 4981/66/1367 5037/49/1425
f 5037/49/1425 4981/66/1367 4902/67/1367 4947/68/1402
f 5036/48/1424 5037/49/1425 4947/68/1402 4948/69/1403
f 5035/47/1423 5036/48/1424 4948/69/1403 4949/70/1404
f 5034/46/1398 5035/47/1423 4949/70/1404 4950/71/1398
f 5033/45/1422 5034/46/1398 4950/71/1398 4951/72/1405
f 5032/43/1421 5033/45/1422 4951/72/1405 4952/73/1406
f 5031/44/1420 5032/43/1421 4952/73/1406 4953/74/1407
f 4946/75/1366 5031/44/1420 4953/74/1407 4901/76/1366
f 4945/77/1366 5024/37/1420 5031/44/1420 4946/75/1366
f 4944/78/1366 5017/30/1420 5024/37/1420 4945/77/1366
f 4943/79/1366 5010/23/1420 5017/30/1420 4944/78/1366
f 4942/80/1366 5003/16/1420 5010/23/1420 4943/79/1366
f 4941/81/1366 4996/4/1420 5003/16/1420 4942/80/1366
f 4940/52/1366 4989/1/1420 4996/4/1420 4941/81/1366
f 5038/82/1426 5039/83/1427 5046/84/1427 5045/85/1426
f 5039/83/1427 5040/86/1428 5047/87/1428 5046/84/1427
f 5040/86/1428 5041/88/1371 5048/89/1371 5047/87/1428
f 5041/88/1371 5042/90/1429 5049/91/1429 5048/89/1371
f 5042/90/1429 5043/92/1430 5050/93/1430 5049/91/1429
f 5043/92/1430 5044/94/1431 5051/95/1431 5050/93/1430
f 5045/85/1426 5046/84/1427 5053/96/1427 5052/97/1426
f 5046/84/1427 5047/87/1428 5054/98/1428 5053/96/1427
f 5047/87/1428 5048/89/1371 5055/99/1371 5054/98/1428
f 5048/89/1371 5049/91/1429 5056/100/1429 5055/99/1371
f 5049/91/1429 5050/93/1430 5057/101/1430 5056/100/1429
f 5050/93/1430 5051/95/1431 5058/102/1431 5057/101/1430
f 5052/97/1426 5053/96/1427 5060/103/1427 5059/104/1426
f 5053/96/1427 5054/98/1428 5061/105/1428 5060/103/1427
f 5054/98/1428 5055/99/1371 5062/106/1371 5061/105/1428
f 5055/99/1371 5056/100/1429 5063/107/1429 5062/106/1371
f 5056/100/1429 5057/101/1430 5064/108/1430 5063/107/1429
f 5057/101/1430 5058/102/1431 5065/109/1431 5064/108/1430
f 5059/104/1426 5060/103/1427 5067/110/1427 5066/111/1426
f 5060/103/1427 5061/105/1428 5068/112/1428 5067/110/1427
f 5061/105/1428 5062/106/1371 5069/113/1371 5068/112/1428
f 5062/106/1371 5063/107/1429 5070/114/1429 5069/113/1371
f 5063/107/1429 5064/108/1430 5071/115/1430 5070/114/1429
f 5064/108/1430 5065/109/1431 5072/116/1431 5071/115/1430
f 5066/111/1426 5067/110/1427 5074/117/1427 5073/118/1426
f 5067/110/1427 5068/112/1428 5075/119/1428 5074/117/1427
f 5068/112/1428 5069/113/1371 5076/120/1371 5075/119/1428
f 5069/113/1371 5070/114/1429 5077/121/1429 5076/120/1371
f 5070/114/1429 5071/115/1430 5078/122/1430 5077/121/1429
f 5071/115/1430 5072/116/1431 5079/123/1431 5078/122/1430
f 5073/118/1426 5074/117/1427 5081/124/1427 5080/125/1426
f 5074/117/1427 5075/119/1428 5082/126/1428 5081/124/1427
f 5075/119/1428 5076/120/1371 5083/127/1371 5082/126/1428
f 5076/120/1371 5077/121/1429 5084/128/1429 5083/127/1371
f 5077/121/1429 5078/122/1430 5085/129/1430 5084/128/1429
f 5078/122/1430 5079/123/1431 5086/130/1431 5085/129/1430
f 4897/131/1364 4905/132/1368 5038/82/1426 4988/133/1364
f 4905/132/1368 4906/134/1369 5039/83/1427 5038/82/1426
f 4906/134/1369 4907/135/1370 5040/86/1428 5039/83/1427
f 4907/135/1370 4908/136/1371 5041/88/1371 5040/86/1428
f 4908/136/1371 4909/137/1372 5042/90/1429 5041/88/1371
f 4909/137/1372 4910/138/1373 5043/92/1430 5042/90/1429
f 4910/138/1373 4911/139/1374 5044/94/1431 5043/92/1430
f 4911/139/1374 4898/140/1365 4968/141/1365 5044/94/1431
f 5044/94/1431 4968/141/1365 4969/142/1365 5051/95/1431
f 5051/95/1431 4969/142/1365 4970/143/1365 5058/102/1431
f 5058/102/1431 4970/143/1365 4971/144/1365 5065/109/1431
f 5065/109/1431 4971/144/1365 4972/145/1365 5072/116/1431
f 5072/116/1431 4972/145/1365 4973/146/1365 5079/123/1431
f 5079/123/1431 4973/146/1365 4974/147/1365 5086/130/1431
f 5086/130/1431 4974/147/1365 4900/148/1365 4912/149/1375
f 5085/129/1430 5086/130/1431 4912/149/1375 4913/150/1376
f 5084/128/1429 5085/129/1430 4913/150/1376 4914/151/1377
f 5083/127/1371 5084/128/1429 4914/151/1377 4915/152/1371
f 5082/126/1428 5083/127/1371 4915/152/1371 4916/153/1378
f 5081/124/1427 5082/126/1428 4916/153/1378 4917/154/1379
f 5080/125/1426 5081/124/1427 4917/154/1379 4918/155/1380
f 4982/156/1364 5080/125/1426 4918/155/1380 4899/157/1364
f 4983/158/1364 5073/118/1426 5080/125/1426 4982/156/1364
f 4984/159/1364 5066/111/1426 5073/118/1426 4983/158/1364
f 4985/160/1364 5059/104/1426 5066/111/1426 4984/159/1364
f 4986/161/1364 5052/97/1426 5059/104/1426 4985/160/1364
f 4987/162/1364 5045/85/1426 5052/97/1426 4986/161/1364
f 4988/133/1364 5038/82/1426 5045/85/1426 4987/162/1364
f 5087/163/1432 5088/164/1432 5095/165/1433 5094/166/1433
f 5088/164/1432 5089/167/1432 5096/168/1433 5095/165/1433
f 5089/167/1432 5090/169/1432 5097/170/1433 5096/168/1433
f 5090/169/1432 5091/171/1432 5098/172/1433 5097/170/1433
f 5091/171/1432 5092/173/1432 5099/174/1433 5098/172/1433
f 5092/173/1432 5093/175/1432 5100/176/1433 5099/174/1433
f 5094/166/1433 5095/165/1433 5102/177/1434 5101/178/1434
f 5095/165/1433 5096/168/1433 5103/179/1434 5102/177/1434
f 5096/168/1433 5097/170/1433 5104/180/1434 5103/179/1434
f 5097/170/1433 5098/172/1433 5105/181/1434 5104/180/1434
f 5098/172/1433 5099/174/1433 5106/182/1434 5105/181/1434
f 5099/174/1433 5100/176/1433 5107/183/1434 5106/182/1434
f 5101/178/1434 5102/177/1434 5109/184/1384 5108/185/1384
f 5102/177/1434 5103/179/1434 5110/186/1384 5109/184/1384
f 5103/179/1434 5104/180/1434 5111/187/1384 5110/186/1384
f 5104/180/1434 5105/181/1434 5112/188/1384 5111/187/1384
f 5105/181/1434 5106/182/1434 5113/189/1384 5112/188/1384
f 5106/182/1434 5107/183/1434 5114/190/1384 5113/189/1384
f 5108/185/1384 5109/184/1384 5116/191/1435 5115/192/1435
f 5109/184/1384 5110/186/1384 5117/193/1435 5116/191/1435
f 5110/186/1384 5111/187/1384 5118/194/1435 5117/193/1435
f 5111/187/1384 5112/188/1384 5119/195/1435 5118/194/1435
f 5112/188/1384 5113/189/1384 5120/196/1435 5119/195/1435
f 5113/189/1384 5114/190/1384 5121/197/1435 5120/196/1435
f 5115/192/1435 5116/191/1435 5123/198/1436 5122/199/1436
f 5116/191/1435 5117/193/1435 5124/200/1436 5123/198/1436
f 5117/193/1435 5118/194/1435 5125/201/1436 5124/200/1436
f 5118/194/1435 5119/195/1435 5126/202/1436 5125/201/1436
f 5119/195/1435 5120/196/1435 5127/203/1436 5126/202/1436
f 5120/196/1435 5121/197/1435 5128/204/1436 5127/203/1436
f 5122/199/1436 5123/198/1436 5130/205/1437 5129/206/1437
f 5123/198/1436 5124/200/1436 5131/207/1437 5130/205/1437
f 5124/200/1436 5125/201/1436 5132/208/1437 5131/207/1437
f 5125/201/1436 5126/202/1436 5133/209/1437 5132/208/1437
f 5126/202/1436 5127/203/1436 5134/210/1437 5133/209/1437
f 5127/203/1436 5128/204/1436 5135/211/1437 5134/210/1437
f 4903/50/1366 4940/212/1366 5087/163/1432 4919/213/1381
f 4940/212/1366 4941/214/1366 5088/164/1432 5087/163/1432
f 4941/214/1366 4942/215/1366 5089/167/1432 5088/164/1432
f 4942/215/1366 4943/79/1366 5090/169/1432 5089/167/1432
f 4943/79/1366 4944/216/1366 5091/171/1432 5090/169/1432
f 4944/216/1366 4945/217/1366 5092/173/1432 5091/171/1432
f 4945/217/1366 4946/75/1366 5093/175/1432 5092/173/1432
f 4946/75/1366 4901/76/1366 4960/218/1413 5093/175/1432
f 5093/175/1432 4960/218/1413 4959/219/1412 5100/176/1433
f 5100/176/1433 4959/219/1412 4958/220/1411 5107/183/1434
f 5107/183/1434 4958/220/1411 4957/221/1384 5114/190/1384
f 5114/190/1384 4957/221/1384 4956/222/1410 5121/197/1435
f 5121/197/1435 4956/222/1410 4955/223/1409 5128/204/1436
f 5128/204/1436 4955/223/1409 4954/224/1408 5135/211/1437
f 5135/211/1437 4954/224/1408 4897/131/1364 4988/225/1364
f 5134/210/1437 5135/211/1437 4988/225/1364 4987/226/1364
f 5133/209/1437 5134/210/1437 4987/226/1364 4986/227/1364
f 5132/208/1437 5133/209/1437 4986/227/1364 4985/160/1364
f 5131/207/1437 5132/208/1437 4985/160/1364 4984/228/1364
f 5130/205/1437 5131/207/1437 4984/228/1364 4983/229/1364
f 5129/206/1437 5130/205/1437 4983/229/1364 4982/230/1364
f 4925/231/1387 5129/206/1437 4982/230/1364 4899/157/1364
f 4924/232/1386 5122/199/1436 5129/206/1437 4925/231/1387
f 4923/233/1385 5115/192/1435 5122/199/1436 4924/232/1386
f 4922/234/1384 5108/185/1384 5115/192/1435 4923/233/1385
f 4921/235/1383 5101/178/1434 5108/185/1384 4922/234/1384
f 4920/236/1382 5094/166/1433 5101/178/1434 4921/235/1383
f 4919/213/1381 5087/163/1432 5094/166/1433 4920/236/1382
f 5136/237/1438 5137/238/1438 5144/239/1439 5143/240/1439
f 5137/238/1438 5138/241/1438 5145/242/1439 5144/239/1439
f 5138/241/1438 5139/243/1438 5146/244/1439 5145/242/1439
f 5139/243/1438 5140/245/1438 5147/246/1439 5146/244/1439
f 5140/245/1438 5141/247/1438 5148/248/1439 5147/246/1439
f 5141/247/1438 5142/249/1438 5149/250/1439 5148/248/1439
f 5143/240/1439 5144/239/1439 5151/251/1440 5150/252/1440
f 5144/239/1439 5145/242/1439 5152/253/1440 5151/251/1440
f 5145/242/1439 5146/244/1439 5153/254/1440 5152/253/1440
f 5146/244/1439 5147/246/1439 5154/255/1440 5153/254/1440
f 5147/246/1439 5148/248/1439 5155/256/1440 5154/255/1440
f 5148/248/1439 5149/250/1439 5156/257/1440 5155/256/1440
f 5150/252/1440 5151/251/1440 5158/258/1391 5157/259/1391
f 5151/251/1440 5152/253/1440 5159/260/1391 5158/258/1391
f 5152/253/1440 5153/254/1440 5160/261/1391 5159/260/1391
f 5153/254/1440 5154/255/1440 5161/262/1391 5160/261/1391
f 5154/255/1440 5155/256/1440 5162/263/1391 5161/262/1391
f 5155/256/1440 5156/257/1440 5163/264/1391 5162/263/1391
f 5157/259/1391 5158/258/1391 5165/265/1441 5164/266/1441
f 5158/258/1391 5159/260/1391 5166/267/1441 5165/265/1441
f 5159/260/1391 5160/261/1391 5167/268/1441 5166/267/1441
f 5160/261/1391 5161/262/1391 5168/269/1441 5167/268/1441
f 5161/262/1391 5162/263/1391 5169/270/1441 5168/269/1441
f 5162/263/1391 5163/264/1391 5170/271/1441 5169/270/1441
f 5164/266/1441 5165/265/1441 5172/272/1442 5171/273/1442
f 5165/265/1441 5166/267/1441 5173/274/1442 5172/272/1442
f 5166/267/1441 5167/268/1441 5174/275/1442 5173/274/1442
f 5167/268/1441 5168/269/1441 5175/276/1442 5174/275/1442
f 5168/269/1441 5169/270/1441 5176/277/1442 5175/276/1442
f 5169/270/1441 5170/271/1441 5177/278/1442 5176/277/1442
f 5171/273/1442 5172/272/1442 5179/279/1443 5178/280/1443
f 5172/272/1442 5173/274/1442 5180/281/1443 5179/279/1443
f 5173/274/1442 5174/275/1442 5181/282/1443 5180/281/1443
f 5174/275/1442 5175/276/1442 5182/283/1443 5181/282/1443
f 5175/276/1442 5176/277/1442 5183/284/1443 5182/283/1443
f 5176/277/1442 5177/278/1442 5184/285/1443 5183/284/1443
f 4900/286/1365 4974/287/1365 5136/237/1438 4926/288/1388
f 4974/287/1365 4973/289/1365 5137/238/1438 5136/237/1438
f 4973/289/1365 4972/290/1365 5138/241/1438 5137/238/1438
f 4972/290/1365 4971/291/1365 5139/243/1438 5138/241/1438
f 4971/291/1365 4970/292/1365 5140/245/1438 5139/243/1438
f 4970/292/1365 4969/293/1365 5141/247/1438 5140/245/1438
f 4969/293/1365 4968/294/1365 5142/249/1438 5141/247/1438
f 4968/294/1365 4898/295/1365 4967/296/1419 5142/249/1438
f 5142/249/1438 4967/296/1419 4966/297/1418 5149/250/1439
f 5149/250/1439 4966/297/1418 4965/298/1417 5156/257/1440
f 5156/257/1440 4965/298/1417 4964/299/1391 5163/264/1391
f 5163/264/1391 4964/299/1391 4963/300/1416 5170/271/1441
f 5170/271/1441 4963/300/1416 4962/301/1415 5177/278/1442
f 5177/278/1442 4962/301/1415 4961/302/1414 5184/285/1443
f 5184/285/1443 4961/302/1414 4902/67/1367 4981/66/1367
f 5183/284/1443 5184/285/1443 4981/66/1367 4980/65/1367
f 5182/283/1443 5183/284/1443 4980/65/1367 4979/303/1367
f 5181/282/1443 5182/283/1443 4979/303/1367 4978/304/1367
f 5180/281/1443 5181/282/1443 4978/304/1367 4977/305/1367
f 5179/279/1443 5180/281/1443 4977/305/1367 4976/306/1367
f 5178/280/1443 5179/279/1443 4976/306/1367 4975/307/1367
f 4932/308/1394 5178/280/1443 4975/307/1367 4904/59/1367
f 4931/309/1393 5171/273/1442 5178/280/1443 4932/308/1394
f 4930/310/1392 5164/266/1441 5171/273/1442 4931/309/1393
f 4929/311/1391 5157/259/1391 5164/266/1441 4930/310/1392
f 4928/312/1390 5150/252/1440 5157/259/1391 4929/311/1391
f 4927/313/1389 5143/240/1439 5150/252/1440 4928/312/1390
f 4926/288/1388 5136/237/1438 5143/240/1439 4927/313/1389
f 5277/1/1500 5278/2/1501 5285/3/1501 5284/4/1500
f 5278/2/1501 5279/5/1502 5286/6/1502 5285/3/1501
f 5279/5/1502 5280/7/1478 5287/8/1478 5286/6/1502
f 5280/7/1478 5281/9/1503 5288/10/1503 5287/8/1478
f 5281/9/1503 5282/11/1504 5289/12/1504 5288/10/1503
f 5282/11/1504 5283/13/1505 5290/14/1505 5289/12/1504
f 5284/4/1500 5285/3/1501 5292/15/1501 5291/16/1500
f 5285/3/1501 5286/6/1502 5293/17/1502 5292/15/1501
f 5286/6/1502 5287/8/1478 5294/18/1478 5293/17/1502
f 5287/8/1478 5288/10/1503 5295/19/1503 5294/18/1478
f 5288/10/1503 5289/12/1504 5296/20/1504 5295/19/1503
f 5289/12/1504 5290/14/1505 5297/21/1505 5296/20/1504
f 5291/16/1500 5292/15/1501 5299/22/1501 5298/23/1500
f 5292/15/1501 5293/17/1502 5300/24/1502 5299/22/1501
f 5293/17/1502 5294/18/1478 5301/25/1478 5300/24/1502
f 5294/18/1478 5295/19/1503 5302/26/1503 5301/25/1478
f 5295/19/1503 5296/20/1504 5303/27/1504 5302/26/1503
f 5296/20/1504 5297/21/1505 5304/28/1505 5303/27/1504
f 5298/23/1500 5299/22/1501 5306/29/1501 5305/30/1500
f 5299/22/1501 5300/24/1502 5307/31/1502 5306/29/1501
f 5300/24/1502 5301/25/1478 5308/32/1478 5307/31/1502
f 5301/25/1478 5302/26/1503 5309/33/1503 5308/32/1478
f 5302/26/1503 5303/27/1504 5310/34/1504 5309/33/1503
f 5303/27/1504 5304/28/1505 5311/35/1505 5310/34/1504
f 5305/30/1500 5306/29/1501 5313/36/1501 5312/37/1500
f 5306/29/1501 5307/31/1502 5314/38/1502 5313/36/1501
f 5307/31/1502 5308/32/1478 5315/39/1478 5314/38/1502
f 5308/32/1478 5309/33/1503 5316/40/1503 5315/39/1478
f 5309/33/1503 5310/34/1504 5317/41/1504 5316/40/1503
f 5310/34/1504 5311/35/1505 5318/42/1505 5317/41/1504
f 5312/37/1500 5313/36/1501 5320/43/1501 5319/44/1500
f 5313/36/1501 5314/38/1502 5321/45/1502 5320/43/1501
f 5314/38/1502 5315/39/1478 5322/46/1478 5321/45/1502
f 5315/39/1478 5316/40/1503 5323/47/1503 5322/46/1478
f 5316/40/1503 5317/41/1504 5324/48/1504 5323/47/1503
f 5317/41/1504 5318/42/1505 5325/49/1505 5324/48/1504
f 5191/50/1446 5227/51/1481 5277/1/1500 5228/52/1446
f 5227/51/1481 5226/53/1480 5278/2/1501 5277/1/1500
f 5226/53/1480 5225/54/1479 5279/5/1502 5278/2/1501
f 5225/54/1479 5224/55/1478 5280/7/1478 5279/5/1502
f 5224/55/1478 5223/56/1477 5281/9/1503 5280/7/1478
f 5223/56/1477 5222/57/1476 5282/11/1504 5281/9/1503
f 5222/57/1476 5221/58/1475 5283/13/1505 5282/11/1504
f 5221/58/1475 5192/59/1447 5263/60/1447 5283/13/1505
f 5283/13/1505 5263/60/1447 5264/61/1447 5290/14/1505
f 5290/14/1505 5264/61/1447 5265/62/1447 5297/21/1505
f 5297/21/1505 5265/62/1447 5266/63/1447 5304/28/1505
f 5304/28/1505 5266/63/1447 5267/64/1447 5311/35/1505
f 5311/35/1505 5267/64/1447 5268/65/1447 5318/42/1505
f 5318/42/1505 5268/65/1447 5269/66/1447 5325/49/1505
f 5325/49/1505 5269/66/1447 5190/67/1447 5235/68/1482
f 5324/48/1504 5325/49/1505 5235/68/1482 5236/69/1483
f 5323/47/1503 5324/48/1504 5236/69/1483 5237/70/1484
f 5322/46/1478 5323/47/1503 5237/70/1484 5238/71/1478
f 5321/45/1502 5322/46/1478 5238/71/1478 5239/72/1485
f 5320/43/1501 5321/45/1502 5239/72/1485 5240/73/1486
f 5319/44/1500 5320/43/1501 5240/73/1486 5241/74/1487
f 5234/75/1446 5319/44/1500 5241/74/1487 5189/76/1446
f 5233/77/1446 5312/37/1500 5319/44/1500 5234/75/1446
f 5232/78/1446 5305/30/1500 5312/37/1500 5233/77/1446
f 5231/79/1446 5298/23/1500 5305/30/1500 5232/78/1446
f 5230/80/1446 5291/16/1500 5298/23/1500 5231/79/1446
f 5229/81/1446 5284/4/1500 5291/16/1500 5230/80/1446
f 5228/52/1446 5277/1/1500 5284/4/1500 5229/81/1446
f 5326/82/1506 5327/83/1507 5334/84/1507 5333/85/1506
f 5327/83/1507 5328/86/1508 5335/87/1508 5334/84/1507
f 5328/86/1508 5329/88/1451 5336/89/1451 5335/87/1508
f 5329/88/1451 5330/90/1509 5337/91/1509 5336/89/1451
f 5330/90/1509 5331/92/1510 5338/93/1510 5337/91/1509
f 5331/92/1510 5332/94/1511 5339/95/1511 5338/93/1510
f 5333/85/1506 5334/84/1507 5341/96/1507 5340/97/1506
f 5334/84/1507 5335/87/1508 5342/98/1508 5341/96/1507
f 5335/87/1508 5336/89/1451 5343/99/1451 5342/98/1508
f 5336/89/1451 5337/91/1509 5344/100/1509 5343/99/1451
f 5337/91/1509 5338/93/1510 5345/101/1510 5344/100/1509
f 5338/93/1510 5339/95/1511 5346/102/1511 5345/101/1510
f 5340/97/1506 5341/96/1507 5348/103/1507 5347/104/1506
f 5341/96/1507 5342/98/1508 5349/105/1508 5348/103/1507
f 5342/98/1508 5343/99/1451 5350/106/1451 5349/105/1508
f 5343/99/1451 5344/100/1509 5351/107/1509 5350/106/1451
f 5344/100/1509 5345/101/1510 5352/108/1510 5351/107/1509
f 5345/101/1510 5346/102/1511 5353/109/1511 5352/108/1510
f 5347/104/1506 5348/103/1507 5355/110/1507 5354/111/1506
f 5348/103/1507 5349/105/1508 5356/112/1508 5355/110/1507
f 5349/105/1508 5350/106/1451 5357/113/1451 5356/112/1508
f 5350/106/1451 5351/107/1509 5358/114/1509 5357/113/1451
f 5351/107/1509 5352/108/1510 5359/115/1510 5358/114/1509
f 5352/108/1510 5353/109/1511 5360/116/1511 5359/115/1510
f 5354/111/1506 5355/110/1507 5362/117/1507 5361/118/1506
f 5355/110/1507 5356/112/1508 5363/119/1508 5362/117/1507
f 5356/112/1508 5357/113/1451 5364/120/1451 5363/119/1508
f 5357/113/1451 5358/114/1509 5365/121/1509 5364/120/1451
f 5358/114/1509 5359/115/1510 5366/122/1510 5365/121/1509
f 5359/115/1510 5360/116/1511 5367/123/1511 5366/122/1510
f 5361/118/1506 5362/117/1507 5369/124/1507 5368/125/1506
f 5362/117/1507 5363/119/1508 5370/126/1508 5369/124/1507
f 5363/119/1508 5364/120/1451 5371/127/1451 5370/126/1508
f 5364/120/1451 5365/121/1509 5372/128/1509 5371/127/1451
f 5365/121/1509 5366/122/1510 5373/129/1510 5372/128/1509
f 5366/122/1510 5367/123/1511 5374/130/1511 5373/129/1510
f 5185/131/1444 5193/132/1448 5326/82/1506 5276/133/1444
f 5193/132/1448 5194/134/1449 5327/83/1507 5326/82/1506
f 5194/134/1449 5195/135/1450 5328/86/1508 5327/83/1507
f 5195/135/1450 5196/136/1451 5329/88/1451 5328/86/1508
f 5196/136/1451 5197/137/1452 5330/90/1509 5329/88/1451
f 5197/137/1452 5198/138/1453 5331/92/1510 5330/90/1509
f 5198/138/1453 5199/139/1454 5332/94/1511 5331/92/1510
f 5199/139/1454 5186/140/1445 5256/141/1445 5332/94/1511
f 5332/94/1511 5256/141/1445 5257/142/1445 5339/95/1511
f 5339/95/1511 5257/142/1445 5258/143/1445 5346/102/1511
f 5346/102/1511 5258/143/1445 5259/144/1445 5353/109/1511
f 5353/109/1511 5259/144/1445 5260/145/1445 5360/116/1511
f 5360/116/1511 5260/145/1445 5261/146/1445 5367/123/1511
f 5367/123/1511 5261/146/1445 5262/147/1445 5374/130/1511
f 5374/130/1511 5262/147/1445 5188/148/1445 5200/149/1455
f 5373/129/1510 5374/130/1511 5200/149/1455 5201/150/1456
f 5372/128/1509 5373/129/1510 5201/150/1456 5202/151/1457
f 5371/127/1451 5372/128/1509 5202/151/1457 5203/152/1451
f 5370/126/1508 5371/127/1451 5203/152/1451 5204/153/1458
f 5369/124/1507 5370/126/1508 5204/153/1458 5205/154/1459
f 5368/125/1506 5369/124/1507 5205/154/1459 5206/155/1460
f 5270/156/1444 5368/125/1506 5206/155/1460 5187/157/1444
f 5271/158/1444 5361/118/1506 5368/125/1506 5270/156/1444
f 5272/159/1444 5354/111/1506 5361/118/1506 5271/158/1444
f 5273/160/1444 5347/104/1506 5354/111/1506 5272/159/1444
f 5274/161/1444 5340/97/1506 5347/104/1506 5273/160/1444
f 5275/162/1444 5333/85/1506 5340/97/1506 5274/161/1444
f 5276/133/1444 5326/82/1506 5333/85/1506 5275/162/1444
f 5375/163/1512 5376/164/1512 5383/165/1513 5382/166/1513
f 5376/164/1512 5377/167/1512 5384/168/1513 5383/165/1513
f 5377/167/1512 5378/169/1512 5385/170/1513 5384/168/1513
f 5378/169/1512 5379/171/1512 5386/172/1513 5385/170/1513
f 5379/171/1512 5380/173/1512 5387/174/1513 5386/172/1513
f 5380/173/1512 5381/175/1512 5388/176/1513 5387/174/1513
f 5382/166/1513 5383/165/1513 5390/177/1514 5389/178/1514
f 5383/165/1513 5384/168/1513 5391/179/1514 5390/177/1514
f 5384/168/1513 5385/170/1513 5392/180/1514 5391/179/1514
f 5385/170/1513 5386/172/1513 5393/181/1514 5392/180/1514
f 5386/172/1513 5387/174/1513 5394/182/1514 5393/181/1514
f 5387/174/1513 5388/176/1513 5395/183/1514 5394/182/1514
f 5389/178/1514 5390/177/1514 5397/184/1464 5396/185/1464
f 5390/177/1514 5391/179/1514 5398/186/1464 5397/184/1464
f 5391/179/1514 5392/180/1514 5399/187/1464 5398/186/1464
f 5392/180/1514 5393/181/1514 5400/188/1464 5399/187/1464
f 5393/181/1514 5394/182/1514 5401/189/1464 5400/188/1464
f 5394/182/1514 5395/183/1514 5402/190/1464 5401/189/1464
f 5396/185/1464 5397/184/1464 5404/191/1515 5403/192/1515
f 5397/184/1464 5398/186/1464 5405/193/1515 5404/191/1515
f 5398/186/1464 5399/187/1464 5406/194/1515 5405/193/1515
f 5399/187/1464 5400/188/1464 5407/195/1515 5406/194/1515
f 5400/188/1464 5401/189/1464 5408/196/1515 5407/195/1515
f 5401/189/1464 5402/190/1464 5409/197/1515 5408/196/1515
f 5403/192/1515 5404/191/1515 5411/198/1516 5410/199/1516
f 5404/191/1515 5405/193/1515 5412/200/1516 5411/198/1516
f 5405/193/1515 5406/194/1515 5413/201/1516 5412/200/1516
f 5406/194/1515 5407/195/1515 5414/202/1516 5413/201/1516
f 5407/195/1515 5408/196/1515 5415/203/1516 5414/202/1516
f 5408/196/1515 5409/197/1515 5416/204/1516 5415/203/1516
f 5410/199/1516 5411/198/1516 5418/205/1517 5417/206/1517
f 5411/198/1516 5412/200/1516 5419/207/1517 5418/205/1517
f 5412/200/1516 5413/201/1516 5420/208/1517 5419/207/1517
f 5413/201/1516 5414/202/1516 5421/209/1517 5420/208/1517
f 5414/202/1516 5415/203/1516 5422/210/1517 5421/209/1517
f 5415/203/1516 5416/204/1516 5423/211/1517 5422/210/1517
f 5191/50/1446 5228/212/1446 5375/163/1512 5207/213/1461
f 5228/212/1446 5229/214/1446 5376/164/1512 5375/163/1512
f 5229/214/1446 5230/215/1446 5377/167/1512 5376/164/1512
f 5230/215/1446 5231/79/1446 5378/169/1512 5377/167/1512
f 5231/79/1446 5232/216/1446 5379/171/1512 5378/169/1512
f 5232/216/1446 5233/217/1446 5380/173/1512 5379/171/1512
f 5233/217/1446 5234/75/1446 5381/175/1512 5380/173/1512
f 5234/75/1446 5189/76/1446 5248/218/1493 5381/175/1512
f 5381/175/1512 5248/218/1493 5247/219/1492 5388/176/1513
f 5388/176/1513 5247/219/1492 5246/220/1491 5395/183/1514
f 5395/183/1514 5246/220/1491 5245/221/1464 5402/190/1464
f 5402/190/1464 5245/221/1464 5244/222/1490 5409/197/1515
f 5409/197/1515 5244/222/1490 5243/223/1489 5416/204/1516
f 5416/204/1516 5243/223/1489 5242/224/1488 5423/211/1517
f 5423/211/1517 5242/224/1488 5185/131/1444 5276/225/1444
f 5422/210/1517 5423/211/1517 5276/225/1444 5275/226/1444
f 5421/209/1517 5422/210/1517 5275/226/1444 5274/227/1444
f 5420/208/1517 5421/209/1517 5274/227/1444 5273/160/1444
f 5419/207/1517 5420/208/1517 5273/160/1444 5272/228/1444
f 5418/205/1517 5419/207/1517 5272/228/1444 5271/229/1444
f 5417/206/1517 5418/205/1517 5271/229/1444 5270/230/1444
f 5213/231/1467 5417/206/1517 5270/230/1444 5187/157/1444
f 5212/232/1466 5410/199/1516 5417/206/1517 5213/231/1467
f 5211/233/1465 5403/192/1515 5410/199/1516 5212/232/1466
f 5210/234/1464 5396/185/1464 5403/192/1515 5211/233/1465
f 5209/235/1463 5389/178/1514 5396/185/1464 5210/234/1464
f 5208/236/1462 5382/166/1513 5389/178/1514 5209/235/1463
f 5207/213/1461 5375/163/1512 5382/166/1513 5208/236/1462
f 5424/237/1518 5425/238/1518 5432/239/1519 5431/240/1519
f 5425/238/1518 5426/241/1518 5433/242/1519 5432/239/1519
f 5426/241/1518 5427/243/1518 5434/244/1519 5433/242/1519
f 5427/243/1518 5428/245/1518 5435/246/1519 5434/244/1519
f 5428/245/1518 5429/247/1518 5436/248/1519 5435/246/1519
f 5429/247/1518 5430/249/1518 5437/250/1519 5436/248/1519
f 5431/240/1519 5432/239/1519 5439/251/1520 5438/252/1520
f 5432/239/1519 5433/242/1519 5440/253/1520 5439/251/1520
f 5433/242/1519 5434/244/1519 5441/254/1520 5440/253/1520
f 5434/244/1519 5435/246/1519 5442/255/1520 5441/254/1520
f 5435/246/1519 5436/248/1519 5443/256/1520 5442/255/1520
f 5436/248/1519 5437/250/1519 5444/257/1520 5443/256/1520
f 5438/252/1520 5439/251/1520 5446/258/1471 5445/259/1471
f 5439/251/1520 5440/253/1520 5447/260/1471 5446/258/1471
f 5440/253/1520 5441/254/1520 5448/261/1471 5447/260/1471
f 5441/254/1520 5442/255/1520 5449/262/1471 5448/261/1471
f 5442/255/1520 5443/256/1520 5450/263/1471 5449/262/1471
f 5443/256/1520 5444/257/1520 5451/264/1471 5450/263/1471
f 5445/259/1471 5446/258/1471 5453/265/1521 5452/266/1521
f 5446/258/1471 5447/260/1471 5454/267/1521 5453/265/1521
f 5447/260/1471 5448/261/1471 5455/268/1521 5454/267/1521
f 5448/261/1471 5449/262/1471 5456/269/1521 5455/268/1521
f 5449/262/1471 5450/263/1471 5457/270/1521 5456/269/1521
f 5450/263/1471 5451/264/1471 5458/271/1521 5457/270/1521
f 5452/266/1521 5453/265/1521 5460/272/1522 5459/273/1522
f 5453/265/1521 5454/267/1521 5461/274/1522 5460/272/1522
f 5454/267/1521 5455/268/1521 5462/275/1522 5461/274/1522
f 5455/268/1521 5456/269/1521 5463/276/1522 5462/275/1522
f 5456/269/1521 5457/270/1521 5464/277/1522 5463/276/1522
f 5457/270/1521 5458/271/1521 5465/278/1522 5464/277/1522
f 5459/273/1522 5460/272/1522 5467/279/1523 5466/280/1523
f 5460/272/1522 5461/274/1522 5468/281/1523 5467/279/1523
f 5461/274/1522 5462/275/1522 5469/282/1523 5468/281/1523
f 5462/275/1522 5463/276/1522 5470/283/1523 5469/282/1523
f 5463/276/1522 5464/277/1522 5471/284/1523 5470/283/1523
f 5464/277/1522 5465/278/1522 5472/285/1523 5471/284/1523
f 5188/286/1445 5262/287/1445 5424/237/1518 5214/288/1468
f 5262/287/1445 5261/289/1445 5425/238/1518 5424/237/1518
f 5261/289/1445 5260/290/1445 5426/241/1518 5425/238/1518
f 5260/290/1445 5259/291/1445 5427/243/1518 5426/241/1518
f 5259/291/1445 5258/292/1445 5428/245/1518 5427/243/1518
f 5258/292/1445 5257/293/1445 5429/247/1518 5428/245/1518
f 5257/293/1445 5256/294/1445 5430/249/1518 5429/247/1518
f 5256/294/1445 5186/295/1445 5255/296/1499 5430/249/1518
f 5430/249/1518 5255/296/1499 5254/297/1498 5437/250/1519
f 5437/250/1519 5254/297/1498 5253/298/1497 5444/257/1520
f 5444/257/1520 5253/298/1497 5252/299/1471 5451/264/1471
f 5451/264/1471 5252/299/1471 5251/300/1496 5458/271/1521
f 5458/271/1521 5251/300/1496 5250/301/1495 5465/278/1522
f 5465/278/1522 5250/301/1495 5249/302/1494 5472/285/1523
f 5472/285/1523 5249/302/1494 5190/67/1447 5269/66/1447
f 5471/284/1523 5472/285/1523 5269/66/1447 5268/65/1447
f 5470/283/1523 5471/284/1523 5268/65/1447 5267/303/1447
f 5469/282/1523 5470/283/1523 5267/303/1447 5266/304/1447
f 5468/281/1523 5469/282/1523 5266/304/1447 5265/305/1447
f 5467/279/1523 5468/281/1523 5265/305/1447 5264/306/1447
f 5466/280/1523 5467/279/1523 5264/306/1447 5263/307/1447
f 5220/308/1474 5466/280/1523 5263/307/1447 5192/59/1447
f 5219/309/1473 5459/273/1522 5466/280/1523 5220/308/1474
f 5218/310/1472 5452/266/1521 5459/273/1522 5219/309/1473
f 5217/311/1471 5445/259/1471 5452/266/1521 5218/310/1472
f 5216/312/1470 5438/252/1520 5445/259/1471 5217/311/1471
f 5215/313/1469 5431/240/1519 5438/252/1520 5216/312/1470
f 5214/288/1468 5424/237/1518 5431/240/1519 5215/313/1469
f 5565/1/1580 5566/2/1581 5573/3/1581 5572/4/1580
f 5566/2/1581 5567/5/1582 5574/6/1582 5573/3/1581
f 5567/5/1582 5568/7/1558 5575/8/1558 5574/6/1582
f 5568/7/1558 5569/9/1583 5576/10/1583 5575/8/1558
f 5569/9/1583 5570/11/1584 5577/12/1584 5576/10/1583
f 5570/11/1584 5571/13/1585 5578/14/1585 5577/12/1584
f 5572/4/1580 5573/3/1581 5580/15/1581 5579/16/1580
f 5573/3/1581 5574/6/1582 5581/17/1582 5580/15/1581
f 5574/6/1582 5575/8/1558 5582/18/1558 5581/17/1582
f 5575/8/1558 5576/10/1583 5583/19/1583 5582/18/1558
f 5576/10/1583 5577/12/1584 5584/20/1584 5583/19/1583
f 5577/12/1584 5578/14/1585 5585/21/1585 5584/20/1584
f 5579/16/1580 5580/15/1581 5587/22/1581 5586/23/1580
f 5580/15/1581 5581/17/1582 5588/24/1582 5587/22/1581
f 5581/17/1582 5582/18/1558 5589/25/1558 5588/24/1582
f 5582/18/1558 5583/19/1583 5590/26/1583 5589/25/1558
f 5583/19/1583 5584/20/1584 5591/27/1584 5590/26/1583
f 5584/20/1584 5585/21/1585 5592/28/1585 5591/27/1584
f 5586/23/1580 5587/22/1581 5594/29/1581 5593/30/1580
f 5587/22/1581 5588/24/1582 5595/31/1582 5594/29/1581
f 5588/24/1582 5589/25/1558 5596/32/1558 5595/31/1582
f 5589/25/1558 5590/26/1583 5597/33/1583 5596/32/1558
f 5590/26/1583 5591/27/1584 5598/34/1584 5597/33/1583
f 5591/27/1584 5592/28/1585 5599/35/1585 5598/34/1584
f 5593/30/1580 5594/29/1581 5601/36/1581 5600/37/1580
f 5594/29/1581 5595/31/1582 5602/38/1582 5601/36/1581
f 5595/31/1582 5596/32/1558 5603/39/1558 5602/38/1582
f 5596/32/1558 5597/33/1583 5604/40/1583 5603/39/1558
f 5597/33/1583 5598/34/1584 5605/41/1584 5604/40/1583
f 5598/34/1584 5599/35/1585 5606/42/1585 5605/41/1584
f 5600/37/1580 5601/36/1581 5608/43/1581 5607/44/1580
f 5601/36/1581 5602/38/1582 5609/45/1582 5608/43/1581
f 5602/38/1582 5603/39/1558 5610/46/1558 5609/45/1582
f 5603/39/1558 5604/40/1583 5611/47/1583 5610/46/1558
f 5604/40/1583 5605/41/1584 5612/48/1584 5611/47/1583
f 5605/41/1584 5606/42/1585 5613/49/1585 5612/48/1584
f 5479/50/1526 5515/51/1561 5565/1/1580 5516/52/1526
f 5515/51/1561 5514/53/1560 5566/2/1581 5565/1/1580
f 5514/53/1560 5513/54/1559 5567/5/1582 5566/2/1581
f 5513/54/1559 5512/55/1558 5568/7/1558 5567/5/1582
f 5512/55/1558 5511/56/1557 5569/9/1583 5568/7/1558
f 5511/56/1557 5510/57/1556 5570/11/1584 5569/9/1583
f 5510/57/1556 5509/58/1555 5571/13/1585 5570/11/1584
f 5509/58/1555 5480/59/1527 5551/60/1527 5571/13/1585
f 5571/13/1585 5551/60/1527 5552/61/1527 5578/14/1585
f 5578/14/1585 5552/61/1527 5553/62/1527 5585/21/1585
f 5585/21/1585 5553/62/1527 5554/63/1527 5592/28/1585
f 5592/28/1585 5554/63/1527 5555/64/1527 5599/35/1585
f 5599/35/1585 5555/64/1527 5556/65/1527 5606/42/1585
f 5606/42/1585 5556/65/1527 5557/66/1527 5613/49/1585
f 5613/49/1585 5557/66/1527 5478/67/1527 5523/68/1562
f 5612/48/1584 5613/49/1585 5523/68/1562 5524/69/1563
f 5611/47/1583 5612/48/1584 5524/69/1563 5525/70/1564
f 5610/46/1558 5611/47/1583 5525/70/1564 5526/71/1558
f 5609/45/1582 5610/46/1558 5526/71/1558 5527/72/1565
f 5608/43/1581 5609/45/1582 5527/72/1565 5528/73/1566
f 5607/44/1580 5608/43/1581 5528/73/1566 5529/74/1567
f 5522/75/1526 5607/44/1580 5529/74/1567 5477/76/1526
f 5521/77/1526 5600/37/1580 5607/44/1580 5522/75/1526
f 5520/78/1526 5593/30/1580 5600/37/1580 5521/77/1526
f 5519/79/1526 5586/23/1580 5593/30/1580 5520/78/1526
f 5518/80/1526 5579/16/1580 5586/23/1580 5519/79/1526
f 5517/81/1526 5572/4/1580 5579/16/1580 5518/80/1526
f 5516/52/1526 5565/1/1580 5572/4/1580 5517/81/1526
f 5614/82/1586 5615/83/1587 5622/84/1587 5621/85/1586
f 5615/83/1587 5616/86/1588 5623/87/1588 5622/84/1587
f 5616/86/1588 5617/88/1531 5624/89/1531 5623/87/1588
f 5617/88/1531 5618/90/1589 5625/91/1589 5624/89/1531
f 5618/90/1589 5619/92/1590 5626/93/1590 5625/91/1589
f 5619/92/1590 5620/94/1591 5627/95/1591 5626/93/1590
f 5621/85/1586 5622/84/1587 5629/96/1587 5628/97/1586
f 5622/84/1587 5623/87/1588 5630/98/1588 5629/96/1587
f 5623/87/1588 5624/89/1531 5631/99/1531 5630/98/1588
f 5624/89/1531 5625/91/1589 5632/100/1589 5631/99/1531
f 5625/91/1589 5626/93/1590 5633/101/1590 5632/100/1589
f 5626/93/1590 5627/95/1591 5634/102/1591 5633/101/1590
f 5628/97/1586 5629/96/1587 5636/103/1587 5635/104/1586
f 5629/96/1587 5630/98/1588 5637/105/1588 5636/103/1587
f 5630/98/1588 5631/99/1531 5638/106/1531 5637/105/1588
f 5631/99/1531 5632/100/1589 5639/107/1589 5638/106/1531
f 5632/100/1589 5633/101/1590 5640/108/1590 5639/107/1589
f 5633/101/1590 5634/102/1591 5641/109/1591 5640/108/1590
f 5635/104/1586 5636/103/1587 5643/110/1587 5642/111/1586
f 5636/103/1587 5637/105/1588 5644/112/1588 5643/110/1587
f 5637/105/1588 5638/106/1531 5645/113/1531 5644/112/1588
f 5638/106/1531 5639/107/1589 5646/114/1589 5645/113/1531
f 5639/107/1589 5640/108/1590 5647/115/1590 5646/114/1589
f 5640/108/1590 5641/109/1591 5648/116/1591 5647/115/1590
f 5642/111/1586 5643/110/1587 5650/117/1587 5649/118/1586
f 5643/110/1587 5644/112/1588 5651/119/1588 5650/117/1587
f 5644/112/1588 5645/113/1531 5652/120/1531 5651/119/1588
f 5645/113/1531 5646/114/1589 5653/121/1589 5652/120/1531
f 5646/114/1589 5647/115/1590 5654/122/1590 5653/121/1589
f 5647/115/1590 5648/116/1591 5655/123/1591 5654/122/1590
f 5649/118/1586 5650/117/1587 5657/124/1587 5656/125/1586
f 5650/117/1587 5651/119/1588 5658/126/1588 5657/124/1587
f 5651/119/1588 5652/120/1531 5659/127/1531 5658/126/1588
f 5652/120/1531 5653/121/1589 5660/128/1589 5659/127/1531
f 5653/121/1589 5654/122/1590 5661/129/1590 5660/128/1589
f 5654/122/1590 5655/123/1591 5662/130/1591 5661/129/1590
f 5473/131/1524 5481/132/1528 5614/82/1586 5564/133/1524
f 5481/132/1528 5482/134/1529 5615/83/1587 5614/82/1586
f 5482/134/1529 5483/135/1530 5616/86/1588 5615/83/1587
f 5483/135/1530 5484/136/1531 5617/88/1531 5616/86/1588
f 5484/136/1531 5485/137/1532 5618/90/1589 5617/88/1531
f 5485/137/1532 5486/138/1533 5619/92/1590 5618/90/1589
f 5486/138/1533 5487/139/1534 5620/94/1591 5619/92/1590
f 5487/139/1534 5474/140/1525 5544/141/1525 5620/94/1591
f 5620/94/1591 5544/141/1525 5545/142/1525 5627/95/1591
f 5627/95/1591 5545/142/1525 5546/143/1525 5634/102/1591
f 5634/102/1591 5546/143/1525 5547/144/1525 5641/109/1591
f 5641/109/1591 5547/144/1525 5548/145/1525 5648/116/1591
f 5648/116/1591 5548/145/1525 5549/146/1525 5655/123/1591
f 5655/123/1591 5549/146/1525 5550/147/1525 5662/130/1591
f 5662/130/1591 5550/147/1525 5476/148/1525 5488/149/1535
f 5661/129/1590 5662/130/1591 5488/149/1535 5489/150/1536
f 5660/128/1589 5661/129/1590 5489/150/1536 5490/151/1537
f 5659/127/1531 5660/128/1589 5490/151/1537 5491/152/1531
f 5658/126/1588 5659/127/1531 5491/152/1531 5492/153/1538
f 5657/124/1587 5658/126/1588 5492/153/1538 5493/154/1539
f 5656/125/1586 5657/124/1587 5493/154/1539 5494/155/1540
f 5558/156/1524 5656/125/1586 5494/155/1540 5475/157/1524
f 5559/158/1524 5649/118/1586 5656/125/1586 5558/156/1524
f 5560/159/1524 5642/111/1586 5649/118/1586 5559/158/1524
f 5561/160/1524 5635/104/1586 5642/111/1586 5560/159/1524
f 5562/161/1524 5628/97/1586 5635/104/1586 5561/160/1524
f 5563/162/1524 5621/85/1586 5628/97/1586 5562/161/1524
f 5564/133/1524 5614/82/1586 5621/85/1586 5563/162/1524
f 5663/163/1592 5664/164/1592 5671/165/1593 5670/166/1593
f 5664/164/1592 5665/167/1592 5672/168/1593 5671/165/1593
f 5665/167/1592 5666/169/1592 5673/170/1593 5672/168/1593
f 5666/169/1592 5667/171/1592 5674/172/1593 5673/170/1593
f 5667/171/1592 5668/173/1592 5675/174/1593 5674/172/1593
f 5668/173/1592 5669/175/1592 5676/176/1593 5675/174/1593
f 5670/166/1593 5671/165/1593 5678/177/1594 5677/178/1594
f 5671/165/1593 5672/168/1593 5679/179/1594 5678/177/1594
f 5672/168/1593 5673/170/1593 5680/180/1594 5679/179/1594
f 5673/170/1593 5674/172/1593 5681/181/1594 5680/180/1594
f 5674/172/1593 5675/174/1593 5682/182/1594 5681/181/1594
f 5675/174/1593 5676/176/1593 5683/183/1594 5682/182/1594
f 5677/178/1594 5678/177/1594 5685/184/1544 5684/185/1544
f 5678/177/1594 5679/179/1594 5686/186/1544 5685/184/1544
f 5679/179/1594 5680/180/1594 5687/187/1544 5686/186/1544
f 5680/180/1594 5681/181/1594 5688/188/1544 5687/187/1544
f 5681/181/1594 5682/182/1594 5689/189/1544 5688/188/1544
f 5682/182/1594 5683/183/1594 5690/190/1544 5689/189/1544
f 5684/185/1544 5685/184/1544 5692/191/1595 5691/192/1595
f 5685/184/1544 5686/186/1544 5693/193/1595 5692/191/1595
f 5686/186/1544 5687/187/1544 5694/194/1595 5693/193/1595
f 5687/187/1544 5688/188/1544 5695/195/1595 5694/194/1595
f 5688/188/1544 5689/189/1544 5696/196/1595 5695/195/1595
f 5689/189/1544 5690/190/1544 5697/197/1595 5696/196/1595
f 5691/192/1595 5692/191/1595 5699/198/1596 5698/199/1596
f 5692/191/1595 5693/193/1595 5700/200/1596 5699/198/1596
f 5693/193/1595 5694/194/1595 5701/201/1596 5700/200/1596
f 5694/194/1595 5695/195/1595 5702/202/1596 5701/201/1596
f 5695/195/1595 5696/196/1595 5703/203/1596 5702/202/1596
f 5696/196/1595 5697/197/1595 5704/204/1596 5703/203/1596
f 5698/199/1596 5699/198/1596 5706/205/1597 5705/206/1597
f 5699/198/1596 5700/200/1596 5707/207/1597 5706/205/1597
f 5700/200/1596 5701/201/1596 5708/208/1597 5707/207/1597
f 5701/201/1596 5702/202/1596 5709/209/1597 5708/208/1597
f 5702/202/1596 5703/203/1596 5710/210/1597 5709/209/1597
f 5703/203/1596 5704/204/1596 5711/211/1597 5710/210/1597
f 5479/50/1526 5516/212/1526 5663/163/1592 5495/213/1541
f 5516/212/1526 5517/214/1526 5664/164/1592 5663/163/1592
f 5517/214/1526 5518/215/1526 5665/167/1592 5664/164/1592
f 5518/215/1526 5519/79/1526 5666/169/1592 5665/167/1592
f 5519/79/1526 5520/216/1526 5667/171/1592 5666/169/1592
f 5520/216/1526 5521/217/1526 5668/173/1592 5667/171/1592
f 5521/217/1526 5522/75/1526 5669/175/1592 5668/173/1592
f 5522/75/1526 5477/76/1526 5536/218/1573 5669/175/1592
f 5669/175/1592 5536/218/1573 5535/219/1572 5676/176/1593
f 5676/176/1593 5535/219/1572 5534/220/1571 5683/183/1594
f 5683/183/1594 5534/220/1571 5533/221/1544 5690/190/1544
f 5690/190/1544 5533/221/1544 5532/222/1570 5697/197/1595
f 5697/197/1595 5532/222/1570 5531/223/1569 5704/204/1596
f 5704/204/1596 5531/223/1569 5530/224/1568 5711/211/1597
f 5711/211/1597 5530/224/1568 5473/131/1524 5564/225/1524
f 5710/210/1597 5711/211/1597 5564/225/1524 5563/226/1524
f 5709/209/1597 5710/210/1597 5563/226/1524 5562/227/1524
f 5708/208/1597 5709/209/1597 5562/227/1524 5561/160/1524
f 5707/207/1597 5708/208/1597 5561/160/1524 5560/228/1524
f 5706/205/1597 5707/207/1597 5560/228/1524 5559/229/1524
f 5705/206/1597 5706/205/1597 5559/229/1524 5558/230/1524
f 5501/231/1547 5705/206/1597 5558/230/1524 5475/157/1524
f 5500/232/1546 5698/199/1596 5705/206/1597 5501/231/1547
f 5499/233/1545 5691/192/1595 5698/199/1596 5500/232/1546
f 5498/234/1544 5684/185/1544 5691/192/1595 5499/233/1545
f 5497/235/1543 5677/178/1594 5684/185/1544 5498/234/1544
f 5496/236/1542 5670/166/1593 5677/178/1594 5497/235/1543
f 5495/213/1541 5663/163/1592 5670/166/1593 5496/236/1542
f 5712/237/1598 5713/238/1598 5720/239/1599 5719/240/1599
f 5713/238/1598 5714/241/1598 5721/242/1599 5720/239/1599
f 5714/241/1598 5715/243/1598 5722/244/1599 5721/242/1599
f 5715/243/1598 5716/245/1598 5723/246/1599 5722/244/1599
f 5716/245/1598 5717/247/1598 5724/248/1599 5723/246/1599
f 5717/247/1598 5718/249/1598 5725/250/1599 5724/248/1599
f 5719/240/1599 5720/239/1599 5727/251/1600 5726/252/1600
f 5720/239/1599 5721/242/1599 5728/253/1600 5727/251/1600
f 5721/242/1599 5722/244/1599 5729/254/1600 5728/253/1600
f 5722/244/1599 5723/246/1599 5730/255/1600 5729/254/1600
f 5723/246/1599 5724/248/1599 5731/256/1600 5730/255/1600
f 5724/248/1599 5725/250/1599 5732/257/1600 5731/256/1600
f 5726/252/1600 5727/251/1600 5734/258/1551 5733/259/1551
f 5727/251/1600 5728/253/1600 5735/260/1551 5734/258/1551
f 5728/253/1600 5729/254/1600 5736/261/1551 5735/260/1551
f 5729/254/1600 5730/255/1600 5737/262/1551 5736/261/1551
f 5730/255/1600 5731/256/1600 5738/263/1551 5737/262/1551
f 5731/256/1600 5732/257/1600 5739/264/1551 5738/263/1551
f 5733/259/1551 5734/258/1551 5741/265/1601 5740/266/1601
f 5734/258/1551 5735/260/1551 5742/267/1601 5741/265/1601
f 5735/260/1551 5736/261/1551 5743/268/1601 5742/267/1601
f 5736/261/1551 5737/262/1551 5744/269/1601 5743/268/1601
f 5737/262/1551 5738/263/1551 5745/270/1601 5744/269/1601
f 5738/263/1551 5739/264/1551 5746/271/1601 5745/270/1601
f 5740/266/1601 5741/265/1601 5748/272/1602 5747/273/1602
f 5741/265/1601 5742/267/1601 5749/274/1602 5748/272/1602
f 5742/267/1601 5743/268/1601 5750/275/1602 5749/274/1602
f 5743/268/1601 5744/269/1601 5751/276/1602 5750/275/1602
f 5744/269/1601 5745/270/1601 5752/277/1602 5751/276/1602
f 5745/270/1601 5746/271/1601 5753/278/1602 5752/277/1602
f 5747/273/1602 5748/272/1602 5755/279/1603 5754/280/1603
f 5748/272/1602 5749/274/1602 5756/281/1603 5755/279/1603
f 5749/274/1602 5750/275/1602 5757/282/1603 5756/281/1603
f 5750/275/1602 5751/276/1602 5758/283/1603 5757/282/1603
f 5751/276/1602 5752/277/1602 5759/284/1603 5758/283/1603
f 5752/277/1602 5753/278/1602 5760/285/1603 5759/284/1603
f 5476/286/1525 5550/287/1525 5712/237/1598 5502/288/1548
f 5550/287/1525 5549/289/1525 5713/238/1598 5712/237/1598
f 5549/289/1525 5548/290/1525 5714/241/1598 5713/238/1598
f 5548/290/1525 5547/291/1525 5715/243/1598 5714/241/1598
f 5547/291/1525 5546/292/1525 5716/245/1598 5715/243/1598
f 5546/292/1525 5545/293/1525 5717/247/1598 5716/245/1598
f 5545/293/1525 5544/294/1525 5718/249/1598 5717/247/1598
f 5544/294/1525 5474/295/1525 5543/296/1579 5718/249/1598
f 5718/249/1598 5543/296/1579 5542/297/1578 5725/250/1599
f 5725/250/1599 5542/297/1578 5541/298/1577 5732/257/1600
f 5732/257/1600 5541/298/1577 5540/299/1551 5739/264/1551
f 5739/264/1551 5540/299/1551 5539/300/1576 5746/271/1601
f 5746/271/1601 5539/300/1576 5538/301/1575 5753/278/1602
f 5753/278/1602 5538/301/1575 5537/302/1574 5760/285/1603
f 5760/285/1603 5537/302/1574 5478/67/1527 5557/66/1527
f 5759/284/1603 5760/285/1603 5557/66/1527 5556/65/1527
f 5758/283/1603 5759/284/1603 5556/65/1527 5555/303/1527
f 5757/282/1603 5758/283/1603 5555/303/1527 5554/304/1527
f 5756/281/1603 5757/282/1603 5554/304/1527 5553/305/1527
f 5755/279/1603 5756/281/1603 5553/305/1527 5552/306/1527
f 5754/280/1603 5755/279/1603 5552/306/1527 5551/307/1527
f 5508/308/1554 5754/280/1603 5551/307/1527 5480/59/1527
f 5507/309/1553 5747/273/1602 5754/280/1603 5508/308/1554
f 5506/310/1552 5740/266/1601 5747/273/1602 5507/309/1553
f 5505/311/1551 5733/259/1551 5740/266/1601 5506/310/1552
f 5504/312/1550 5726/252/1600 5733/259/1551 5505/311/1551
f 5503/313/1549 5719/240/1599 5726/252/1600 5504/312/1550
f 5502/288/1548 5712/237/1598 5719/240/1599 5503/313/1549
f 5853/1/1660 5854/2/1661 5861/3/1661 5860/4/1660
f 5854/2/1661 5855/5/1662 5862/6/1662 5861/3/1661
f 5855/5/1662 5856/7/1638 5863/8/1638 5862/6/1662
f 5856/7/1638 5857/9/1663 5864/10/1663 5863/8/1638
f 5857/9/1663 5858/11/1664 5865/12/1664 5864/10/1663
f 5858/11/1664 5859/13/1665 5866/14/1665 5865/12/1664
f 5860/4/1660 5861/3/1661 5868/15/1661 5867/16/1660
f 5861/3/1661 5862/6/1662 5869/17/1662 5868/15/1661
f 5862/6/1662 5863/8/1638 5870/18/1638 5869/17/1662
f 5863/8/1638 5864/10/1663 5871/19/1663 5870/18/1638
f 5864/10/1663 5865/12/1664 5872/20/1664 5871/19/1663
f 5865/12/1664 5866/14/1665 5873/21/1665 5872/20/1664
f 5867/16/1660 5868/15/1661 5875/22/1661 5874/23/1660
f 5868/15/1661 5869/17/1662 5876/24/1662 5875/22/1661
f 5869/17/1662 5870/18/1638 5877/25/1638 5876/24/1662
f 5870/18/1638 5871/19/1663 5878/26/1663 5877/25/1638
f 5871/19/1663 5872/20/1664 5879/27/1664 5878/26/1663
f 5872/20/1664 5873/21/1665 5880/28/1665 5879/27/1664
f 5874/23/1660 5875/22/1661 5882/29/1661 5881/30/1660
f 5875/22/1661 5876/24/1662 5883/31/1662 5882/29/1661
f 5876/24/1662 5877/25/1638 5884/32/1638 5883/31/1662
f 5877/25/1638 5878/26/1663 5885/33/1663 5884/32/1638
f 5878/26/1663 5879/27/1664 5886/34/1664 5885/33/1663
f 5879/27/1664 5880/28/1665 5887/35/1665 5886/34/1664
f 5881/30/1660 5882/29/1661 5889/36/1661 5888/37/1660
f 5882/29/1661 5883/31/1662 5890/38/1662 5889/36/1661
f 5883/31/1662 5884/32/1638 5891/39/1638 5890/38/1662
f 5884/32/1638 5885/33/1663 5892/40/1663 5891/39/1638
f 5885/33/1663 5886/34/1664 5893/41/1664 5892/40/1663
f 5886/34/1664 5887/35/1665 5894/42/1665 5893/41/1664
f 5888/37/1660 5889/36/1661 5896/43/1661 5895/44/1660
f 5889/36/1661 5890/38/1662 5897/45/1662 5896/43/1661
f 5890/38/1662 5891/39/1638 5898/46/1638 5897/45/1662
f 5891/39/1638 5892/40/1663 5899/47/1663 5898/46/1638
f 5892/40/1663 5893/41/1664 5900/48/1664 5899/47/1663
f 5893/41/1664 5894/42/1665 5901/49/1665 5900/48/1664
f 5767/50/1606 5803/51/1641 5853/1/1660 5804/52/1606
f 5803/51/1641 5802/53/1640 5854/2/1661 5853/1/1660
f 5802/53/1640 5801/54/1639 5855/5/1662 5854/2/1661
f 5801/54/1639 5800/55/1638 5856/7/1638 5855/5/1662
f 5800/55/1638 5799/56/1637 5857/9/1663 5856/7/1638
f 5799/56/1637 5798/57/1636 5858/11/1664 5857/9/1663
f 5798/57/1636 5797/58/1635 5859/13/1665 5858/11/1664
f 5797/58/1635 5768/59/1607 5839/60/1607 5859/13/1665
f 5859/13/1665 5839/60/1607 5840/61/1607 5866/14/1665
f 5866/14/1665 5840/61/1607 5841/62/1607 5873/21/1665
f 5873/21/1665 5841/62/1607 5842/63/1607 5880/28/1665
f 5880/28/1665 5842/63/1607 5843/64/1607 5887/35/1665
f 5887/35/1665 5843/64/1607 5844/65/1607 5894/42/1665
f 5894/42/1665 5844/65/1607 5845/66/1607 5901/49/1665
f 5901/49/1665 5845/66/1607 5766/67/1607 5811/68/1642
f 5900/48/1664 5901/49/1665 5811/68/1642 5812/69/1643
f 5899/47/1663 5900/48/1664 5812/69/1643 5813/70/1644
f 5898/46/1638 5899/47/1663 5813/70/1644 5814/71/1638
f 5897/45/1662 5898/46/1638 5814/71/1638 5815/72/1645
f 5896/43/1661 5897/45/1662 5815/72/1645 5816/73/1646
f 5895/44/1660 5896/43/1661 5816/73/1646 5817/74/1647
f 5810/75/1606 5895/44/1660 5817/74/1647 5765/76/1606
f 5809/77/1606 5888/37/1660 5895/44/1660 5810/75/1606
f 5808/78/1606 5881/30/1660 5888/37/1660 5809/77/1606
f 5807/79/1606 5874/23/1660 5881/30/1660 5808/78/1606
f 5806/80/1606 5867/16/1660 5874/23/1660 5807/79/1606
f 5805/81/1606 5860/4/1660 5867/16/1660 5806/80/1606
f 5804/52/1606 5853/1/1660 5860/4/1660 5805/81/1606
f 5902/82/1666 5903/83/1667 5910/84/1667 5909/85/1666
f 5903/83/1667 5904/86/1668 5911/87/1668 5910/84/1667
f 5904/86/1668 5905/88/1611 5912/89/1611 5911/87/1668
f 5905/88/1611 5906/90/1669 5913/91/1669 5912/89/1611
f 5906/90/1669 5907/92/1670 5914/93/1670 5913/91/1669
f 5907/92/1670 5908/94/1671 5915/95/1671 5914/93/1670
f 5909/85/1666 5910/84/1667 5917/96/1667 5916/97/1666
f 5910/84/1667 5911/87/1668 5918/98/1668 5917/96/1667
f 5911/87/1668 5912/89/1611 5919/99/1611 5918/98/1668
f 5912/89/1611 5913/91/1669 5920/100/1669 5919/99/1611
f 5913/91/1669 5914/93/1670 5921/101/1670 5920/100/1669
f 5914/93/1670 5915/95/1671 5922/102/1671 5921/101/1670
f 5916/97/1666 5917/96/1667 5924/103/1667 5923/104/1666
f 5917/96/1667 5918/98/1668 5925/105/1668 5924/103/1667
f 5918/98/1668 5919/99/1611 5926/106/1611 5925/105/1668
f 5919/99/1611 5920/100/1669 5927/107/1669 5926/106/1611
f 5920/100/1669 5921/101/1670 5928/108/1670 5927/107/1669
f 5921/101/1670 5922/102/1671 5929/109/1671 5928/108/1670
f 5923/104/1666 5924/103/1667 5931/110/1667 5930/111/1666
f 5924/103/1667 5925/105/1668 5932/112/1668 5931/110/1667
f 5925/105/1668 5926/106/1611 5933/113/1611 5932/112/1668
f 5926/106/1611 5927/107/1669 5934/114/1669 5933/113/1611
f 5927/107/1669 5928/108/1670 5935/115/1670 5934/114/1669
f 5928/108/1670 5929/109/1671 5936/116/1671 5935/115/1670
f 5930/111/1666 5931/110/1667 5938/117/1667 5937/118/1666
f 5931/110/1667 5932/112/1668 5939/119/1668 5938/117/1667
f 5932/112/1668 5933/113/1611 5940/120/1611 5939/119/1668
f 5933/113/1611 5934/114/1669 5941/121/1669 5940/120/1611
f 5934/114/1669 5935/115/1670 5942/122/1670 5941/121/1669
f 5935/115/1670 5936/116/1671 5943/123/1671 5942/122/1670
f 5937/118/1666 5938/117/1667 5945/124/1667 5944/125/1666
f 5938/117/1667 5939/119/1668 5946/126/1668 5945/124/1667
f 5939/119/1668 5940/120/1611 5947/127/1611 5946/126/1668
f 5940/120/1611 5941/121/1669 5948/128/1669 5947/127/1611
f 5941/121/1669 5942/122/1670 5949/129/1670 5948/128/1669
f 5942/122/1670 5943/123/1671 5950/130/1671 5949/129/1670
f 5761/131/1604 5769/132/1608 5902/82/1666 5852/133/1604
f 5769/132/1608 5770/134/1609 5903/83/1667 5902/82/1666
f 5770/134/1609 5771/135/1610 5904/86/1668 5903/83/1667
f 5771/135/1610 5772/136/1611 5905/88/1611 5904/86/1668
f 5772/136/1611 5773/137/1612 5906/90/1669 5905/88/1611
f 5773/137/1612 5774/138/1613 5907/92/1670 5906/90/1669
f 5774/138/1613 5775/139/1614 5908/94/1671 5907/92/1670
f 5775/139/1614 5762/140/1605 5832/141/1605 5908/94/1671
f 5908/94/1671 5832/141/1605 5833/142/1605 5915/95/1671
f 5915/95/1671 5833/142/1605 5834/143/1605 5922/102/1671
f 5922/102/1671 5834/143/1605 5835/144/1605 5929/109/1671
f 5929/109/1671 5835/144/1605 5836/145/1605 5936/116/1671
f 5936/116/1671 5836/145/1605 5837/146/1605 5943/123/1671
f 5943/123/1671 5837/146/1605 5838/147/1605 5950/130/1671
f 5950/130/1671 5838/147/1605 5764/148/1605 5776/149/1615
f 5949/129/1670 5950/130/1671 5776/149/1615 5777/150/1616
f 5948/128/1669 5949/129/1670 5777/150/1616 5778/151/1617
f 5947/127/1611 5948/128/1669 5778/151/1617 5779/152/1611
f 5946/126/1668 5947/127/1611 5779/152/1611 5780/153/1618
f 5945/124/1667 5946/126/1668 5780/153/1618 5781/154/1619
f 5944/125/1666 5945/124/1667 5781/154/1619 5782/155/1620
f 5846/156/1604 5944/125/1666 5782/155/1620 5763/157/1604
f 5847/158/1604 5937/118/1666 5944/125/1666 5846/156/1604
f 5848/159/1604 5930/111/1666 5937/118/1666 5847/158/1604
f 5849/160/1604 5923/104/1666 5930/111/1666 5848/159/1604
f 5850/161/1604 5916/97/1666 5923/104/1666 5849/160/1604
f 5851/162/1604 5909/85/1666 5916/97/1666 5850/161/1604
f 5852/133/1604 5902/82/1666 5909/85/1666 5851/162/1604
f 5951/163/1672 5952/164/1672 5959/165/1673 5958/166/1673
f 5952/164/1672 5953/167/1672 5960/168/1673 5959/165/1673
f 5953/167/1672 5954/169/1672 5961/170/1673 5960/168/1673
f 5954/169/1672 5955/171/1672 5962/172/1673 5961/170/1673
f 5955/171/1672 5956/173/1672 5963/174/1673 5962/172/1673
f 5956/173/1672 5957/175/1672 5964/176/1673 5963/174/1673
f 5958/166/1673 5959/165/1673 5966/177/1674 5965/178/1674
f 5959/165/1673 5960/168/1673 5967/179/1674 5966/177/1674
f 5960/168/1673 5961/170/1673 5968/180/1674 5967/179/1674
f 5961/170/1673 5962/172/1673 5969/181/1674 5968/180/1674
f 5962/172/1673 5963/174/1673 5970/182/1674 5969/181/1674
f 5963/174/1673 5964/176/1673 5971/183/1674 5970/182/1674
f 5965/178/1674 5966/177/1674 5973/184/1624 5972/185/1624
f 5966/177/1674 5967/179/1674 5974/186/1624 5973/184/1624
f 5967/179/1674 5968/180/1674 5975/187/1624 5974/186/1624
f 5968/180/1674 5969/181/1674 5976/188/1624 5975/187/1624
f 5969/181/1674 5970/182/1674 5977/189/1624 5976/188/1624
f 5970/182/1674 5971/183/1674 5978/190/1624 5977/189/1624
f 5972/185/1624 5973/184/1624 5980/191/1675 5979/192/1675
f 5973/184/1624 5974/186/1624 5981/193/1675 5980/191/1675
f 5974/186/1624 5975/187/1624 5982/194/1675 5981/193/1675
f 5975/187/1624 5976/188/1624 5983/195/1675 5982/194/1675
f 5976/188/1624 5977/189/1624 5984/196/1675 5983/195/1675
f 5977/189/1624 5978/190/1624 5985/197/1675 5984/196/1675
f 5979/192/1675 5980/191/1675 5987/198/1676 5986/199/1676
f 5980/191/1675 5981/193/1675 5988/200/1676 5987/198/1676
f 5981/193/1675 5982/194/1675 5989/201/1676 5988/200/1676
f 5982/194/1675 5983/195/1675 5990/202/1676 5989/201/1676
f 5983/195/1675 5984/196/1675 5991/203/1676 5990/202/1676
f 5984/196/1675 5985/197/1675 5992/204/1676 5991/203/1676
f 5986/199/1676 5987/198/1676 5994/205/1677 5993/206/1677
f 5987/198/1676 5988/200/1676 5995/207/1677 5994/205/1677
f 5988/200/1676 5989/201/1676 5996/208/1677 5995/207/1677
f 5989/201/1676 5990/202/1676 5997/209/1677 5996/208/1677
f 5990/202/1676 5991/203/1676 5998/210/1677 5997/209/1677
f 5991/203/1676 5992/204/1676 5999/211/1677 5998/210/1677
f 5767/50/1606 5804/212/1606 5951/163/1672 5783/213/1621
f 5804/212/1606 5805/214/1606 5952/164/1672 5951/163/1672
f 5805/214/1606 5806/215/1606 5953/167/1672 5952/164/1672
f 5806/215/1606 5807/79/1606 5954/169/1672 5953/167/1672
f 5807/79/1606 5808/216/1606 5955/171/1672 5954/169/1672
f 5808/216/1606 5809/217/1606 5956/173/1672 5955/171/1672
f 5809/217/1606 5810/75/1606 5957/175/1672 5956/173/1672
f 5810/75/1606 5765/76/1606 5824/218/1653 5957/175/1672
f 5957/175/1672 5824/218/1653 5823/219/1652 5964/176/1673
f 5964/176/1673 5823/219/1652 5822/220/1651 5971/183/1674
f 5971/183/1674 5822/220/1651 5821/221/1624 5978/190/1624
f 5978/190/1624 5821/221/1624 5820/222/1650 5985/197/1675
f 5985/197/1675 5820/222/1650 5819/223/1649 5992/204/1676
f 5992/204/1676 5819/223/1649 5818/224/1648 5999/211/1677
f 5999/211/1677 5818/224/1648 5761/131/1604 5852/225/1604
f 5998/210/1677 5999/211/1677 5852/225/1604 5851/226/1604
f 5997/209/1677 5998/210/1677 5851/226/1604 5850/227/1604
f 5996/208/1677 5997/209/1677 5850/227/1604 5849/160/1604
f 5995/207/1677 5996/208/1677 5849/160/1604 5848/228/1604
f 5994/205/1677 5995/207/1677 5848/228/1604 5847/229/1604
f 5993/206/1677 5994/205/1677 5847/229/1604 5846/230/1604
f 5789/231/1627 5993/206/1677 5846/230/1604 5763/157/1604
f 5788/232/1626 5986/199/1676 5993/206/1677 5789/231/1627
f 5787/233/1625 5979/192/1675 5986/199/1676 5788/232/1626
f 5786/234/1624 5972/185/1624 5979/192/1675 5787/233/1625
f 5785/235/1623 5965/178/1674 5972/185/1624 5786/234/1624
f 5784/236/1622 5958/166/1673 5965/178/1674 5785/235/1623
f 5783/213/1621 5951/163/1672 5958/166/1673 5784/236/1622
f 6000/237/1678 6001/238/1678 6008/239/1679 6007/240/1679
f 6001/238/1678 6002/241/1678 6009/242/1679 6008/239/1679
f 6002/241/1678 6003/243/1678 6010/244/1679 6009/242/1679
f 6003/243/1678 6004/245/1678 6011/246/1679 6010/244/1679
f 6004/245/1678 6005/247/1678 6012/248/1679 6011/246/1679
f 6005/247/1678 6006/249/1678 6013/250/1679 6012/248/1679
f 6007/240/1679 6008/239/1679 6015/251/1680 6014/252/1680
f 6008/239/1679 6009/242/1679 6016/253/1680 6015/251/1680
f 6009/242/1679 6010/244/1679 6017/254/1680 6016/253/1680
f 6010/244/1679 6011/246/1679 6018/255/1680 6017/254/1680
f 6011/246/1679 6012/248/1679 6019/256/1680 6018/255/1680
f 6012/248/1679 6013/250/1679 6020/257/1680 6019/256/1680
f 6014/252/1680 6015/251/1680 6022/258/1631 6021/259/1631
f 6015/251/1680 6016/253/1680 6023/260/1631 6022/258/1631
f 6016/253/1680 6017/254/1680 6024/261/1631 6023/260/1631
f 6017/254/1680 6018/255/1680 6025/262/1631 6024/261/1631
f 6018/255/1680 6019/256/1680 6026/263/1631 6025/262/1631
f 6019/256/1680 6020/257/1680 6027/264/1631 6026/263/1631
f 6021/259/1631 6022/258/1631 6029/265/1681 6028/266/1681
f 6022/258/1631 6023/260/1631 6030/267/1681 6029/265/1681
f 6023/260/1631 6024/261/1631 6031/268/1681 6030/267/1681
f 6024/261/1631 6025/262/1631 6032/269/1681 6031/268/1681
f 6025/262/1631 6026/263/1631 6033/270/1681 6032/269/1681
f 6026/263/1631 6027/264/1631 6034/271/1681 6033/270/1681
f 6028/266/1681 6029/265/1681 6036/272/1682 6035/273/1682
f 6029/265/1681 6030/267/1681 6037/274/1682 6036/272/1682
f 6030/267/1681 6031/268/1681 6038/275/1682 6037/274/1682
f 6031/268/1681 6032/269/1681 6039/276/1682 6038/275/1682
f 6032/269/1681 6033/270/1681 6040/277/1682 6039/276/1682
f 6033/270/1681 6034/271/1681 6041/278/1682 6040/277/1682
f 6035/273/1682 6036/272/1682 6043/279/1683 6042/280/1683
f 6036/272/1682 6037/274/1682 6044/281/1683 6043/279/1683
f 6037/274/1682 6038/275/1682 6045/282/1683 6044/281/1683
f 6038/275/1682 6039/276/1682 6046/283/1683 6045/282/1683
f 6039/276/1682 6040/277/1682 6047/284/1683 6046/283/1683
f 6040/277/1682 6041/278/1682 6048/285/1683 6047/284/1683
f 5764/286/1605 5838/287/1605 6000/237/1678 5790/288/1628
f 5838/287/1605 5837/289/1605 6001/238/1678 6000/237/1678
f 5837/289/1605 5836/290/1605 6002/241/1678 6001/238/1678
f 5836/290/1605 5835/291/1605 6003/243/1678 6002/241/1678
f 5835/291/1605 5834/292/1605 6004/245/1678 6003/243/1678
f 5834/292/1605 5833/293/1605 6005/247/1678 6004/245/1678
f 5833/293/1605 5832/294/1605 6006/249/1678 6005/247/1678
f 5832/294/1605 5762/295/1605 5831/296/1659 6006/249/1678
f 6006/249/1678 5831/296/1659 5830/297/1658 6013/250/1679
f 6013/250/1679 5830/297/1658 5829/298/1657 6020/257/1680
f 6020/257/1680 5829/298/1657 5828/299/1631 6027/264/1631
f 6027/264/1631 5828/299/1631 5827/300/1656 6034/271/1681
f 6034/271/1681 5827/300/1656 5826/301/1655 6041/278/1682
f 6041/278/1682 5826/301/1655 5825/302/1654 6048/285/1683
f 6048/285/1683 5825/302/1654 5766/67/1607 5845/66/1607
f 6047/284/1683 6048/285/1683 5845/66/1607 5844/65/1607
f 6046/283/1683 6047/284/1683 5844/65/1607 5843/303/1607
f 6045/282/1683 6046/283/1683 5843/303/1607 5842/304/1607
f 6044/281/1683 6045/282/1683 5842/304/1607 5841/305/1607
f 6043/279/1683 6044/281/1683 5841/305/1607 5840/306/1607
f 6042/280/1683 6043/279/1683 5840/306/1607 5839/307/1607
f 5796/308/1634 6042/280/1683 5839/307/1607 5768/59/1607
f 5795/309/1633 6035/273/1682 6042/280/1683 5796/308/1634
f 5794/310/1632 6028/266/1681 6035/273/1682 5795/309/1633
f 5793/311/1631 6021/259/1631 6028/266/1681 5794/310/1632
f 5792/312/1630 6014/252/1680 6021/259/1631 5793/311/1631
f 5791/313/1629 6007/240/1679 6014/252/1680 5792/312/1630
f 5790/288/1628 6000/237/1678 6007/240/1679 5791/313/1629
f 6141/1/1740 6142/2/1741 6149/3/1741 6148/4/1740
f 6142/2/1741 6143/5/1742 6150/6/1742 6149/3/1741
f 6143/5/1742 6144/7/1718 6151/8/1718 6150/6/1742
f 6144/7/1718 6145/9/1743 6152/10/1743 6151/8/1718
f 6145/9/1743 6146/11/1744 6153/12/1744 6152/10/1743
f 6146/11/1744 6147/13/1745 6154/14/1745 6153/12/1744
f 6148/4/1740 6149/3/1741 6156/15/1741 6155/16/1740
f 6149/3/1741 6150/6/1742 6157/17/1742 6156/15/1741
f 6150/6/1742 6151/8/1718 6158/18/1718 6157/17/1742
f 6151/8/1718 6152/10/1743 6159/19/1743 6158/18/1718
f 6152/10/1743 6153/12/1744 6160/20/1744 6159/19/1743
f 6153/12/1744 6154/14/1745 6161/21/1745 6160/20/1744
f 6155/16/1740 6156/15/1741 6163/22/1741 6162/23/1740
f 6156/15/1741 6157/17/1742 6164/24/1742 6163/22/1741
f 6157/17/1742 6158/18/1718 6165/25/1718 6164/24/1742
f 6158/18/1718 6159/19/1743 6166/26/1743 6165/25/1718
f 6159/19/1743 6160/20/1744 6167/27/1744 6166/26/1743
f 6160/20/1744 6161/21/1745 6168/28/1745 6167/27/1744
f 6162/23/1740 6163/22/1741 6170/29/1741 6169/30/1740
f 6163/22/1741 6164/24/1742 6171/31/1742 6170/29/1741
f 6164/24/1742 6165/25/1718 6172/32/1718 6171/31/1742
f 6165/25/1718 6166/26/1743 6173/33/1743 6172/32/1718
f 6166/26/1743 6167/27/1744 6174/34/1744 6173/33/1743
f 6167/27/1744 6168/28/1745 6175/35/1745 6174/34/1744
f 6169/30/1740 6170/29/1741 6177/36/1741 6176/37/1740
f 6170/29/1741 6171/31/1742 6178/38/1742 6177/36/1741
f 6171/31/1742 6172/32/1718 6179/39/1718 6178/38/1742
f 6172/32/1718 6173/33/1743 6180/40/1743 6179/39/1718
f 6173/33/1743 6174/34/1744 6181/41/1744 6180/40/1743
f 6174/34/1744 6175/35/1745 6182/42/1745 6181/41/1744
f 6176/37/1740 6177/36/1741 6184/43/1741 6183/44/1740
f 6177/36/1741 6178/38/1742 6185/45/1742 6184/43/1741
f 6178/38/1742 6179/39/1718 6186/46/1718 6185/45/1742
f 6179/39/1718 6180/40/1743 6187/47/1743 6186/46/1718
f 6180/40/1743 6181/41/1744 6188/48/1744 6187/47/1743
f 6181/41/1744 6182/42/1745 6189/49/1745 6188/48/1744
f 6055/50/1686 6091/51/1721 6141/1/1740 6092/52/1686
f 6091/51/1721 6090/53/1720 6142/2/1741 6141/1/1740
f 6090/53/1720 6089/54/1719 6143/5/1742 6142/2/1741
f 6089/54/1719 6088/55/1718 6144/7/1718 6143/5/1742
f 6088/55/1718 6087/56/1717 6145/9/1743 6144/7/1718
f 6087/56/1717 6086/57/1716 6146/11/1744 6145/9/1743
f 6086/57/1716 6085/58/1715 6147/13/1745 6146/11/1744
f 6085/58/1715 6056/59/1687 6127/60/1687 6147/13/1745
f 6147/13/1745 6127/60/1687 6128/61/1687 6154/14/1745
f 6154/14/1745 6128/61/1687 6129/62/1687 6161/21/1745
f 6161/21/1745 6129/62/1687 6130/63/1687 6168/28/1745
f 6168/28/1745 6130/63/1687 6131/64/1687 6175/35/1745
f 6175/35/1745 6131/64/1687 6132/65/1687 6182/42/1745
f 6182/42/1745 6132/65/1687 6133/66/1687 6189/49/1745
f 6189/49/1745 6133/66/1687 6054/67/1687 6099/68/1722
f 6188/48/1744 6189/49/1745 6099/68/1722 6100/69/1723
f 6187/47/1743 6188/48/1744 6100/69/1723 6101/70/1724
f 6186/46/1718 6187/47/1743 6101/70/1724 6102/71/1718
f 6185/45/1742 6186/46/1718 6102/71/1718 6103/72/1725
f 6184/43/1741 6185/45/1742 6103/72/1725 6104/73/1726
f 6183/44/1740 6184/43/1741 6104/73/1726 6105/74/1727
f 6098/75/1686 6183/44/1740 6105/74/1727 6053/76/1686
f 6097/77/1686 6176/37/1740 6183/44/1740 6098/75/1686
f 6096/78/1686 6169/30/1740 6176/37/1740 6097/77/1686
f 6095/79/1686 6162/23/1740 6169/30/1740 6096/78/1686
f 6094/80/1686 6155/16/1740 6162/23/1740 6095/79/1686
f 6093/81/1686 6148/4/1740 6155/16/1740 6094/80/1686
f 6092/52/1686 6141/1/1740 6148/4/1740 6093/81/1686
f 6190/82/1746 6191/83/1747 6198/84/1747 6197/85/1746
f 6191/83/1747 6192/86/1748 6199/87/1748 6198/84/1747
f 6192/86/1748 6193/88/1691 6200/89/1691 6199/87/1748
f 6193/88/1691 6194/90/1749 6201/91/1749 6200/89/1691
f 6194/90/1749 6195/92/1750 6202/93/1750 6201/91/1749
f 6195/92/1750 6196/94/1751 6203/95/1751 6202/93/1750
f 6197/85/1746 6198/84/1747 6205/96/1747 6204/97/1746
f 6198/84/1747 6199/87/1748 6206/98/1748 6205/96/1747
f 6199/87/1748 6200/89/1691 6207/99/1691 6206/98/1748
f 6200/89/1691 6201/91/1749 6208/100/1749 6207/99/1691
f 6201/91/1749 6202/93/1750 6209/101/1750 6208/100/1749
f 6202/93/1750 6203/95/1751 6210/102/1751 6209/101/1750
f 6204/97/1746 6205/96/1747 6212/103/1747 6211/104/1746
f 6205/96/1747 6206/98/1748 6213/105/1748 6212/103/1747
f 6206/98/1748 6207/99/1691 6214/106/1691 6213/105/1748
f 6207/99/1691 6208/100/1749 6215/107/1749 6214/106/1691
f 6208/100/1749 6209/101/1750 6216/108/1750 6215/107/1749
f 6209/101/1750 6210/102/1751 6217/109/1751 6216/108/1750
f 6211/104/1746 6212/103/1747 6219/110/1747 6218/111/1746
f 6212/103/1747 6213/105/1748 6220/112/1748 6219/110/1747
f 6213/105/1748 6214/106/1691 6221/113/1691 6220/112/1748
f 6214/106/1691 6215/107/1749 6222/114/1749 6221/113/1691
f 6215/107/1749 6216/108/1750 6223/115/1750 6222/114/1749
f 6216/108/1750 6217/109/1751 6224/116/1751 6223/115/1750
f 6218/111/1746 6219/110/1747 6226/117/1747 6225/118/1746
f 6219/110/1747 6220/112/1748 6227/119/1748 6226/117/1747
f 6220/112/1748 6221/113/1691 6228/120/1691 6227/119/1748
f 6221/113/1691 6222/114/1749 6229/121/1749 6228/120/1691
f 6222/114/1749 6223/115/1750 6230/122/1750 6229/121/1749
f 6223/115/1750 6224/116/1751 6231/123/1751 6230/122/1750
f 6225/118/1746 6226/117/1747 6233/124/1747 6232/125/1746
f 6226/117/1747 6227/119/1748 6234/126/1748 6233/124/1747
f 6227/119/1748 6228/120/1691 6235/127/1691 6234/126/1748
f 6228/120/1691 6229/121/1749 6236/128/1749 6235/127/1691
f 6229/121/1749 6230/122/1750 6237/129/1750 6236/128/1749
f 6230/122/1750 6231/123/1751 6238/130/1751 6237/129/1750
f 6049/131/1684 6057/132/1688 6190/82/1746 6140/133/1684
f 6057/132/1688 6058/134/1689 6191/83/1747 6190/82/1746
f 6058/134/1689 6059/135/1690 6192/86/1748 6191/83/1747
f 6059/135/1690 6060/136/1691 6193/88/1691 6192/86/1748
f 6060/136/1691 6061/137/1692 6194/90/1749 6193/88/1691
f 6061/137/1692 6062/138/1693 6195/92/1750 6194/90/1749
f 6062/138/1693 6063/139/1694 6196/94/1751 6195/92/1750
f 6063/139/1694 6050/140/1685 6120/141/1685 6196/94/1751
f 6196/94/1751 6120/141/1685 6121/142/1685 6203/95/1751
f 6203/95/1751 6121/142/1685 6122/143/1685 6210/102/1751
f 6210/102/1751 6122/143/1685 6123/144/1685 6217/109/1751
f 6217/109/1751 6123/144/1685 6124/145/1685 6224/116/1751
f 6224/116/1751 6124/145/1685 6125/146/1685 6231/123/1751
f 6231/123/1751 6125/146/1685 6126/147/1685 6238/130/1751
f 6238/130/1751 6126/147/1685 6052/148/1685 6064/149/1695
f 6237/129/1750 6238/130/1751 6064/149/1695 6065/150/1696
f 6236/128/1749 6237/129/1750 6065/150/1696 6066/151/1697
f 6235/127/1691 6236/128/1749 6066/151/1697 6067/152/1691
f 6234/126/1748 6235/127/1691 6067/152/1691 6068/153/1698
f 6233/124/1747 6234/126/1748 6068/153/1698 6069/154/1699
f 6232/125/1746 6233/124/1747 6069/154/1699 6070/155/1700
f 6134/156/1684 6232/125/1746 6070/155/1700 6051/157/1684
f 6135/158/1684 6225/118/1746 6232/125/1746 6134/156/1684
f 6136/159/1684 6218/111/1746 6225/118/1746 6135/158/1684
f 6137/160/1684 6211/104/1746 6218/111/1746 6136/159/1684
f 6138/161/1684 6204/97/1746 6211/104/1746 6137/160/1684
f 6139/162/1684 6197/85/1746 6204/97/1746 6138/161/1684
f 6140/133/1684 6190/82/1746 6197/85/1746 6139/162/1684
f 6239/163/1752 6240/164/1752 6247/165/1753 6246/166/1753
f 6240/164/1752 6241/167/1752 6248/168/1753 6247/165/1753
f 6241/167/1752 6242/169/1752 6249/170/1753 6248/168/1753
f 6242/169/1752 6243/171/1752 6250/172/1753 6249/170/1753
f 6243/171/1752 6244/173/1752 6251/174/1753 6250/172/1753
f 6244/173/1752 6245/175/1752 6252/176/1753 6251/174/1753
f 6246/166/1753 6247/165/1753 6254/177/1754 6253/178/1754
f 6247/165/1753 6248/168/1753 6255/179/1754 6254/177/1754
f 6248/168/1753 6249/170/1753 6256/180/1754 6255/179/1754
f 6249/170/1753 6250/172/1753 6257/181/1754 6256/180/1754
f 6250/172/1753 6251/174/1753 6258/182/1754 6257/181/1754
f 6251/174/1753 6252/176/1753 6259/183/1754 6258/182/1754
f 6253/178/1754 6254/177/1754 6261/184/1704 6260/185/1704
f 6254/177/1754 6255/179/1754 6262/186/1704 6261/184/1704
f 6255/179/1754 6256/180/1754 6263/187/1704 6262/186/1704
f 6256/180/1754 6257/181/1754 6264/188/1704 6263/187/1704
f 6257/181/1754 6258/182/1754 6265/189/1704 6264/188/1704
f 6258/182/1754 6259/183/1754 6266/190/1704 6265/189/1704
f 6260/185/1704 6261/184/1704 6268/191/1755 6267/192/1755
f 6261/184/1704 6262/186/1704 6269/193/1755 6268/191/1755
f 6262/186/1704 6263/187/1704 6270/194/1755 6269/193/1755
f 6263/187/1704 6264/188/1704 6271/195/1755 6270/194/1755
f 6264/188/1704 6265/189/1704 6272/196/1755 6271/195/1755
f 6265/189/1704 6266/190/1704 6273/197/1755 6272/196/1755
f 6267/192/1755 6268/191/1755 6275/198/1756 6274/199/1756
f 6268/191/1755 6269/193/1755 6276/200/1756 6275/198/1756
f 6269/193/1755 6270/194/1755 6277/201/1756 6276/200/1756
f 6270/194/1755 6271/195/1755 6278/202/1756 6277/201/1756
f 6271/195/1755 6272/196/1755 6279/203/1756 6278/202/1756
f 6272/196/1755 6273/197/1755 6280/204/1756 6279/203/1756
f 6274/199/1756 6275/198/1756 6282/205/1757 6281/206/1757
f 6275/198/1756 6276/200/1756 6283/207/1757 6282/205/1757
f 6276/200/1756 6277/201/1756 6284/208/1757 6283/207/1757
f 6277/201/1756 6278/202/1756 6285/209/1757 6284/208/1757
f 6278/202/1756 6279/203/1756 6286/210/1757 6285/209/1757
f 6279/203/1756 6280/204/1756 6287/211/1757 6286/210/1757
f 6055/50/1686 6092/212/1686 6239/163/1752 6071/213/1701
f 6092/212/1686 6093/214/1686 6240/164/1752 6239/163/1752
f 6093/214/1686 6094/215/1686 6241/167/1752 6240/164/1752
f 6094/215/1686 6095/79/1686 6242/169/1752 6241/167/1752
f 6095/79/1686 6096/216/1686 6243/171/1752 6242/169/1752
f 6096/216/1686 6097/217/1686 6244/173/1752 6243/171/1752
f 6097/217/1686 6098/75/1686 6245/175/1752 6244/173/1752
f 6098/75/1686 6053/76/1686 6112/218/1733 6245/175/1752
f 6245/175/1752 6112/218/1733 6111/219/1732 6252/176/1753
f 6252/176/1753 6111/219/1732 6110/220/1731 6259/183/1754
f 6259/183/1754 6110/220/1731 6109/221/1704 6266/190/1704
f 6266/190/1704 6109/221/1704 6108/222/1730 6273/197/1755
f 6273/197/1755 6108/222/1730 6107/223/1729 6280/204/1756
f 6280/204/1756 6107/223/1729 6106/224/1728 6287/211/1757
f 6287/211/1757 6106/224/1728 6049/131/1684 6140/225/1684
f 6286/210/1757 6287/211/1757 6140/225/1684 6139/226/1684
f 6285/209/1757 6286/210/1757 6139/226/1684 6138/227/1684
f 6284/208/1757 6285/209/1757 6138/227/1684 6137/160/1684
f 6283/207/1757 6284/208/1757 6137/160/1684 6136/228/1684
f 6282/205/1757 6283/207/1757 6136/228/1684 6135/229/1684
f 6281/206/1757 6282/205/1757 6135/229/1684 6134/230/1684
f 6077/231/1707 6281/206/1757 6134/230/1684 6051/157/1684
f 6076/232/1706 6274/199/1756 6281/206/1757 6077/231/1707
f 6075/233/1705 6267/192/1755 6274/199/1756 6076/232/1706
f 6074/234/1704 6260/185/1704 6267/192/1755 6075/233/1705
f 6073/235/1703 6253/178/1754 6260/185/1704 6074/234/1704
f 6072/236/1702 6246/166/1753 6253/178/1754 6073/235/1703
f 6071/213/1701 6239/163/1752 6246/166/1753 6072/236/1702
f 6288/237/1758 6289/238/1758 6296/239/1759 6295/240/1759
f 6289/238/1758 6290/241/1758 6297/242/1759 6296/239/1759
f 6290/241/1758 6291/243/1758 6298/244/1759 6297/242/1759
f 6291/243/1758 6292/245/1758 6299/246/1759 6298/244/1759
f 6292/245/1758 6293/247/1758 6300/248/1759 6299/246/1759
f 6293/247/1758 6294/249/1758 6301/250/1759 6300/248/1759
f 6295/240/1759 6296/239/1759 6303/251/1760 6302/252/1760
f 6296/239/1759 6297/242/1759 6304/253/1760 6303/251/1760
f 6297/242/1759 6298/244/1759 6305/254/1760 6304/253/1760
f 6298/244/1759 6299/246/1759 6306/255/1760 6305/254/1760
f 6299/246/1759 6300/248/1759 6307/256/1760 6306/255/1760
f 6300/248/1759 6301/250/1759 6308/257/1760 6307/256/1760
f 6302/252/1760 6303/251/1760 6310/258/1711 6309/259/1711
f 6303/251/1760 6304/253/1760 6311/260/1711 6310/258/1711
f 6304/253/1760 6305/254/1760 6312/261/1711 6311/260/1711
f 6305/254/1760 6306/255/1760 6313/262/1711 6312/261/1711
f 6306/255/1760 6307/256/1760 6314/263/1711 6313/262/1711
f 6307/256/1760 6308/257/1760 6315/264/1711 6314/263/1711
f 6309/259/1711 6310/258/1711 6317/265/1761 6316/266/1761
f 6310/258/1711 6311/260/1711 6318/267/1761 6317/265/1761
f 6311/260/1711 6312/261/1711 6319/268/1761 6318/267/1761
f 6312/261/1711 6313/262/1711 6320/269/1761 6319/268/1761
f 6313/262/1711 6314/263/1711 6321/270/1761 6320/269/1761
f 6314/263/1711 6315/264/1711 6322/271/1761 6321/270/1761
f 6316/266/1761 6317/265/1761 6324/272/1762 6323/273/1762
f 6317/265/1761 6318/267/1761 6325/274/1762 6324/272/1762
f 6318/267/1761 6319/268/1761 6326/275/1762 6325/274/1762
f 6319/268/1761 6320/269/1761 6327/276/1762 6326/275/1762
f 6320/269/1761 6321/270/1761 6328/277/1762 6327/276/1762
f 6321/270/1761 6322/271/1761 6329/278/1762 6328/277/1762
f 6323/273/1762 6324/272/1762 6331/279/1763 6330/280/1763
f 6324/272/1762 6325/274/1762 6332/281/1763 6331/279/1763
f 6325/274/1762 6326/275/1762 6333/282/1763 6332/281/1763
f 6326/275/1762 6327/276/1762 6334/283/1763 6333/282/1763
f 6327/276/1762 6328/277/1762 6335/284/1763 6334/283/1763
f 6328/277/1762 6329/278/1762 6336/285/1763 6335/284/1763
f 6052/286/1685 6126/287/1685 6288/237/1758 6078/288/1708
f 6126/287/1685 6125/289/1685 6289/238/1758 6288/237/1758
f 6125/289/1685 6124/290/1685 6290/241/1758 6289/238/1758
f 6124/290/1685 6123/291/1685 6291/243/1758 6290/241/1758
f 6123/291/1685 6122/292/1685 6292/245/1758 6291/243/1758
f 6122/292/1685 6121/293/1685 6293/247/1758 6292/245/1758
f 6121/293/1685 6120/294/1685 6294/249/1758 6293/247/1758
f 6120/294/1685 6050/295/1685 6119/296/1739 6294/249/1758
f 6294/249/1758 6119/296/1739 6118/297/1738 6301/250/1759
f 6301/250/1759 6118/297/1738 6117/298/1737 6308/257/1760
f 6308/257/1760 6117/298/1737 6116/299/1711 6315/264/1711
f 6315/264/1711 6116/299/1711 6115/300/1736 6322/271/1761
f 6322/271/1761 6115/300/1736 6114/301/1735 6329/278/1762
f 6329/278/1762 6114/301/1735 6113/302/1734 6336/285/1763
f 6336/285/1763 6113/302/1734 6054/67/1687 6133/66/1687
f 6335/284/1763 6336/285/1763 6133/66/1687 6132/65/1687
f 6334/283/1763 6335/284/1763 6132/65/1687 6131/303/1687
f 6333/282/1763 6334/283/1763 6131/303/1687 6130/304/1687
f 6332/281/1763 6333/282/1763 6130/304/1687 6129/305/1687
f 6331/279/1763 6332/281/1763 6129/305/1687 6128/306/1687
f 6330/280/1763 6331/279/1763 6128/306/1687 6127/307/1687
f 6084/308/1714 6330/280/1763 6127/307/1687 6056/59/1687
f 6083/309/1713 6323/273/1762 6330/280/1763 6084/308/1714
f 6082/310/1712 6316/266/1761 6323/273/1762 6083/309/1713
f 6081/311/1711 6309/259/1711 6316/266/1761 6082/310/1712
f 6080/312/1710 6302/252/1760 6309/259/1711 6081/311/1711
f 6079/313/1709 6295/240/1759 6302/252/1760 6080/312/1710
f 6078/288/1708 6288/237/1758 6295/240/1759 6079/313/1709
f 6429/1/1820 6430/2/1821 6437/3/1821 6436/4/1820
f 6430/2/1821 6431/5/1822 6438/6/1822 6437/3/1821
f 6431/5/1822 6432/7/1798 6439/8/1798 6438/6/1822
f 6432/7/1798 6433/9/1823 6440/10/1823 6439/8/1798
f 6433/9/1823 6434/11/1824 6441/12/1824 6440/10/1823
f 6434/11/1824 6435/13/1825 6442/14/1825 6441/12/1824
f 6436/4/1820 6437/3/1821 6444/15/1821 6443/16/1820
f 6437/3/1821 6438/6/1822 6445/17/1822 6444/15/1821
f 6438/6/1822 6439/8/1798 6446/18/1798 6445/17/1822
f 6439/8/1798 6440/10/1823 6447/19/1823 6446/18/1798
f 6440/10/1823 6441/12/1824 6448/20/1824 6447/19/1823
f 6441/12/1824 6442/14/1825 6449/21/1825 6448/20/1824
f 6443/16/1820 6444/15/1821 6451/22/1821 6450/23/1820
f 6444/15/1821 6445/17/1822 6452/24/1822 6451/22/1821
f 6445/17/1822 6446/18/1798 6453/25/1798 6452/24/1822
f 6446/18/1798 6447/19/1823 6454/26/1823 6453/25/1798
f 6447/19/1823 6448/20/1824 6455/27/1824 6454/26/1823
f 6448/20/1824 6449/21/1825 6456/28/1825 6455/27/1824
f 6450/23/1820 6451/22/1821 6458/29/1821 6457/30/1820
f 6451/22/1821 6452/24/1822 6459/31/1822 6458/29/1821
f 6452/24/1822 6453/25/1798 6460/32/1798 6459/31/1822
f 6453/25/1798 6454/26/1823 6461/33/1823 6460/32/1798
f 6454/26/1823 6455/27/1824 6462/34/1824 6461/33/1823
f 6455/27/1824 6456/28/1825 6463/35/1825 6462/34/1824
f 6457/30/1820 6458/29/1821 6465/36/1821 6464/37/1820
f 6458/29/1821 6459/31/1822 6466/38/1822 6465/36/1821
f 6459/31/1822 6460/32/1798 6467/39/1798 6466/38/1822
f 6460/32/1798 6461/33/1823 6468/40/1823 6467/39/1798
f 6461/33/1823 6462/34/1824 6469/41/1824 6468/40/1823
f 6462/34/1824 6463/35/1825 6470/42/1825 6469/41/1824
f 6464/37/1820 6465/36/1821 6472/43/1821 6471/44/1820
f 6465/36/1821 6466/38/1822 6473/45/1822 6472/43/1821
f 6466/38/1822 6467/39/1798 6474/46/1798 6473/45/1822
f 6467/39/1798 6468/40/1823 6475/47/1823 6474/46/1798
f 6468/40/1823 6469/41/1824 6476/48/1824 6475/47/1823
f 6469/41/1824 6470/42/1825 6477/49/1825 6476/48/1824
f 6343/50/1766 6379/51/1801 6429/1/1820 6380/52/1766
f 6379/51/1801 6378/53/1800 6430/2/1821 6429/1/1820
f 6378/53/1800 6377/54/1799 6431/5/1822 6430/2/1821
f 6377/54/1799 6376/55/1798 6432/7/1798 6431/5/1822
f 6376/55/1798 6375/56/1797 6433/9/1823 6432/7/1798
f 6375/56/1797 6374/57/1796 6434/11/1824 6433/9/1823
f 6374/57/1796 6373/58/1795 6435/13/1825 6434/11/1824
f 6373/58/1795 6344/59/1767 6415/60/1767 6435/13/1825
f 6435/13/1825 6415/60/1767 6416/61/1767 6442/14/1825
f 6442/14/1825 6416/61/1767 6417/62/1767 6449/21/1825
f 6449/21/1825 6417/62/1767 6418/63/1767 6456/28/1825
f 6456/28/1825 6418/63/1767 6419/64/1767 6463/35/1825
f 6463/35/1825 6419/64/1767 6420/65/1767 6470/42/1825
f 6470/42/1825 6420/65/1767 6421/66/1767 6477/49/1825
f 6477/49/1825 6421/66/1767 6342/67/1767 6387/68/1802
f 6476/48/1824 6477/49/1825 6387/68/1802 6388/69/1803
f 6475/47/1823 6476/48/1824 6388/69/1803 6389/70/1804
f 6474/46/1798 6475/47/1823 6389/70/1804 6390/71/1798
f 6473/45/1822 6474/46/1798 6390/71/1798 6391/72/1805
f 6472/43/1821 6473/45/1822 6391/72/1805 6392/73/1806
f 6471/44/1820 6472/43/1821 6392/73/1806 6393/74/1807
f 6386/75/1766 6471/44/1820 6393/74/1807 6341/76/1766
f 6385/77/1766 6464/37/1820 6471/44/1820 6386/75/1766
f 6384/78/1766 6457/30/1820 6464/37/1820 6385/77/1766
f 6383/79/1766 6450/23/1820 6457/30/1820 6384/78/1766
f 6382/80/1766 6443/16/1820 6450/23/1820 6383/79/1766
f 6381/81/1766 6436/4/1820 6443/16/1820 6382/80/1766
f 6380/52/1766 6429/1/1820 6436/4/1820 6381/81/1766
f 6478/82/1826 6479/83/1827 6486/84/1827 6485/85/1826
f 6479/83/1827 6480/86/1828 6487/87/1828 6486/84/1827
f 6480/86/1828 6481/88/1771 6488/89/1771 6487/87/1828
f 6481/88/1771 6482/90/1829 6489/91/1829 6488/89/1771
f 6482/90/1829 6483/92/1830 6490/93/1830 6489/91/1829
f 6483/92/1830 6484/94/1831 6491/95/1831 6490/93/1830
f 6485/85/1826 6486/84/1827 6493/96/1827 6492/97/1826
f 6486/84/1827 6487/87/1828 6494/98/1828 6493/96/1827
f 6487/87/1828 6488/89/1771 6495/99/1771 6494/98/1828
f 6488/89/1771 6489/91/1829 6496/100/1829 6495/99/1771
f 6489/91/1829 6490/93/1830 6497/101/1830 6496/100/1829
f 6490/93/1830 6491/95/1831 6498/102/1831 6497/101/1830
f 6492/97/1826 6493/96/1827 6500/103/1827 6499/104/1826
f 6493/96/1827 6494/98/1828 6501/105/1828 6500/103/1827
f 6494/98/1828 6495/99/1771 6502/106/1771 6501/105/1828
f 6495/99/1771 6496/100/1829 6503/107/1829 6502/106/1771
f 6496/100/1829 6497/101/1830 6504/108/1830 6503/107/1829
f 6497/101/1830 6498/102/1831 6505/109/1831 6504/108/1830
f 6499/104/1826 6500/103/1827 6507/110/1827 6506/111/1826
f 6500/103/1827 6501/105/1828 6508/112/1828 6507/110/1827
f 6501/105/1828 6502/106/1771 6509/113/1771 6508/112/1828
f 6502/106/1771 6503/107/1829 6510/114/1829 6509/113/1771
f 6503/107/1829 6504/108/1830 6511/115/1830 6510/114/1829
f 6504/108/1830 6505/109/1831 6512/116/1831 6511/115/1830
f 6506/111/1826 6507/110/1827 6514/117/1827 6513/118/1826
f 6507/110/1827 6508/112/1828 6515/119/1828 6514/117/1827
f 6508/112/1828 6509/113/1771 6516/120/1771 6515/119/1828
f 6509/113/1771 6510/114/1829 6517/121/1829 6516/120/1771
f 6510/114/1829 6511/115/1830 6518/122/1830 6517/121/1829
f 6511/115/1830 6512/116/1831 6519/123/1831 6518/122/1830
f 6513/118/1826 6514/117/1827 6521/124/1827 6520/125/1826
f 6514/117/1827 6515/119/1828 6522/126/1828 6521/124/1827
f 6515/119/1828 6516/120/1771 6523/127/1771 6522/126/1828
f 6516/120/1771 6517/121/1829 6524/128/1829 6523/127/1771
f 6517/121/1829 6518/122/1830 6525/129/1830 6524/128/1829
f 6518/122/1830 6519/123/1831 6526/130/1831 6525/129/1830
f 6337/131/1764 6345/132/1768 6478/82/1826 6428/133/1764
f 6345/132/1768 6346/134/1769 6479/83/1827 6478/82/1826
f 6346/134/1769 6347/135/1770 6480/86/1828 6479/83/1827
f 6347/135/1770 6348/136/1771 6481/88/1771 6480/86/1828
f 6348/136/1771 6349/137/1772 6482/90/1829 6481/88/1771
f 6349/137/1772 6350/138/1773 6483/92/1830 6482/90/1829
f 6350/138/1773 6351/139/1774 6484/94/1831 6483/92/1830
f 6351/139/1774 6338/140/1765 6408/141/1765 6484/94/1831
f 6484/94/1831 6408/141/1765 6409/142/1765 6491/95/1831
f 6491/95/1831 6409/142/1765 6410/143/1765 6498/102/1831
f 6498/102/1831 6410/143/1765 6411/144/1765 6505/109/1831
f 6505/109/1831 6411/144/1765 6412/145/1765 6512/116/1831
f 6512/116/1831 6412/145/1765 6413/146/1765 6519/123/1831
f 6519/123/1831 6413/146/1765 6414/147/1765 6526/130/1831
f 6526/130/1831 6414/147/1765 6340/148/1765 6352/149/1775
f 6525/129/1830 6526/130/1831 6352/149/1775 6353/150/1776
f 6524/128/1829 6525/129/1830 6353/150/1776 6354/151/1777
f 6523/127/1771 6524/128/1829 6354/151/1777 6355/152/1771
f 6522/126/1828 6523/127/1771 6355/152/1771 6356/153/1778
f 6521/124/1827 6522/126/1828 6356/153/1778 6357/154/1779
f 6520/125/1826 6521/124/1827 6357/154/1779 6358/155/1780
f 6422/156/1764 6520/125/1826 6358/155/1780 6339/157/1764
f 6423/158/1764 6513/118/1826 6520/125/1826 6422/156/1764
f 6424/159/1764 6506/111/1826 6513/118/1826 6423/158/1764
f 6425/160/1764 6499/104/1826 6506/111/1826 6424/159/1764
f 6426/161/1764 6492/97/1826 6499/104/1826 6425/160/1764
f 6427/162/1764 6485/85/1826 6492/97/1826 6426/161/1764
f 6428/133/1764 6478/82/1826 6485/85/1826 6427/162/1764
f 6527/163/1832 6528/164/1832 6535/165/1833 6534/166/1833
f 6528/164/1832 6529/167/1832 6536/168/1833 6535/165/1833
f 6529/167/1832 6530/169/1832 6537/170/1833 6536/168/1833
f 6530/169/1832 6531/171/1832 6538/172/1833 6537/170/1833
f 6531/171/1832 6532/173/1832 6539/174/1833 6538/172/1833
f 6532/173/1832 6533/175/1832 6540/176/1833 6539/174/1833
f 6534/166/1833 6535/165/1833 6542/177/1834 6541/178/1834
f 6535/165/1833 6536/168/1833 6543/179/1834 6542/177/1834
f 6536/168/1833 6537/170/1833 6544/180/1834 6543/179/1834
f 6537/170/1833 6538/172/1833 6545/181/1834 6544/180/1834
f 6538/172/1833 6539/174/1833 6546/182/1834 6545/181/1834
f 6539/174/1833 6540/176/1833 6547/183/1834 6546/182/1834
f 6541/178/1834 6542/177/1834 6549/184/1784 6548/185/1784
f 6542/177/1834 6543/179/1834 6550/186/1784 6549/184/1784
f 6543/179/1834 6544/180/1834 6551/187/1784 6550/186/1784
f 6544/180/1834 6545/181/1834 6552/188/1784 6551/187/1784
f 6545/181/1834 6546/182/1834 6553/189/1784 6552/188/1784
f 6546/182/1834 6547/183/1834 6554/190/1784 6553/189/1784
f 6548/185/1784 6549/184/1784 6556/191/1835 6555/192/1835
f 6549/184/1784 6550/186/1784 6557/193/1835 6556/191/1835
f 6550/186/1784 6551/187/1784 6558/194/1835 6557/193/1835
f 6551/187/1784 6552/188/1784 6559/195/1835 6558/194/1835
f 6552/188/1784 6553/189/1784 6560/196/1835 6559/195/1835
f 6553/189/1784 6554/190/1784 6561/197/1835 6560/196/1835
f 6555/192/1835 6556/191/1835 6563/198/1836 6562/199/1836
f 6556/191/1835 6557/193/1835 6564/200/1836 6563/198/1836
f 6557/193/1835 6558/194/1835 6565/201/1836 6564/200/1836
f 6558/194/1835 6559/195/1835 6566/202/1836 6565/201/1836
f 6559/195/1835 6560/196/1835 6567/203/1836 6566/202/1836
f 6560/196/1835 6561/197/1835 6568/204/1836 6567/203/1836
f 6562/199/1836 6563/198/1836 6570/205/1837 6569/206/1837
f 6563/198/1836 6564/200/1836 6571/207/1837 6570/205/1837
f 6564/200/1836 6565/201/1836 6572/208/1837 6571/207/1837
f 6565/201/1836 6566/202/1836 6573/209/1837 6572/208/1837
f 6566/202/1836 6567/203/1836 6574/210/1837 6573/209/1837
f 6567/203/1836 6568/204/1836 6575/211/1837 6574/210/1837
f 6343/50/1766 6380/212/1766 6527/163/1832 6359/213/1781
f 6380/212/1766 6381/214/1766 6528/164/1832 6527/163/1832
f 6381/214/1766 6382/215/1766 6529/167/1832 6528/164/1832
f 6382/215/1766 6383/79/1766 6530/169/1832 6529/167/1832
f 6383/79/1766 6384/216/1766 6531/171/1832 6530/169/1832
f 6384/216/1766 6385/217/1766 6532/173/1832 6531/171/1832
f 6385/217/1766 6386/75/1766 6533/175/1832 6532/173/1832
f 6386/75/1766 6341/76/1766 6400/218/1813 6533/175/1832
f 6533/175/1832 6400/218/1813 6399/219/1812 6540/176/1833
f 6540/176/1833 6399/219/1812 6398/220/1811 6547/183/1834
f 6547/183/1834 6398/220/1811 6397/221/1784 6554/190/1784
f 6554/190/1784 6397/221/1784 6396/222/1810 6561/197/1835
f 6561/197/1835 6396/222/1810 6395/223/1809 6568/204/1836
f 6568/204/1836 6395/223/1809 6394/224/1808 6575/211/1837
f 6575/211/1837 6394/224/1808 6337/131/1764 6428/225/1764
f 6574/210/1837 6575/211/1837 6428/225/1764 6427/226/1764
f 6573/209/1837 6574/210/1837 6427/226/1764 6426/227/1764
f 6572/208/1837 6573/209/1837 6426/227/1764 6425/160/1764
f 6571/207/1837 6572/208/1837 6425/160/1764 6424/228/1764
f 6570/205/1837 6571/207/1837 6424/228/1764 6423/229/1764
f 6569/206/1837 6570/205/1837 6423/229/1764 6422/230/1764
f 6365/231/1787 6569/206/1837 6422/230/1764 6339/157/1764
f 6364/232/1786 6562/199/1836 6569/206/1837 6365/231/1787
f 6363/233/1785 6555/192/1835 6562/199/1836 6364/232/1786
f 6362/234/1784 6548/185/1784 6555/192/1835 6363/233/1785
f 6361/235/1783 6541/178/1834 6548/185/1784 6362/234/1784
f 6360/236/1782 6534/166/1833 6541/178/1834 6361/235/1783
f 6359/213/1781 6527/163/1832 6534/166/1833 6360/236/1782
f 6576/237/1838 6577/238/1838 6584/239/1839 6583/240/1839
f 6577/238/1838 6578/241/1838 6585/242/1839 6584/239/1839
f 6578/241/1838 6579/243/1838 6586/244/1839 6585/242/1839
f 6579/243/1838 6580/245/1838 6587/246/1839 6586/244/1839
f 6580/245/1838 6581/247/1838 6588/248/1839 6587/246/1839
f 6581/247/1838 6582/249/1838 6589/250/1839 6588/248/1839
f 6583/240/1839 6584/239/1839 6591/251/1840 6590/252/1840
f 6584/239/1839 6585/242/1839 6592/253/1840 6591/251/1840
f 6585/242/1839 6586/244/1839 6593/254/1840 6592/253/1840
f 6586/244/1839 6587/246/1839 6594/255/1840 6593/254/1840
f 6587/246/1839 6588/248/1839 6595/256/1840 6594/255/1840
f 6588/248/1839 6589/250/1839 6596/257/1840 6595/256/1840
f 6590/252/1840 6591/251/1840 6598/258/1791 6597/259/1791
f 6591/251/1840 6592/253/1840 6599/260/1791 6598/258/1791
f 6592/253/1840 6593/254/1840 6600/261/1791 6599/260/1791
f 6593/254/1840 6594/255/1840 6601/262/1791 6600/261/1791
f 6594/255/1840 6595/256/1840 6602/263/1791 6601/262/1791
f 6595/256/1840 6596/257/1840 6603/264/1791 6602/263/1791
f 6597/259/1791 6598/258/1791 6605/265/1841 6604/266/1841
f 6598/258/1791 6599/260/1791 6606/267/1841 6605/265/1841
f 6599/260/1791 6600/261/1791 6607/268/1841 6606/267/1841
f 6600/261/1791 6601/262/1791 6608/269/1841 6607/268/1841
f 6601/262/1791 6602/263/1791 6609/270/1841 6608/269/1841
f 6602/263/1791 6603/264/1791 6610/271/1841 6609/270/1841
f 6604/266/1841 6605/265/1841 6612/272/1842 6611/273/1842
f 6605/265/1841 6606/267/1841 6613/274/1842 6612/272/1842
f 6606/267/1841 6607/268/1841 6614/275/1842 6613/274/1842
f 6607/268/1841 6608/269/1841 6615/276/1842 6614/275/1842
f 6608/269/1841 6609/270/1841 6616/277/1842 6615/276/1842
f 6609/270/1841 6610/271/1841 6617/278/1842 6616/277/1842
f 6611/273/1842 6612/272/1842 6619/279/1843 6618/280/1843
f 6612/272/1842 6613/274/1842 6620/281/1843 6619/279/1843
f 6613/274/1842 6614/275/1842 6621/282/1843 6620/281/1843
f 6614/275/1842 6615/276/1842 6622/283/1843 6621/282/1843
f 6615/276/1842 6616/277/1842 6623/284/1843 6622/283/1843
f 6616/277/1842 6617/278/1842 6624/285/1843 6623/284/1843
f 6340/286/1765 6414/287/1765 6576/237/1838 6366/288/1788
f 6414/287/1765 6413/289/1765 6577/238/1838 6576/237/1838
f 6413/289/1765 6412/290/1765 6578/241/1838 6577/238/1838
f 6412/290/1765 6411/291/1765 6579/243/1838 6578/241/1838
f 6411/291/1765 6410/292/1765 6580/245/1838 6579/243/1838
f 6410/292/1765 6409/293/1765 6581/247/1838 6580/245/1838
f 6409/293/1765 6408/294/1765 6582/249/1838 6581/247/1838
f 6408/294/1765 6338/295/1765 6407/296/1819 6582/249/1838
f 6582/249/1838 6407/296/1819 6406/297/1818 6589/250/1839
f 6589/250/1839 6406/297/1818 6405/298/1817 6596/257/1840
f 6596/257/1840 6405/298/1817 6404/299/1791 6603/264/1791
f 6603/264/1791 6404/299/1791 6403/300/1816 6610/271/1841
f 6610/271/1841 6403/300/1816 6402/301/1815 6617/278/1842
f 6617/278/1842 6402/301/1815 6401/302/1814 6624/285/1843
f 6624/285/1843 6401/302/1814 6342/67/1767 6421/66/1767
f 6623/284/1843 6624/285/1843 6421/66/1767 6420/65/1767
f 6622/283/1843 6623/284/1843 6420/65/1767 6419/303/1767
f 6621/282/1843 6622/283/1843 6419/303/1767 6418/304/1767
f 6620/281/1843 6621/282/1843 6418/304/1767 6417/305/1767
f 6619/279/1843 6620/281/1843 6417/305/1767 6416/306/1767
f 6618/280/1843 6619/279/1843 6416/306/1767 6415/307/1767
f 6372/308/1794 6618/280/1843 6415/307/1767 6344/59/1767
f 6371/309/1793 6611/273/1842 6618/280/1843 6372/308/1794
f 6370/310/1792 6604/266/1841 6611/273/1842 6371/309/1793
f 6369/311/1791 6597/259/1791 6604/266/1841 6370/310/1792
f 6368/312/1790 6590/252/1840 6597/259/1791 6369/311/1791
f 6367/313/1789 6583/240/1839 6590/252/1840 6368/312/1790
f 6366/288/1788 6576/237/1838 6583/240/1839 6367/313/1789
f 6717/1/1900 6718/2/1901 6725/3/1901 6724/4/1900
f 6718/2/1901 6719/5/1902 6726/6/1902 6725/3/1901
f 6719/5/1902 6720/7/1878 6727/8/1878 6726/6/1902
f 6720/7/1878 6721/9/1903 6728/10/1903 6727/8/1878
f 6721/9/1903 6722/11/1904 6729/12/1904 6728/10/1903
f 6722/11/1904 6723/13/1905 6730/14/1905 6729/12/1904
f 6724/4/1900 6725/3/1901 6732/15/1901 6731/16/1900
f 6725/3/1901 6726/6/1902 6733/17/1902 6732/15/1901
f 6726/6/1902 6727/8/1878 6734/18/1878 6733/17/1902
f 6727/8/1878 6728/10/1903 6735/19/1903 6734/18/1878
f 6728/10/1903 6729/12/1904 6736/20/1904 6735/19/1903
f 6729/12/1904 6730/14/1905 6737/21/1905 6736/20/1904
f 6731/16/1900 6732/15/1901 6739/22/1901 6738/23/1900
f 6732/15/1901 6733/17/1902 6740/24/1902 6739/22/1901
f 6733/17/1902 6734/18/1878 6741/25/1878 6740/24/1902
f 6734/18/1878 6735/19/1903 6742/26/1903 6741/25/1878
f 6735/19/1903 6736/20/1904 6743/27/1904 6742/26/1903
f 6736/20/1904 6737/21/1905 6744/28/1905 6743/27/1904
f 6738/23/1900 6739/22/1901 6746/29/1901 6745/30/1900
f 6739/22/1901 6740/24/1902 6747/31/1902 6746/29/1901
f 6740/24/1902 6741/25/1878 6748/32/1878 6747/31/1902
f 6741/25/1878 6742/26/1903 6749/33/1903 6748/32/1878
f 6742/26/1903 6743/27/1904 6750/34/1904 6749/33/1903
f 6743/27/1904 6744/28/1905 6751/35/1905 6750/34/1904
f 6745/30/1900 6746/29/1901 6753/36/1901 6752/37/1900
f 6746/29/1901 6747/31/1902 6754/38/1902 6753/36/1901
f 6747/31/1902 6748/32/1878 6755/39/1878 6754/38/1902
f 6748/32/1878 6749/33/1903 6756/40/1903 6755/39/1878
f 6749/33/1903 6750/34/1904 6757/41/1904 6756/40/1903
f 6750/34/1904 6751/35/1905 6758/42/1905 6757/41/1904
f 6752/37/1900 6753/36/1901 6760/43/1901 6759/44/1900
f 6753/36/1901 6754/38/1902 6761/45/1902 6760/43/1901
f 6754/38/1902 6755/39/1878 6762/46/1878 6761/45/1902
f 6755/39/1878 6756/40/1903 6763/47/1903 6762/46/1878
f 6756/40/1903 6757/41/1904 6764/48/1904 6763/47/1903
f 6757/41/1904 6758/42/1905 6765/49/1905 6764/48/1904
f 6631/50/1846 6667/51/1881 6717/1/1900 6668/52/1846
f 6667/51/1881 6666/53/1880 6718/2/1901 6717/1/1900
f 6666/53/1880 6665/54/1879 6719/5/1902 6718/2/1901
f 6665/54/1879 6664/55/1878 6720/7/1878 6719/5/1902
f 6664/55/1878 6663/56/1877 6721/9/1903 6720/7/1878
f 6663/56/1877 6662/57/1876 6722/11/1904 6721/9/1903
f 6662/57/1876 6661/58/1875 6723/13/1905 6722/11/1904
f 6661/58/1875 6632/59/1847 6703/60/1847 6723/13/1905
f 6723/13/1905 6703/60/1847 6704/61/1847 6730/14/1905
f 6730/14/1905 6704/61/1847 6705/62/1847 6737/21/1905
f 6737/21/1905 6705/62/1847 6706/63/1847 6744/28/1905
f 6744/28/1905 6706/63/1847 6707/64/1847 6751/35/1905
f 6751/35/1905 6707/64/1847 6708/65/1847 6758/42/1905
f 6758/42/1905 6708/65/1847 6709/66/1847 6765/49/1905
f 6765/49/1905 6709/66/1847 6630/67/1847 6675/68/1882
f 6764/48/1904 6765/49/1905 6675/68/1882 6676/69/1883
f 6763/47/1903 6764/48/1904 6676/69/1883 6677/70/1884
f 6762/46/1878 6763/47/1903 6677/70/1884 6678/71/1878
f 6761/45/1902 6762/46/1878 6678/71/1878 6679/72/1885
f 6760/43/1901 6761/45/1902 6679/72/1885 6680/73/1886
f 6759/44/1900 6760/43/1901 6680/73/1886 6681/74/1887
f 6674/75/1846 6759/44/1900 6681/74/1887 6629/76/1846
f 6673/77/1846 6752/37/1900 6759/44/1900 6674/75/1846
f 6672/78/1846 6745/30/1900 6752/37/1900 6673/77/1846
f 6671/79/1846 6738/23/1900 6745/30/1900 6672/78/1846
f 6670/80/1846 6731/16/1900 6738/23/1900 6671/79/1846
f 6669/81/1846 6724/4/1900 6731/16/1900 6670/80/1846
f 6668/52/1846 6717/1/1900 6724/4/1900 6669/81/1846
f 6766/82/1906 6767/83/1907 6774/84/1907 6773/85/1906
f 6767/83/1907 6768/86/1908 6775/87/1908 6774/84/1907
f 6768/86/1908 6769/88/1851 6776/89/1851 6775/87/1908
f 6769/88/1851 6770/90/1909 6777/91/1909 6776/89/1851
f 6770/90/1909 6771/92/1910 6778/93/1910 6777/91/1909
f 6771/92/1910 6772/94/1911 6779/95/1911 6778/93/1910
f 6773/85/1906 6774/84/1907 6781/96/1907 6780/97/1906
f 6774/84/1907 6775/87/1908 6782/98/1908 6781/96/1907
f 6775/87/1908 6776/89/1851 6783/99/1851 6782/98/1908
f 6776/89/1851 6777/91/1909 6784/100/1909 6783/99/1851
f 6777/91/1909 6778/93/1910 6785/101/1910 6784/100/1909
f 6778/93/1910 6779/95/1911 6786/102/1911 6785/101/1910
f 6780/97/1906 6781/96/1907 6788/103/1907 6787/104/1906
f 6781/96/1907 6782/98/1908 6789/105/1908 6788/103/1907
f 6782/98/1908 6783/99/1851 6790/106/1851 6789/105/1908
f 6783/99/1851 6784/100/1909 6791/107/1909 6790/106/1851
f 6784/100/1909 6785/101/1910 6792/108/1910 6791/107/1909
f 6785/101/1910 6786/102/1911 6793/109/1911 6792/108/1910
f 6787/104/1906 6788/103/1907 6795/110/1907 6794/111/1906
f 6788/103/1907 6789/105/1908 6796/112/1908 6795/110/1907
f 6789/105/1908 6790/106/1851 6797/113/1851 6796/112/1908
f 6790/106/1851 6791/107/1909 6798/114/1909 6797/113/1851
f 6791/107/1909 6792/108/1910 6799/115/1910 6798/114/1909
f 6792/108/1910 6793/109/1911 6800/116/1911 6799/115/1910
f 6794/111/1906 6795/110/1907 6802/117/1907 6801/118/1906
f 6795/110/1907 6796/112/1908 6803/119/1908 6802/117/1907
f 6796/112/1908 6797/113/1851 6804/120/1851 6803/119/1908
f 6797/113/1851 6798/114/1909 6805/121/1909 6804/120/1851
f 6798/114/1909 6799/115/1910 6806/122/1910 6805/121/1909
f 6799/115/1910 6800/116/1911 6807/123/1911 6806/122/1910
f 6801/118/1906 6802/117/1907 6809/124/1907 6808/125/1906
f 6802/117/1907 6803/119/1908 6810/126/1908 6809/124/1907
f 6803/119/1908 6804/120/1851 6811/127/1851 6810/126/1908
f 6804/120/1851 6805/121/1909 6812/128/1909 6811/127/1851
f 6805/121/1909 6806/122/1910 6813/129/1910 6812/128/1909
f 6806/122/1910 6807/123/1911 6814/130/1911 6813/129/1910
f 6625/131/1844 6633/132/1848 6766/82/1906 6716/133/1844
f 6633/132/1848 6634/134/1849 6767/83/1907 6766/82/1906
f 6634/134/1849 6635/135/1850 6768/86/1908 6767/83/1907
f 6635/135/1850 6636/136/1851 6769/88/1851 6768/86/1908
f 6636/136/1851 6637/137/1852 6770/90/1909 6769/88/1851
f 6637/137/1852 6638/138/1853 6771/92/1910 6770/90/1909
f 6638/138/1853 6639/139/1854 6772/94/1911 6771/92/1910
f 6639/139/1854 6626/140/1845 6696/141/1845 6772/94/1911
f 6772/94/1911 6696/141/1845 6697/142/1845 6779/95/1911
f 6779/95/1911 6697/142/1845 6698/143/1845 6786/102/1911
f 6786/102/1911 6698/143/1845 6699/144/1845 6793/109/1911
f 6793/109/1911 6699/144/1845 6700/145/1845 6800/116/1911
f 6800/116/1911 6700/145/1845 6701/146/1845 6807/123/1911
f 6807/123/1911 6701/146/1845 6702/147/1845 6814/130/1911
f 6814/130/1911 6702/147/1845 6628/148/1845 6640/149/1855
f 6813/129/1910 6814/130/1911 6640/149/1855 6641/150/1856
f 6812/128/1909 6813/129/1910 6641/150/1856 6642/151/1857
f 6811/127/1851 6812/128/1909 6642/151/1857 6643/152/1851
f 6810/126/1908 6811/127/1851 6643/152/1851 6644/153/1858
f 6809/124/1907 6810/126/1908 6644/153/1858 6645/154/1859
f 6808/125/1906 6809/124/1907 6645/154/1859 6646/155/1860
f 6710/156/1844 6808/125/1906 6646/155/1860 6627/157/1844
f 6711/158/1844 6801/118/1906 6808/125/1906 6710/156/1844
f 6712/159/1844 6794/111/1906 6801/118/1906 6711/158/1844
f 6713/160/1844 6787/104/1906 6794/111/1906 6712/159/1844
f 6714/161/1844 6780/97/1906 6787/104/1906 6713/160/1844
f 6715/162/1844 6773/85/1906 6780/97/1906 6714/161/1844
f 6716/133/1844 6766/82/1906 6773/85/1906 6715/162/1844
f 6815/163/1912 6816/164/1912 6823/165/1913 6822/166/1913
f 6816/164/1912 6817/167/1912 6824/168/1913 6823/165/1913
f 6817/167/1912 6818/169/1912 6825/170/1913 6824/168/1913
f 6818/169/1912 6819/171/1912 6826/172/1913 6825/170/1913
f 6819/171/1912 6820/173/1912 6827/174/1913 6826/172/1913
f 6820/173/1912 6821/175/1912 6828/176/1913 6827/174/1913
f 6822/166/1913 6823/165/1913 6830/177/1914 6829/178/1914
f 6823/165/1913 6824/168/1913 6831/179/1914 6830/177/1914
f 6824/168/1913 6825/170/1913 6832/180/1914 6831/179/1914
f 6825/170/1913 6826/172/1913 6833/181/1914 6832/180/1914
f 6826/172/1913 6827/174/1913 6834/182/1914 6833/181/1914
f 6827/174/1913 6828/176/1913 6835/183/1914 6834/182/1914
f 6829/178/1914 6830/177/1914 6837/184/1864 6836/185/1864
f 6830/177/1914 6831/179/1914 6838/186/1864 6837/184/1864
f 6831/179/1914 6832/180/1914 6839/187/1864 6838/186/1864
f 6832/180/1914 6833/181/1914 6840/188/1864 6839/187/1864
f 6833/181/1914 6834/182/1914 6841/189/1864 6840/188/1864
f 6834/182/1914 6835/183/1914 6842/190/1864 6841/189/1864
f 6836/185/1864 6837/184/1864 6844/191/1915 6843/192/1915
f 6837/184/1864 6838/186/1864 6845/193/1915 6844/191/1915
f 6838/186/1864 6839/187/1864 6846/194/1915 6845/193/1915
f 6839/187/1864 6840/188/1864 6847/195/1915 6846/194/1915
f 6840/188/1864 6841/189/1864 6848/196/1915 6847/195/1915
f 6841/189/1864 6842/190/1864 6849/197/1915 6848/196/1915
f 6843/192/1915 6844/191/1915 6851/198/1916 6850/199/1916
f 6844/191/1915 6845/193/1915 6852/200/1916 6851/198/1916
f 6845/193/1915 6846/194/1915 6853/201/1916 6852/200/1916
f 6846/194/1915 6847/195/1915 6854/202/1916 6853/201/1916
f 6847/195/1915 6848/196/1915 6855/203/1916 6854/202/1916
f 6848/196/1915 6849/197/1915 6856/204/1916 6855/203/1916
f 6850/199/1916 6851/198/1916 6858/205/1917 6857/206/1917
f 6851/198/1916 6852/200/1916 6859/207/1917 6858/205/1917
f 6852/200/1916 6853/201/1916 6860/208/1917 6859/207/1917
f 6853/201/1916 6854/202/1916 6861/209/1917 6860/208/1917
f 6854/202/1916 6855/203/1916 6862/210/1917 6861/209/1917
f 6855/203/1916 6856/204/1916 6863/211/1917 6862/210/1917
f 6631/50/1846 6668/212/1846 6815/163/1912 6647/213/1861
f 6668/212/1846 6669/214/1846 6816/164/1912 6815/163/1912
f 6669/214/1846 6670/215/1846 6817/167/1912 6816/164/1912
f 6670/215/1846 6671/79/1846 6818/169/1912 6817/167/1912
f 6671/79/1846 6672/216/1846 6819/171/1912 6818/169/1912
f 6672/216/1846 6673/217/1846 6820/173/1912 6819/171/1912
f 6673/217/1846 6674/75/1846 6821/175/1912 6820/173/1912
f 6674/75/1846 6629/76/1846 6688/218/1893 6821/175/1912
f 6821/175/1912 6688/218/1893 6687/219/1892 6828/176/1913
f 6828/176/1913 6687/219/1892 6686/220/1891 6835/183/1914
f 6835/183/1914 6686/220/1891 6685/221/1864 6842/190/1864
f 6842/190/1864 6685/221/1864 6684/222/1890 6849/197/1915
f 6849/197/1915 6684/222/1890 6683/223/1889 6856/204/1916
f 6856/204/1916 6683/223/1889 6682/224/1888 6863/211/1917
f 6863/211/1917 6682/224/1888 6625/131/1844 6716/225/1844
f 6862/210/1917 6863/211/1917 6716/225/1844 6715/226/1844
f 6861/209/1917 6862/210/1917 6715/226/1844 6714/227/1844
f 6860/208/1917 6861/209/1917 6714/227/1844 6713/160/1844
f 6859/207/1917 6860/208/1917 6713/160/1844 6712/228/1844
f 6858/205/1917 6859/207/1917 6712/228/1844 6711/229/1844
f 6857/206/1917 6858/205/1917 6711/229/1844 6710/230/1844
f 6653/231/1867 6857/206/1917 6710/230/1844 6627/157/1844
f 6652/232/1866 6850/199/1916 6857/206/1917 6653/231/1867
f 6651/233/1865 6843/192/1915 6850/199/1916 6652/232/1866
f 6650/234/1864 6836/185/1864 6843/192/1915 6651/233/1865
f 6649/235/1863 6829/178/1914 6836/185/1864 6650/234/1864
f 6648/236/1862 6822/166/1913 6829/178/1914 6649/235/1863
f 6647/213/1861 6815/163/1912 6822/166/1913 6648/236/1862
f 6864/237/1918 6865/238/1918 6872/239/1919 6871/240/1919
f 6865/238/1918 6866/241/1918 6873/242/1919 6872/239/1919
f 6866/241/1918 6867/243/1918 6874/244/1919 6873/242/1919
f 6867/243/1918 6868/245/1918 6875/246/1919 6874/244/1919
f 6868/245/1918 6869/247/1918 6876/248/1919 6875/246/1919
f 6869/247/1918 6870/249/1918 6877/250/1919 6876/248/1919
f 6871/240/1919 6872/239/1919 6879/251/1920 6878/252/1920
f 6872/239/1919 6873/242/1919 6880/253/1920 6879/251/1920
f 6873/242/1919 6874/244/1919 6881/254/1920 6880/253/1920
f 6874/244/1919 6875/246/1919 6882/255/1920 6881/254/1920
f 6875/246/1919 6876/248/1919 6883/256/1920 6882/255/1920
f 6876/248/1919 6877/250/1919 6884/257/1920 6883/256/1920
f 6878/252/1920 6879/251/1920 6886/258/1871 6885/259/1871
f 6879/251/1920 6880/253/1920 6887/260/1871 6886/258/1871
f 6880/253/1920 6881/254/1920 6888/261/1871 6887/260/1871
f 6881/254/1920 6882/255/1920 6889/262/1871 6888/261/1871
f 6882/255/1920 6883/256/1920 6890/263/1871 6889/262/1871
f 6883/256/1920 6884/257/1920 6891/264/1871 6890/263/1871
f 6885/259/1871 6886/258/1871 6893/265/1921 6892/266/1921
f 6886/258/1871 6887/260/1871 6894/267/1921 6893/265/1921
f 6887/260/1871 6888/261/1871 6895/268/1921 6894/267/1921
f 6888/261/1871 6889/262/1871 6896/269/1921 6895/268/1921
f 6889/262/1871 6890/263/1871 6897/270/1921 6896/269/1921
f 6890/263/1871 6891/264/1871 6898/271/1921 6897/270/1921
f 6892/266/1921 6893/265/1921 6900/272/1922 6899/273/1922
f 6893/265/1921 6894/267/1921 6901/274/1922 6900/272/1922
f 6894/267/1921 6895/268/1921 6902/275/1922 6901/274/1922
f 6895/268/1921 6896/269/1921 6903/276/1922 6902/275/1922
f 6896/269/1921 6897/270/1921 6904/277/1922 6903/276/1922
f 6897/270/1921 6898/271/1921 6905/278/1922 6904/277/1922
f 6899/273/1922 6900/272/1922 6907/279/1923 6906/280/1923
f 6900/272/1922 6901/274/1922 6908/281/1923 6907/279/1923
f 6901/274/1922 6902/275/1922 6909/282/1923 6908/281/1923
f 6902/275/1922 6903/276/1922 6910/283/1923 6909/282/1923
f 6903/276/1922 6904/277/1922 6911/284/1923 6910/283/1923
f 6904/277/1922 6905/278/1922 6912/285/1923 6911/284/1923
f 6628/286/1845 6702/287/1845 6864/237/1918 6654/288/1868
f 6702/287/1845 6701/289/1845 6865/238/1918 6864/237/1918
f 6701/289/1845 6700/290/1845 6866/241/1918 6865/238/1918
f 6700/290/1845 6699/291/1845 6867/243/1918 6866/241/1918
f 6699/291/1845 6698/292/1845 6868/245/1918 6867/243/1918
f 6698/292/1845 6697/293/1845 6869/247/1918 6868/245/1918
f 6697/293/1845 6696/294/1845 6870/249/1918 6869/247/1918
f 6696/294/1845 6626/295/1845 6695/296/1899 6870/249/1918
f 6870/249/1918 6695/296/1899 6694/297/1898 6877/250/1919
f 6877/250/1919 6694/297/1898 6693/298/1897 6884/257/1920
f 6884/257/1920 6693/298/1897 6692/299/1871 6891/264/1871
f 6891/264/1871 6692/299/1871 6691/300/1896 6898/271/1921
f 6898/271/1921 6691/300/1896 6690/301/1895 6905/278/1922
f 6905/278/1922 6690/301/1895 6689/302/1894 6912/285/1923
f 6912/285/1923 6689/302/1894 6630/67/1847 6709/66/1847
f 6911/284/1923 6912/285/1923 6709/66/1847 6708/65/1847
f 6910/283/1923 6911/284/1923 6708/65/1847 6707/303/1847
f 6909/282/1923 6910/283/1923 6707/303/1847 6706/304/1847
f 6908/281/1923 6909/282/1923 6706/304/1847 6705/305/1847
f 6907/279/1923 6908/281/1923 6705/305/1847 6704/306/1847
f 6906/280/1923 6907/279/1923 6704/306/1847 6703/307/1847
f 6660/308/1874 6906/280/1923 6703/307/1847 6632/59/1847
f 6659/309/1873 6899/273/1922 6906/280/1923 6660/308/1874
f 6658/310/1872 6892/266/1921 6899/273/1922 6659/309/1873
f 6657/311/1871 6885/259/1871 6892/266/1921 6658/310/1872
f 6656/312/1870 6878/252/1920 6885/259/1871 6657/311/1871
f 6655/313/1869 6871/240/1919 6878/252/1920 6656/312/1870
f 6654/288/1868 6864/237/1918 6871/240/1919 6655/313/1869
f 7005/1/1980 7006/2/1981 7013/3/1981 7012/4/1980
f 7006/2/1981 7007/5/1982 7014/6/1982 7013/3/1981
f 7007/5/1982 7008/7/1958 7015/8/1958 7014/6/1982
f 7008/7/1958 7009/9/1983 7016/10/1983 7015/8/1958
f 7009/9/1983 7010/11/1984 7017/12/1984 7016/10/1983
f 7010/11/1984 7011/13/1985 7018/14/1985 7017/12/1984
f 7012/4/1980 7013/3/1981 7020/15/1981 7019/16/1980
f 7013/3/1981 7014/6/1982 7021/17/1982 7020/15/1981
f 7014/6/1982 7015/8/1958 7022/18/1958 7021/17/1982
f 7015/8/1958 7016/10/1983 7023/19/1983 7022/18/1958
f 7016/10/1983 7017/12/1984 7024/20/1984 7023/19/1983
f 7017/12/1984 7018/14/1985 7025/21/1985 7024/20/1984
f 7019/16/1980 7020/15/1981 7027/22/1981 7026/23/1980
f 7020/15/1981 7021/17/1982 7028/24/1982 7027/22/1981
f 7021/17/1982 7022/18/1958 7029/25/1958 7028/24/1982
f 7022/18/1958 7023/19/1983 7030/26/1983 7029/25/1958
f 7023/19/1983 7024/20/1984 7031/27/1984 7030/26/1983
f 7024/20/1984 7025/21/1985 7032/28/1985 7031/27/1984
f 7026/23/1980 7027/22/1981 7034/29/1981 7033/30/1980
f 7027/22/1981 7028/24/1982 7035/31/1982 7034/29/1981
f 7028/24/1982 7029/25/1958 7036/32/1958 7035/31/1982
f 7029/25/1958 7030/26/1983 7037/33/1983 7036/32/1958
f 7030/26/1983 7031/27/1984 7038/34/1984 7037/33/1983
f 7031/27/1984 7032/28/1985 7039/35/1985 7038/34/1984
f 7033/30/1980 7034/29/1981 7041/36/1981 7040/37/1980
f 7034/29/1981 7035/31/1982 7042/38/1982 7041/36/1981
f 7035/31/1982 7036/32/1958 7043/39/1958 7042/38/1982
f 7036/32/1958 7037/33/1983 7044/40/1983 7043/39/1958
f 7037/33/1983 7038/34/1984 7045/41/1984 7044/40/1983
f 7038/34/1984 7039/35/1985 7046/42/1985 7045/41/1984
f 7040/37/1980 7041/36/1981 7048/43/1981 7047/44/1980
f 7041/36/1981 7042/38/1982 7049/45/1982 7048/43/1981
f 7042/38/1982 7043/39/1958 7050/46/1958 7049/45/1982
f 7043/39/1958 7044/40/1983 7051/47/1983 7050/46/1958
f 7044/40/1983 7045/41/1984 7052/48/1984 7051/47/1983
f 7045/41/1984 7046/42/1985 7053/49/1985 7052/48/1984
f 6919/50/1926 6955/51/1961 7005/1/1980 6956/52/1926
f 6955/51/1961 6954/53/1960 7006/2/1981 7005/1/1980
f 6954/53/1960 6953/54/1959 7007/5/1982 7006/2/1981
f 6953/54/1959 6952/55/1958 7008/7/1958 7007/5/1982
f 6952/55/1958 6951/56/1957 7009/9/1983 7008/7/1958
f 6951/56/1957 6950/57/1956 7010/11/1984 7009/9/1983
f 6950/57/1956 6949/58/1955 7011/13/1985 7010/11/1984
f 6949/58/1955 6920/59/1927 6991/60/1927 7011/13/1985
f 7011/13/1985 6991/60/1927 6992/61/1927 7018/14/1985
f 7018/14/1985 6992/61/1927 6993/62/1927 7025/21/1985
f 7025/21/1985 6993/62/1927 6994/63/1927 7032/28/1985
f 7032/28/1985 6994/63/1927 6995/64/1927 7039/35/1985
f 7039/35/1985 6995/64/1927 6996/65/1927 7046/42/1985
f 7046/42/1985 6996/65/1927 6997/66/1927 7053/49/1985
f 7053/49/1985 6997/66/1927 6918/67/1927 6963/68/1962
f 7052/48/1984 7053/49/1985 6963/68/1962 6964/69/1963
f 7051/47/1983 7052/48/1984 6964/69/1963 6965/70/1964
f 7050/46/1958 7051/47/1983 6965/70/1964 6966/71/1958
f 7049/45/1982 7050/46/1958 6966/71/1958 6967/72/1965
f 7048/43/1981 7049/45/1982 6967/72/1965 6968/73/1966
f 7047/44/1980 7048/43/1981 6968/73/1966 6969/74/1967
f 6962/75/1926 7047/44/1980 6969/74/1967 6917/76/1926
f 6961/77/1926 7040/37/1980 7047/44/1980 6962/75/1926
f 6960/78/1926 7033/30/1980 7040/37/1980 6961/77/1926
f 6959/79/1926 7026/23/1980 7033/30/1980 6960/78/1926
f 6958/80/1926 7019/16/1980 7026/23/1980 6959/79/1926
f 6957/81/1926 7012/4/1980 7019/16/1980 6958/80/1926
f 6956/52/1926 7005/1/1980 7012/4/1980 6957/81/1926
f 7054/82/1986 7055/83/1987 7062/84/1987 7061/85/1986
f 7055/83/1987 7056/86/1988 7063/87/1988 7062/84/1987
f 7056/86/1988 7057/88/1931 7064/89/1931 7063/87/1988
f 7057/88/1931 7058/90/1989 7065/91/1989 7064/89/1931
f 7058/90/1989 7059/92/1990 7066/93/1990 7065/91/1989
f 7059/92/1990 7060/94/1991 7067/95/1991 7066/93/1990
f 7061/85/1986 7062/84/1987 7069/96/1987 7068/97/1986
f 7062/84/1987 7063/87/1988 7070/98/1988 7069/96/1987
f 7063/87/1988 7064/89/1931 7071/99/1931 7070/98/1988
f 7064/89/1931 7065/91/1989 7072/100/1989 7071/99/1931
f 7065/91/1989 7066/93/1990 7073/101/1990 7072/100/1989
f 7066/93/1990 7067/95/1991 7074/102/1991 7073/101/1990
f 7068/97/1986 7069/96/1987 7076/103/1987 7075/104/1986
f 7069/96/1987 7070/98/1988 7077/105/1988 7076/103/1987
f 7070/98/1988 7071/99/1931 7078/106/1931 7077/105/1988
f 7071/99/1931 7072/100/1989 7079/107/1989 7078/106/1931
f 7072/100/1989 7073/101/1990 7080/108/1990 7079/107/1989
f 7073/101/1990 7074/102/1991 7081/109/1991 7080/108/1990
f 7075/104/1986 7076/103/1987 7083/110/1987 7082/111/1986
f 7076/103/1987 7077/105/1988 7084/112/1988 7083/110/1987
f 7077/105/1988 7078/106/1931 7085/113/1931 7084/112/1988
f 7078/106/1931 7079/107/1989 7086/114/1989 7085/113/1931
f 7079/107/1989 7080/108/1990 7087/115/1990 7086/114/1989
f 7080/108/1990 7081/109/1991 7088/116/1991 7087/115/1990
f 7082/111/1986 7083/110/1987 7090/117/1987 7089/118/1986
f 7083/110/1987 7084/112/1988 7091/119/1988 7090/117/1987
f 7084/112/1988 7085/113/1931 7092/120/1931 7091/119/1988
f 7085/113/1931 7086/114/1989 7093/121/1989 7092/120/1931
f 7086/114/1989 7087/115/1990 7094/122/1990 7093/121/1989
f 7087/115/1990 7088/116/1991 7095/123/1991 7094/122/1990
f 7089/118/1986 7090/117/1987 7097/124/1987 7096/125/1986
f 7090/117/1987 7091/119/1988 7098/126/1988 7097/124/1987
f 7091/119/1988 7092/120/1931 7099/127/1931 7098/126/1988
f 7092/120/1931 7093/121/1989 7100/128/1989 7099/127/1931
f 7093/121/1989 7094/122/1990 7101/129/1990 7100/128/1989
f 7094/122/1990 7095/123/1991 7102/130/1991 7101/129/1990
f 6913/131/1924 6921/132/1928 7054/82/1986 7004/133/1924
f 6921/132/1928 6922/134/1929 7055/83/1987 7054/82/1986
f 6922/134/1929 6923/135/1930 7056/86/1988 7055/83/1987
f 6923/135/1930 6924/136/1931 7057/88/1931 7056/86/1988
f 6924/136/1931 6925/137/1932 7058/90/1989 7057/88/1931
f 6925/137/1932 6926/138/1933 7059/92/1990 7058/90/1989
f 6926/138/1933 6927/139/1934 7060/94/1991 7059/92/1990
f 6927/139/1934 6914/140/1925 6984/141/1925 7060/94/1991
f 7060/94/1991 6984/141/1925 6985/142/1925 7067/95/1991
f 7067/95/1991 6985/142/1925 6986/143/1925 7074/102/1991
f 7074/102/1991 6986/143/1925 6987/144/1925 7081/109/1991
f 7081/109/1991 6987/144/1925 6988/145/1925 7088/116/1991
f 7088/116/1991 6988/145/1925 6989/146/1925 7095/123/1991
f 7095/123/1991 6989/146/1925 6990/147/1925 7102/130/1991
f 7102/130/1991 6990/147/1925 6916/148/1925 6928/149/1935
f 7101/129/1990 7102/130/1991 6928/149/1935 6929/150/1936
f 7100/128/1989 7101/129/1990 6929/150/1936 6930/151/1937
f 7099/127/1931 7100/128/1989 6930/151/1937 6931/152/1931
f 7098/126/1988 7099/127/1931 6931/152/1931 6932/153/1938
f 7097/124/1987 7098/126/1988 6932/153/1938 6933/154/1939
f 7096/125/1986 7097/124/1987 6933/154/1939 6934/155/1940
f 6998/156/1924 7096/125/1986 6934/155/1940 6915/157/1924
f 6999/158/1924 7089/118/1986 7096/125/1986 6998/156/1924
f 7000/159/1924 7082/111/1986 7089/118/1986 6999/158/1924
f 7001/160/1924 7075/104/1986 7082/111/1986 7000/159/1924
f 7002/161/1924 7068/97/1986 7075/104/1986 7001/160/1924
f 7003/162/1924 7061/85/1986 7068/97/1986 7002/161/1924
f 7004/133/1924 7054/82/1986 7061/85/1986 7003/162/1924
f 7103/163/1992 7104/164/1992 7111/165/1993 7110/166/1993
f 7104/164/1992 7105/167/1992 7112/168/1993 7111/165/1993
f 7105/167/1992 7106/169/1992 7113/170/1993 7112/168/1993
f 7106/169/1992 7107/171/1992 7114/172/1993 7113/170/1993
f 7107/171/1992 7108/173/1992 7115/174/1993 7114/172/1993
f 7108/173/1992 7109/175/1992 7116/176/1993 7115/174/1993
f 7110/166/1993 7111/165/1993 7118/177/1994 7117/178/1994
f 7111/165/1993 7112/168/1993 7119/179/1994 7118/177/1994
f 7112/168/1993 7113/170/1993 7120/180/1994 7119/179/1994
f 7113/170/1993 7114/172/1993 7121/181/1994 7120/180/1994
f 7114/172/1993 7115/174/1993 7122/182/1994 7121/181/1994
f 7115/174/1993 7116/176/1993 7123/183/1994 7122/182/1994
f 7117/178/1994 7118/177/1994 7125/184/1944 7124/185/1944
f 7118/177/1994 7119/179/1994 7126/186/1944 7125/184/1944
f 7119/179/1994 7120/180/1994 7127/187/1944 7126/186/1944
f 7120/180/1994 7121/181/1994 7128/188/1944 7127/187/1944
f 7121/181/1994 7122/182/1994 7129/189/1944 7128/188/1944
f 7122/182/1994 7123/183/1994 7130/190/1944 7129/189/1944
f 7124/185/1944 7125/184/1944 7132/191/1995 7131/192/1995
f 7125/184/1944 7126/186/1944 7133/193/1995 7132/191/1995
f 7126/186/1944 7127/187/1944 7134/194/1995 7133/193/1995
f 7127/187/1944 7128/188/1944 7135/195/1995 7134/194/1995
f 7128/188/1944 7129/189/1944 7136/196/1995 7135/195/1995
f 7129/189/1944 7130/190/1944 7137/197/1995 7136/196/1995
f 7131/192/1995 7132/191/1995 7139/198/1996 7138/199/1996
f 7132/191/1995 7133/193/1995 7140/200/1996 7139/198/1996
f 7133/193/1995 7134/194/1995 7141/201/1996 7140/200/1996
f 7134/194/1995 7135/195/1995 7142/202/1996 7141/201/1996
f 7135/195/1995 7136/196/1995 7143/203/1996 7142/202/1996
f 7136/196/1995 7137/197/1995 7144/204/1996 7143/203/1996
f 7138/199/1996 7139/198/1996 7146/205/1997 7145/206/1997
f 7139/198/1996 7140/200/1996 7147/207/1997 7146/205/1997
f 7140/200/1996 7141/201/1996 7148/208/1997 7147/207/1997
f 7141/201/1996 7142/202/1996 7149/209/1997 7148/208/1997
f 7142/202/1996 7143/203/1996 7150/210/1997 7149/209/1997
f 7143/203/1996 7144/204/1996 7151/211/1997 7150/210/1997
f 6919/50/1926 6956/212/1926 7103/163/1992 6935/213/1941
f 6956/212/1926 6957/214/1926 7104/164/1992 7103/163/1992
f 6957/214/1926 6958/215/1926 7105/167/1992 7104/164/1992
f 6958/215/1926 6959/79/1926 7106/169/1992 7105/167/1992
f 6959/79/1926 6960/216/1926 7107/171/1992 7106/169/1992
f 6960/216/1926 6961/217/1926 7108/173/1992 7107/171/1992
f 6961/217/1926 6962/75/1926 7109/175/1992 7108/173/1992
f 6962/75/1926 6917/76/1926 6976/218/1973 7109/175/1992
f 7109/175/1992 6976/218/1973 6975/219/1972 7116/176/1993
f 7116/176/1993 6975/219/1972 6974/220/1971 7123/183/1994
f 7123/183/1994 6974/220/1971 6973/221/1944 7130/190/1944
f 7130/190/1944 6973/221/1944 6972/222/1970 7137/197/1995
f 7137/197/1995 6972/222/1970 6971/223/1969 7144/204/1996
f 7144/204/1996 6971/223/1969 6970/224/1968 7151/211/1997
f 7151/211/1997 6970/224/1968 6913/131/1924 7004/225/1924
f 7150/210/1997 7151/211/1997 7004/225/1924 7003/226/1924
f 7149/209/1997 7150/210/1997 7003/226/1924 7002/227/1924
f 7148/208/1997 7149/209/1997 7002/227/1924 7001/160/1924
f 7147/207/1997 7148/208/1997 7001/160/1924 7000/228/1924
f 7146/205/1997 7147/207/1997 7000/228/1924 6999/229/1924
f 7145/206/1997 7146/205/1997 6999/229/1924 6998/230/1924
f 6941/231/1947 7145/206/1997 6998/230/1924 6915/157/1924
f 6940/232/1946 7138/199/1996 7145/206/1997 6941/231/1947
f 6939/233/1945 7131/192/1995 7138/199/1996 6940/232/1946
f 6938/234/1944 7124/185/1944 7131/192/1995 6939/233/1945
f 6937/235/1943 7117/178/1994 7124/185/1944 6938/234/1944
f 6936/236/1942 7110/166/1993 7117/178/1994 6937/235/1943
f 6935/213/1941 7103/163/1992 7110/166/1993 6936/236/1942
f 7152/237/1998 7153/238/1998 7160/239/1999 7159/240/1999
f 7153/238/1998 7154/241/1998 7161/242/1999 7160/239/1999
f 7154/241/1998 7155/243/1998 7162/244/1999 7161/242/1999
f 7155/243/1998 7156/245/1998 7163/246/1999 7162/244/1999
f 7156/245/1998 7157/247/1998 7164/248/1999 7163/246/1999
f 7157/247/1998 7158/249/1998 7165/250/1999 7164/248/1999
f 7159/240/1999 7160/239/1999 7167/251/2000 7166/252/2000
f 7160/239/1999 7161/242/1999 7168/253/2000 7167/251/2000
f 7161/242/1999 7162/244/1999 7169/254/2000 7168/253/2000
f 7162/244/1999 7163/246/1999 7170/255/2000 7169/254/2000
f 7163/246/1999 7164/248/1999 7171/256/2000 7170/255/2000
f 7164/248/1999 7165/250/1999 7172/257/2000 7171/256/2000
f 7166/252/2000 7167/251/2000 7174/258/1951 7173/259/1951
f 7167/251/2000 7168/253/2000 7175/260/1951 7174/258/1951
f 7168/253/2000 7169/254/2000 7176/261/1951 7175/260/1951
f 7169/254/2000 7170/255/2000 7177/262/1951 7176/261/1951
f 7170/255/2000 7171/256/2000 7178/263/1951 7177/262/1951
f 7171/256/2000 7172/257/2000 7179/264/1951 7178/263/1951
f 7173/259/1951 7174/258/1951 7181/265/2001 7180/266/2001
f 7174/258/1951 7175/260/1951 7182/267/2001 7181/265/2001
f 7175/260/1951 7176/261/1951 7183/268/2001 7182/267/2001
f 7176/261/1951 7177/262/1951 7184/269/2001 7183/268/2001
f 7177/262/1951 7178/263/1951 7185/270/2001 7184/269/2001
f 7178/263/1951 7179/264/1951 7186/271/2001 7185/270/2001
f 7180/266/2001 7181/265/2001 7188/272/2002 7187/273/2002
f 7181/265/2001 7182/267/2001 7189/274/2002 7188/272/2002
f 7182/267/2001 7183/268/2001 7190/275/2002 7189/274/2002
f 7183/268/2001 7184/269/2001 7191/276/2002 7190/275/2002
f 7184/269/2001 7185/270/2001 7192/277/2002 7191/276/2002
f 7185/270/2001 7186/271/2001 7193/278/2002 7192/277/2002
f 7187/273/2002 7188/272/2002 7195/279/2003 7194/280/2003
f 7188/272/2002 7189/274/2002 7196/281/2003 7195/279/2003
f 7189/274/2002 7190/275/2002 7197/282/2003 7196/281/2003
f 7190/275/2002 7191/276/2002 7198/283/2003 7197/282/2003
f 7191/276/2002 7192/277/2002 7199/284/2003 7198/283/2003
f 7192/277/2002 7193/278/2002 7200/285/2003 7199/284/2003
f 6916/286/1925 6990/287/1925 7152/237/1998 6942/288/1948
f 6990/287/1925 6989/289/1925 7153/238/1998 7152/237/1998
f 6989/289/1925 6988/290/1925 7154/241/1998 7153/238/1998
f 6988/290/1925 6987/291/1925 7155/243/1998 7154/241/1998
f 6987/291/1925 6986/292/1925 7156/245/1998 7155/243/1998
f 6986/292/1925 6985/293/1925 7157/247/1998 7156/245/1998
f 6985/293/1925 6984/294/1925 7158/249/1998 7157/247/1998
f 6984/294/1925 6914/295/1925 6983/296/1979 7158/249/1998
f 7158/249/1998 6983/296/1979 6982/297/1978 7165/250/1999
f 7165/250/1999 6982/297/1978 6981/298/1977 7172/257/2000
f 7172/257/2000 6981/298/1977 6980/299/1951 7179/264/1951
f 7179/264/1951 6980/299/1951 6979/300/1976 7186/271/2001
f 7186/271/2001 6979/300/1976 6978/301/1975 7193/278/2002
f 7193/278/2002 6978/301/1975 6977/302/1974 7200/285/2003
f 7200/285/2003 6977/302/1974 6918/67/1927 6997/66/1927
f 7199/284/2003 7200/285/2003 6997/66/1927 6996/65/1927
f 7198/283/2003 7199/284/2003 6996/65/1927 6995/303/1927
f 7197/282/2003 7198/283/2003 6995/303/1927 6994/304/1927
f 7196/281/2003 7197/282/2003 6994/304/1927 6993/305/1927
f 7195/279/2003 7196/281/2003 6993/305/1927 6992/306/1927
f 7194/280/2003 7195/279/2003 6992/306/1927 6991/307/1927
f 6948/308/1954 7194/280/2003 6991/307/1927 6920/59/1927
f 6947/309/1953 7187/273/2002 7194/280/2003 6948/308/1954
f 6946/310/1952 7180/266/2001 7187/273/2002 6947/309/1953
f 6945/311/1951 7173/259/1951 7180/266/2001 6946/310/1952
f 6944/312/1950 7166/252/2000 7173/259/1951 6945/311/1951
f 6943/313/1949 7159/240/1999 7166/252/2000 6944/312/1950
f 6942/288/1948 7152/237/1998 7159/240/1999 6943/313/1949
f 7293/1/2060 7294/2/2061 7301/3/2061 7300/4/2060
f 7294/2/2061 7295/5/2062 7302/6/2062 7301/3/2061
f 7295/5/2062 7296/7/2038 7303/8/2038 7302/6/2062
f 7296/7/2038 7297/9/2063 7304/10/2063 7303/8/2038
f 7297/9/2063 7298/11/2064 7305/12/2064 7304/10/2063
f 7298/11/2064 7299/13/2065 7306/14/2065 7305/12/2064
f 7300/4/2060 7301/3/2061 7308/15/2061 7307/16/2060
f 7301/3/2061 7302/6/2062 7309/17/2062 7308/15/2061
f 7302/6/2062 7303/8/2038 7310/18/2038 7309/17/2062
f 7303/8/2038 7304/10/2063 7311/19/2063 7310/18/2038
f 7304/10/2063 7305/12/2064 7312/20/2064 7311/19/2063
f 7305/12/2064 7306/14/2065 7313/21/2065 7312/20/2064
f 7307/16/2060 7308/15/2061 7315/22/2061 7314/23/2060
f 7308/15/2061 7309/17/2062 7316/24/2062 7315/22/2061
f 7309/17/2062 7310/18/2038 7317/25/2038 7316/24/2062
f 7310/18/2038 7311/19/2063 7318/26/2063 7317/25/2038
f 7311/19/2063 7312/20/2064 7319/27/2064 7318/26/2063
f 7312/20/2064 7313/21/2065 7320/28/2065 7319/27/2064
f 7314/23/2060 7315/22/2061 7322/29/2061 7321/30/2060
f 7315/22/2061 7316/24/2062 7323/31/2062 7322/29/2061
f 7316/24/2062 7317/25/2038 7324/32/2038 7323/31/2062
f 7317/25/2038 7318/26/2063 7325/33/2063 7324/32/2038
f 7318/26/2063 7319/27/2064 7326/34/2064 7325/33/2063
f 7319/27/2064 7320/28/2065 7327/35/2065 7326/34/2064
f 7321/30/2060 7322/29/2061 7329/36/2061 7328/37/2060
f 7322/29/2061 7323/31/2062 7330/38/2062 7329/36/2061
f 7323/31/2062 7324/32/2038 7331/39/2038 7330/38/2062
f 7324/32/2038 7325/33/2063 7332/40/2063 7331/39/2038
f 7325/33/2063 7326/34/2064 7333/41/2064 7332/40/2063
f 7326/34/2064 7327/35/2065 7334/42/2065 7333/41/2064
f 7328/37/2060 7329/36/2061 7336/43/2061 7335/44/2060
f 7329/36/2061 7330/38/2062 7337/45/2062 7336/43/2061
f 7330/38/2062 7331/39/2038 7338/46/2038 7337/45/2062
f 7331/39/2038 7332/40/2063 7339/47/2063 7338/46/2038
f 7332/40/2063 7333/41/2064 7340/48/2064 7339/47/2063
f 7333/41/2064 7334/42/2065 7341/49/2065 7340/48/2064
f 7207/50/2006 7243/51/2041 7293/1/2060 7244/52/2006
f 7243/51/2041 7242/53/2040 7294/2/2061 7293/1/2060
f 7242/53/2040 7241/54/2039 7295/5/2062 7294/2/2061
f 7241/54/2039 7240/55/2038 7296/7/2038 7295/5/2062
f 7240/55/2038 7239/56/2037 7297/9/2063 7296/7/2038
f 7239/56/2037 7238/57/2036 7298/11/2064 7297/9/2063
f 7238/57/2036 7237/58/2035 7299/13/2065 7298/11/2064
f 7237/58/2035 7208/59/2007 7279/60/2007 7299/13/2065
f 7299/13/2065 7279/60/2007 7280/61/2007 7306/14/2065
f 7306/14/2065 7280/61/2007 7281/62/2007 7313/21/2065
f 7313/21/2065 7281/62/2007 7282/63/2007 7320/28/2065
f 7320/28/2065 7282/63/2007 7283/64/2007 7327/35/2065
f 7327/35/2065 7283/64/2007 7284/65/2007 7334/42/2065
f 7334/42/2065 7284/65/2007 7285/66/2007 7341/49/2065
f 7341/49/2065 7285/66/2007 7206/67/2007 7251/68/2042
f 7340/48/2064 7341/49/2065 7251/68/2042 7252/69/2043
f 7339/47/2063 7340/48/2064 7252/69/2043 7253/70/2044
f 7338/46/2038 7339/47/2063 7253/70/2044 7254/71/2038
f 7337/45/2062 7338/46/2038 7254/71/2038 7255/72/2045
f 7336/43/2061 7337/45/2062 7255/72/2045 7256/73/2046
f 7335/44/2060 7336/43/2061 7256/73/2046 7257/74/2047
f 7250/75/2006 7335/44/2060 7257/74/2047 7205/76/2006
f 7249/77/2006 7328/37/2060 7335/44/2060 7250/75/2006
f 7248/78/2006 7321/30/2060 7328/37/2060 7249/77/2006
f 7247/79/2006 7314/23/2060 7321/30/2060 7248/78/2006
f 7246/80/2006 7307/16/2060 7314/23/2060 7247/79/2006
f 7245/81/2006 7300/4/2060 7307/16/2060 7246/80/2006
f 7244/52/2006 7293/1/2060 7300/4/2060 7245/81/2006
f 7342/82/2066 7343/83/2067 7350/84/2067 7349/85/2066
f 7343/83/2067 7344/86/2068 7351/87/2068 7350/84/2067
f 7344/86/2068 7345/88/2011 7352/89/2011 7351/87/2068
f 7345/88/2011 7346/90/2069 7353/91/2069 7352/89/2011
f 7346/90/2069 7347/92/2070 7354/93/2070 7353/91/2069
f 7347/92/2070 7348/94/2071 7355/95/2071 7354/93/2070
f 7349/85/2066 7350/84/2067 7357/96/2067 7356/97/2066
f 7350/84/2067 7351/87/2068 7358/98/2068 7357/96/2067
f 7351/87/2068 7352/89/2011 7359/99/2011 7358/98/2068
f 7352/89/2011 7353/91/2069 7360/100/2069 7359/99/2011
f 7353/91/2069 7354/93/2070 7361/101/2070 7360/100/2069
f 7354/93/2070 7355/95/2071 7362/102/2071 7361/101/2070
f 7356/97/2066 7357/96/2067 7364/103/2067 7363/104/2066
f 7357/96/2067 7358/98/2068 7365/105/2068 7364/103/2067
f 7358/98/2068 7359/99/2011 7366/106/2011 7365/105/2068
f 7359/99/2011 7360/100/2069 7367/107/2069 7366/106/2011
f 7360/100/2069 7361/101/2070 7368/108/2070 7367/107/2069
f 7361/101/2070 7362/102/2071 7369/109/2071 7368/108/2070
f 7363/104/2066 7364/103/2067 7371/110/2067 7370/111/2066
f 7364/103/2067 7365/105/2068 7372/112/2068 7371/110/2067
f 7365/105/2068 7366/106/2011 7373/113/2011 7372/112/2068
f 7366/106/2011 7367/107/2069 7374/114/2069 7373/113/2011
f 7367/107/2069 7368/108/2070 7375/115/2070 7374/114/2069
f 7368/108/2070 7369/109/2071 7376/116/2071 7375/115/2070
f 7370/111/2066 7371/110/2067 7378/117/2067 7377/118/2066
f 7371/110/2067 7372/112/2068 7379/119/2068 7378/117/2067
f 7372/112/2068 7373/113/2011 7380/120/2011 7379/119/2068
f 7373/113/2011 7374/114/2069 7381/121/2069 7380/120/2011
f 7374/114/2069 7375/115/2070 7382/122/2070 7381/121/2069
f 7375/115/2070 7376/116/2071 7383/123/2071 7382/122/2070
f 7377/118/2066 7378/117/2067 7385/124/2067 7384/125/2066
f 7378/117/2067 7379/119/2068 7386/126/2068 7385/124/2067
f 7379/119/2068 7380/120/2011 7387/127/2011 7386/126/2068
f 7380/120/2011 7381/121/2069 7388/128/2069 7387/127/2011
f 7381/121/2069 7382/122/2070 7389/129/2070 7388/128/2069
f 7382/122/2070 7383/123/2071 7390/130/2071 7389/129/2070
f 7201/131/2004 7209/132/2008 7342/82/2066 7292/133/2004
f 7209/132/2008 7210/134/2009 7343/83/2067 7342/82/2066
f 7210/134/2009 7211/135/2010 7344/86/2068 7343/83/2067
f 7211/135/2010 7212/136/2011 7345/88/2011 7344/86/2068
f 7212/136/2011 7213/137/2012 7346/90/2069 7345/88/2011
f 7213/137/2012 7214/138/2013 7347/92/2070 7346/90/2069
f 7214/138/2013 7215/139/2014 7348/94/2071 7347/92/2070
f 7215/139/2014 7202/140/2005 7272/141/2005 7348/94/2071
f 7348/94/2071 7272/141/2005 7273/142/2005 7355/95/2071
f 7355/95/2071 7273/142/2005 7274/143/2005 7362/102/2071
f 7362/102/2071 7274/143/2005 7275/144/2005 7369/109/2071
f 7369/109/2071 7275/144/2005 7276/145/2005 7376/116/2071
f 7376/116/2071 7276/145/2005 7277/146/2005 7383/123/2071
f 7383/123/2071 7277/146/2005 7278/147/2005 7390/130/2071
f 7390/130/2071 7278/147/2005 7204/148/2005 7216/149/2015
f 7389/129/2070 7390/130/2071 7216/149/2015 7217/150/2016
f 7388/128/2069 7389/129/2070 7217/150/2016 7218/151/2017
f 7387/127/2011 7388/128/2069 7218/151/2017 7219/152/2011
f 7386/126/2068 7387/127/2011 7219/152/2011 7220/153/2018
f 7385/124/2067 7386/126/2068 7220/153/2018 7221/154/2019
f 7384/125/2066 7385/124/2067 7221/154/2019 7222/155/2020
f 7286/156/2004 7384/125/2066 7222/155/2020 7203/157/2004
f 7287/158/2004 7377/118/2066 7384/125/2066 7286/156/2004
f 7288/159/2004 7370/111/2066 7377/118/2066 7287/158/2004
f 7289/160/2004 7363/104/2066 7370/111/2066 7288/159/2004
f 7290/161/2004 7356/97/2066 7363/104/2066 7289/160/2004
f 7291/162/2004 7349/85/2066 7356/97/2066 7290/161/2004
f 7292/133/2004 7342/82/2066 7349/85/2066 7291/162/2004
f 7391/163/2072 7392/164/2072 7399/165/2073 7398/166/2073
f 7392/164/2072 7393/167/2072 7400/168/2073 7399/165/2073
f 7393/167/2072 7394/169/2072 7401/170/2073 7400/168/2073
f 7394/169/2072 7395/171/2072 7402/172/2073 7401/170/2073
f 7395/171/2072 7396/173/2072 7403/174/2073 7402/172/2073
f 7396/173/2072 7397/175/2072 7404/176/2073 7403/174/2073
f 7398/166/2073 7399/165/2073 7406/177/2074 7405/178/2074
f 7399/165/2073 7400/168/2073 7407/179/2074 7406/177/2074
f 7400/168/2073 7401/170/2073 7408/180/2074 7407/179/2074
f 7401/170/2073 7402/172/2073 7409/181/2074 7408/180/2074
f 7402/172/2073 7403/174/2073 7410/182/2074 7409/181/2074
f 7403/174/2073 7404/176/2073 7411/183/2074 7410/182/2074
f 7405/178/2074 7406/177/2074 7413/184/2024 7412/185/2024
f 7406/177/2074 7407/179/2074 7414/186/2024 7413/184/2024
f 7407/179/2074 7408/180/2074 7415/187/2024 7414/186/2024
f 7408/180/2074 7409/181/2074 7416/188/2024 7415/187/2024
f 7409/181/2074 7410/182/2074 7417/189/2024 7416/188/2024
f 7410/182/2074 7411/183/2074 7418/190/2024 7417/189/2024
f 7412/185/2024 7413/184/2024 7420/191/2075 7419/192/2075
f 7413/184/2024 7414/186/2024 7421/193/2075 7420/191/2075
f 7414/186/2024 7415/187/2024 7422/194/2075 7421/193/2075
f 7415/187/2024 7416/188/2024 7423/195/2075 7422/194/2075
f 7416/188/2024 7417/189/2024 7424/196/2075 7423/195/2075
f 7417/189/2024 7418/190/2024 7425/197/2075 7424/196/2075
f 7419/192/2075 7420/191/2075 7427/198/2076 7426/199/2076
f 7420/191/2075 7421/193/2075 7428/200/2076 7427/198/2076
f 7421/193/2075 7422/194/2075 7429/201/2076 7428/200/2076
f 7422/194/2075 7423/195/2075 7430/202/2076 7429/201/2076
f 7423/195/2075 7424/196/2075 7431/203/2076 7430/202/2076
f 7424/196/2075 7425/197/2075 7432/204/2076 7431/203/2076
f 7426/199/2076 7427/198/2076 7434/205/2077 7433/206/2077
f 7427/198/2076 7428/200/2076 7435/207/2077 7434/205/2077
f 7428/200/2076 7429/201/2076 7436/208/2077 7435/207/2077
f 7429/201/2076 7430/202/2076 7437/209/2077 7436/208/2077
f 7430/202/2076 7431/203/2076 7438/210/2077 7437/209/2077
f 7431/203/2076 7432/204/2076 7439/211/2077 7438/210/2077
f 7207/50/2006 7244/212/2006 7391/163/2072 7223/213/2021
f 7244/212/2006 7245/214/2006 7392/164/2072 7391/163/2072
f 7245/214/2006 7246/215/2006 7393/167/2072 7392/164/2072
f 7246/215/2006 7247/79/2006 7394/169/2072 7393/167/2072
f 7247/79/2006 7248/216/2006 7395/171/2072 7394/169/2072
f 7248/216/2006 7249/217/2006 7396/173/2072 7395/171/2072
f 7249/217/2006 7250/75/2006 7397/175/2072 7396/173/2072
f 7250/75/2006 7205/76/2006 7264/218/2053 7397/175/2072
f 7397/175/2072 7264/218/2053 7263/219/2052 7404/176/2073
f 7404/176/2073 7263/219/2052 7262/220/2051 7411/183/2074
f 7411/183/2074 7262/220/2051 7261/221/2024 7418/190/2024
f 7418/190/2024 7261/221/2024 7260/222/2050 7425/197/2075
f 7425/197/2075 7260/222/2050 7259/223/2049 7432/204/2076
f 7432/204/2076 7259/223/2049 7258/224/2048 7439/211/2077
f 7439/211/2077 7258/224/2048 7201/131/2004 7292/225/2004
f 7438/210/2077 7439/211/2077 7292/225/2004 7291/226/2004
f 7437/209/2077 7438/210/2077 7291/226/2004 7290/227/2004
f 7436/208/2077 7437/209/2077 7290/227/2004 7289/160/2004
f 7435/207/2077 7436/208/2077 7289/160/2004 7288/228/2004
f 7434/205/2077 7435/207/2077 7288/228/2004 7287/229/2004
f 7433/206/2077 7434/205/2077 7287/229/2004 7286/230/2004
f 7229/231/2027 7433/206/2077 7286/230/2004 7203/157/2004
f 7228/232/2026 7426/199/2076 7433/206/2077 7229/231/2027
f 7227/233/2025 7419/192/2075 7426/199/2076 7228/232/2026
f 7226/234/2024 7412/185/2024 7419/192/2075 7227/233/2025
f 7225/235/2023 7405/178/2074 7412/185/2024 7226/234/2024
f 7224/236/2022 7398/166/2073 7405/178/2074 7225/235/2023
f 7223/213/2021 7391/163/2072 7398/166/2073 7224/236/2022
f 7440/237/2078 7441/238/2078 7448/239/2079 7447/240/2079
f 7441/238/2078 7442/241/2078 7449/242/2079 7448/239/2079
f 7442/241/2078 7443/243/2078 7450/244/2079 7449/242/2079
f 7443/243/2078 7444/245/2078 7451/246/2079 7450/244/2079
f 7444/245/2078 7445/247/2078 7452/248/2079 7451/246/2079
f 7445/247/2078 7446/249/2078 7453/250/2079 7452/248/2079
f 7447/240/2079 7448/239/2079 7455/251/2080 7454/252/2080
f 7448/239/2079 7449/242/2079 7456/253/2080 7455/251/2080
f 7449/242/2079 7450/244/2079 7457/254/2080 7456/253/2080
f 7450/244/2079 7451/246/2079 7458/255/2080 7457/254/2080
f 7451/246/2079 7452/248/2079 7459/256/2080 7458/255/2080
f 7452/248/2079 7453/250/2079 7460/257/2080 7459/256/2080
f 7454/252/2080 7455/251/2080 7462/258/2031 7461/259/2031
f 7455/251/2080 7456/253/2080 7463/260/2031 7462/258/2031
f 7456/253/2080 7457/254/2080 7464/261/2031 7463/260/2031
f 7457/254/2080 7458/255/2080 7465/262/2031 7464/261/2031
f 7458/255/2080 7459/256/2080 7466/263/2031 7465/262/2031
f 7459/256/2080 7460/257/2080 7467/264/2031 7466/263/2031
f 7461/259/2031 7462/258/2031 7469/265/2081 7468/266/2081
f 7462/258/2031 7463/260/2031 7470/267/2081 7469/265/2081
f 7463/260/2031 7464/261/2031 7471/268/2081 7470/267/2081
f 7464/261/2031 7465/262/2031 7472/269/2081 7471/268/2081
f 7465/262/2031 7466/263/2031 7473/270/2081 7472/269/2081
f 7466/263/2031 7467/264/2031 7474/271/2081 7473/270/2081
f 7468/266/2081 7469/265/2081 7476/272/2082 7475/273/2082
f 7469/265/2081 7470/267/2081 7477/274/2082 7476/272/2082
f 7470/267/2081 7471/268/2081 7478/275/2082 7477/274/2082
f 7471/268/2081 7472/269/2081 7479/276/2082 7478/275/2082
f 7472/269/2081 7473/270/2081 7480/277/2082 7479/276/2082
f 7473/270/2081 7474/271/2081 7481/278/2082 7480/277/2082
f 7475/273/2082 7476/272/2082 7483/279/2083 7482/280/2083
f 7476/272/2082 7477/274/2082 7484/281/2083 7483/279/2083
f 7477/274/2082 7478/275/2082 7485/282/2083 7484/281/2083
f 7478/275/2082 7479/276/2082 7486/283/2083 7485/282/2083
f 7479/276/2082 7480/277/2082 7487/284/2083 7486/283/2083
f 7480/277/2082 7481/278/2082 7488/285/2083 7487/284/2083
f 7204/286/2005 7278/287/2005 7440/237/2078 7230/288/2028
f 7278/287/2005 7277/289/2005 7441/238/2078 7440/237/2078
f 7277/289/2005 7276/290/2005 7442/241/2078 7441/238/2078
f 7276/290/2005 7275/291/2005 7443/243/2078 7442/241/2078
f 7275/291/2005 7274/292/2005 7444/245/2078 7443/243/2078
f 7274/292/2005 7273/293/2005 7445/247/2078 7444/245/2078
f 7273/293/2005 7272/294/2005 7446/249/2078 7445/247/2078
f 7272/294/2005 7202/295/2005 7271/296/2059 7446/249/2078
f 7446/249/2078 7271/296/2059 7270/297/2058 7453/250/2079
f 7453/250/2079 7270/297/2058 7269/298/2057 7460/257/2080
f 7460/257/2080 7269/298/2057 7268/299/2031 7467/264/2031
f 7467/264/2031 7268/299/2031 7267/300/2056 7474/271/2081
f 7474/271/2081 7267/300/2056 7266/301/2055 7481/278/2082
f 7481/278/2082 7266/301/2055 7265/302/2054 7488/285/2083
f 7488/285/2083 7265/302/2054 7206/67/2007 7285/66/2007
f 7487/284/2083 7488/285/2083 7285/66/2007 7284/65/2007
f 7486/283/2083 7487/284/2083 7284/65/2007 7283/303/2007
f 7485/282/2083 7486/283/2083 7283/303/2007 7282/304/2007
f 7484/281/2083 7485/282/2083 7282/304/2007 7281/305/2007
f 7483/279/2083 7484/281/2083 7281/305/2007 7280/306/2007
f 7482/280/2083 7483/279/2083 7280/306/2007 7279/307/2007
f 7236/308/2034 7482/280/2083 7279/307/2007 7208/59/2007
f 7235/309/2033 7475/273/2082 7482/280/2083 7236/308/2034
f 7234/310/2032 7468/266/2081 7475/273/2082 7235/309/2033
f 7233/311/2031 7461/259/2031 7468/266/2081 7234/310/2032
f 7232/312/2030 7454/252/2080 7461/259/2031 7233/311/2031
f 7231/313/2029 7447/240/2079 7454/252/2080 7232/312/2030
f 7230/288/2028 7440/237/2078 7447/240/2079 7231/313/2029
f 7581/1/2140 7582/2/2141 7589/3/2141 7588/4/2140
f 7582/2/2141 7583/5/2142 7590/6/2142 7589/3/2141
f 7583/5/2142 7584/7/2118 7591/8/2118 7590/6/2142
f 7584/7/2118 7585/9/2143 7592/10/2143 7591/8/2118
f 7585/9/2143 7586/11/2144 7593/12/2144 7592/10/2143
f 7586/11/2144 7587/13/2145 7594/14/2145 7593/12/2144
f 7588/4/2140 7589/3/2141 7596/15/2141 7595/16/2140
f 7589/3/2141 7590/6/2142 7597/17/2142 7596/15/2141
f 7590/6/2142 7591/8/2118 7598/18/2118 7597/17/2142
f 7591/8/2118 7592/10/2143 7599/19/2143 7598/18/2118
f 7592/10/2143 7593/12/2144 7600/20/2144 7599/19/2143
f 7593/12/2144 7594/14/2145 7601/21/2145 7600/20/2144
f 7595/16/2140 7596/15/2141 7603/22/2141 7602/23/2140
f 7596/15/2141 7597/17/2142 7604/24/2142 7603/22/2141
f 7597/17/2142 7598/18/2118 7605/25/2118 7604/24/2142
f 7598/18/2118 7599/19/2143 7606/26/2143 7605/25/2118
f 7599/19/2143 7600/20/2144 7607/27/2144 7606/26/2143
f 7600/20/2144 7601/21/2145 7608/28/2145 7607/27/2144
f 7602/23/2140 7603/22/2141 7610/29/2141 7609/30/2140
f 7603/22/2141 7604/24/2142 7611/31/2142 7610/29/2141
f 7604/24/2142 7605/25/2118 7612/32/2118 7611/31/2142
f 7605/25/2118 7606/26/2143 7613/33/2143 7612/32/2118
f 7606/26/2143 7607/27/2144 7614/34/2144 7613/33/2143
f 7607/27/2144 7608/28/2145 7615/35/2145 7614/34/2144
f 7609/30/2140 7610/29/2141 7617/36/2141 7616/37/2140
f 7610/29/2141 7611/31/2142 7618/38/2142 7617/36/2141
f 7611/31/2142 7612/32/2118 7619/39/2118 7618/38/2142
f 7612/32/2118 7613/33/2143 7620/40/2143 7619/39/2118
f 7613/33/2143 7614/34/2144 7621/41/2144 7620/40/2143
f 7614/34/2144 7615/35/2145 7622/42/2145 7621/41/2144
f 7616/37/2140 7617/36/2141 7624/43/2141 7623/44/2140
f 7617/36/2141 7618/38/2142 7625/45/2142 7624/43/2141
f 7618/38/2142 7619/39/2118 7626/46/2118 7625/45/2142
f 7619/39/2118 7620/40/2143 7627/47/2143 7626/46/2118
f 7620/40/2143 7621/41/2144 7628/48/2144 7627/47/2143
f 7621/41/2144 7622/42/2145 7629/49/2145 7628/48/2144
f 7495/50/2086 7531/51/2121 7581/1/2140 7532/52/2086
f 7531/51/2121 7530/53/2120 7582/2/2141 7581/1/2140
f 7530/53/2120 7529/54/2119 7583/5/2142 7582/2/2141
f 7529/54/2119 7528/55/2118 7584/7/2118 7583/5/2142
f 7528/55/2118 7527/56/2117 7585/9/2143 7584/7/2118
f 7527/56/2117 7526/57/2116 7586/11/2144 7585/9/2143
f 7526/57/2116 7525/58/2115 7587/13/2145 7586/11/2144
f 7525/58/2115 7496/59/2087 7567/60/2087 7587/13/2145
f 7587/13/2145 7567/60/2087 7568/61/2087 7594/14/2145
f 7594/14/2145 7568/61/2087 7569/62/2087 7601/21/2145
f 7601/21/2145 7569/62/2087 7570/63/2087 7608/28/2145
f 7608/28/2145 7570/63/2087 7571/64/2087 7615/35/2145
f 7615/35/2145 7571/64/2087 7572/65/2087 7622/42/2145
f 7622/42/2145 7572/65/2087 7573/66/2087 7629/49/2145
f 7629/49/2145 7573/66/2087 7494/67/2087 7539/68/2122
f 7628/48/2144 7629/49/2145 7539/68/2122 7540/69/2123
f 7627/47/2143 7628/48/2144 7540/69/2123 7541/70/2124
f 7626/46/2118 7627/47/2143 7541/70/2124 7542/71/2118
f 7625/45/2142 7626/46/2118 7542/71/2118 7543/72/2125
f 7624/43/2141 7625/45/2142 7543/72/2125 7544/73/2126
f 7623/44/2140 7624/43/2141 7544/73/2126 7545/74/2127
f 7538/75/2086 7623/44/2140 7545/74/2127 7493/76/2086
f 7537/77/2086 7616/37/2140 7623/44/2140 7538/75/2086
f 7536/78/2086 7609/30/2140 7616/37/2140 7537/77/2086
f 7535/79/2086 7602/23/2140 7609/30/2140 7536/78/2086
f 7534/80/2086 7595/16/2140 7602/23/2140 7535/79/2086
f 7533/81/2086 7588/4/2140 7595/16/2140 7534/80/2086
f 7532/52/2086 7581/1/2140 7588/4/2140 7533/81/2086
f 7630/82/2146 7631/83/2147 7638/84/2147 7637/85/2146
f 7631/83/2147 7632/86/2148 7639/87/2148 7638/84/2147
f 7632/86/2148 7633/88/2091 7640/89/2091 7639/87/2148
f 7633/88/2091 7634/90/2149 7641/91/2149 7640/89/2091
f 7634/90/2149 7635/92/2150 7642/93/2150 7641/91/2149
f 7635/92/2150 7636/94/2151 7643/95/2151 7642/93/2150
f 7637/85/2146 7638/84/2147 7645/96/2147 7644/97/2146
f 7638/84/2147 7639/87/2148 7646/98/2148 7645/96/2147
f 7639/87/2148 7640/89/2091 7647/99/2091 7646/98/2148
f 7640/89/2091 7641/91/2149 7648/100/2149 7647/99/2091
f 7641/91/2149 7642/93/2150 7649/101/2150 7648/100/2149
f 7642/93/2150 7643/95/2151 7650/102/2151 7649/101/2150
f 7644/97/2146 7645/96/2147 7652/103/2147 7651/104/2146
f 7645/96/2147 7646/98/2148 7653/105/2148 7652/103/2147
f 7646/98/2148 7647/99/2091 7654/106/2091 7653/105/2148
f 7647/99/2091 7648/100/2149 7655/107/2149 7654/106/2091
f 7648/100/2149 7649/101/2150 7656/108/2150 7655/107/2149
f 7649/101/2150 7650/102/2151 7657/109/2151 7656/108/2150
f 7651/104/2146 7652/103/2147 7659/110/2147 7658/111/2146
f 7652/103/2147 7653/105/2148 7660/112/2148 7659/110/2147
f 7653/105/2148 7654/106/2091 7661/113/2091 7660/112/2148
f 7654/106/2091 7655/107/2149 7662/114/2149 7661/113/2091
f 7655/107/2149 7656/108/2150 7663/115/2150 7662/114/2149
f 7656/108/2150 7657/109/2151 7664/116/2151 7663/115/2150
f 7658/111/2146 7659/110/2147 7666/117/2147 7665/118/2146
f 7659/110/2147 7660/112/2148 7667/119/2148 7666/117/2147
f 7660/112/2148 7661/113/2091 7668/120/2091 7667/119/2148
f 7661/113/2091 7662/114/2149 7669/121/2149 7668/120/2091
f 7662/114/2149 7663/115/2150 7670/122/2150 7669/121/2149
f 7663/115/2150 7664/116/2151 7671/123/2151 7670/122/2150
f 7665/118/2146 7666/117/2147 7673/124/2147 7672/125/2146
f 7666/117/2147 7667/119/2148 7674/126/2148 7673/124/2147
f 7667/119/2148 7668/120/2091 7675/127/2091 7674/126/2148
f 7668/120/2091 7669/121/2149 7676/128/2149 7675/127/2091
f 7669/121/2149 7670/122/2150 7677/129/2150 7676/128/2149
f 7670/122/2150 7671/123/2151 7678/130/2151 7677/129/2150
f 7489/131/2084 7497/132/2088 7630/82/2146 7580/133/2084
f 7497/132/2088 7498/134/2089 7631/83/2147 7630/82/2146
f 7498/134/2089 7499/135/2090 7632/86/2148 7631/83/2147
f 7499/135/2090 7500/136/2091 7633/88/2091 7632/86/2148
f 7500/136/2091 7501/137/2092 7634/90/2149 7633/88/2091
f 7501/137/2092 7502/138/2093 7635/92/2150 7634/90/2149
f 7502/138/2093 7503/139/2094 7636/94/2151 7635/92/2150
f 7503/139/2094 7490/140/2085 7560/141/2085 7636/94/2151
f 7636/94/2151 7560/141/2085 7561/142/2085 7643/95/2151
f 7643/95/2151 7561/142/2085 7562/143/2085 7650/102/2151
f 7650/102/2151 7562/143/2085 7563/144/2085 7657/109/2151
f 7657/109/2151 7563/144/2085 7564/145/2085 7664/116/2151
f 7664/116/2151 7564/145/2085 7565/146/2085 7671/123/2151
f 7671/123/2151 7565/146/2085 7566/147/2085 7678/130/2151
f 7678/130/2151 7566/147/2085 7492/148/2085 7504/149/2095
f 7677/129/2150 7678/130/2151 7504/149/2095 7505/150/2096
f 7676/128/2149 7677/129/2150 7505/150/2096 7506/151/2097
f 7675/127/2091 7676/128/2149 7506/151/2097 7507/152/2091
f 7674/126/2148 7675/127/2091 7507/152/2091 7508/153/2098
f 7673/124/2147 7674/126/2148 7508/153/2098 7509/154/2099
f 7672/125/2146 7673/124/2147 7509/154/2099 7510/155/2100
f 7574/156/2084 7672/125/2146 7510/155/2100 7491/157/2084
f 7575/158/2084 7665/118/2146 7672/125/2146 7574/156/2084
f 7576/159/2084 7658/111/2146 7665/118/2146 7575/158/2084
f 7577/160/2084 7651/104/2146 7658/111/2146 7576/159/2084
f 7578/161/2084 7644/97/2146 7651/104/2146 7577/160/2084
f 7579/162/2084 7637/85/2146 7644/97/2146 7578/161/2084
f 7580/133/2084 7630/82/2146 7637/85/2146 7579/162/2084
f 7679/163/2152 7680/164/2152 7687/165/2153 7686/166/2153
f 7680/164/2152 7681/167/2152 7688/168/2153 7687/165/2153
f 7681/167/2152 7682/169/2152 7689/170/2153 7688/168/2153
f 7682/169/2152 7683/171/2152 7690/172/2153 7689/170/2153
f 7683/171/2152 7684/173/2152 7691/174/2153 7690/172/2153
f 7684/173/2152 7685/175/2152 7692/176/2153 7691/174/2153
f 7686/166/2153 7687/165/2153 7694/177/2154 7693/178/2154
f 7687/165/2153 7688/168/2153 7695/179/2154 7694/177/2154
f 7688/168/2153 7689/170/2153 7696/180/2154 7695/179/2154
f 7689/170/2153 7690/172/2153 7697/181/2154 7696/180/2154
f 7690/172/2153 7691/174/2153 7698/182/2154 7697/181/2154
f 7691/174/2153 7692/176/2153 7699/183/2154 7698/182/2154
f 7693/178/2154 7694/177/2154 7701/184/2104 7700/185/2104
f 7694/177/2154 7695/179/2154 7702/186/2104 7701/184/2104
f 7695/179/2154 7696/180/2154 7703/187/2104 7702/186/2104
f 7696/180/2154 7697/181/2154 7704/188/2104 7703/187/2104
f 7697/181/2154 7698/182/2154 7705/189/2104 7704/188/2104
f 7698/182/2154 7699/183/2154 7706/190/2104 7705/189/2104
f 7700/185/2104 7701/184/2104 7708/191/2155 7707/192/2155
f 7701/184/2104 7702/186/2104 7709/193/2155 7708/191/2155
f 7702/186/2104 7703/187/2104 7710/194/2155 7709/193/2155
f 7703/187/2104 7704/188/2104 7711/195/2155 7710/194/2155
f 7704/188/2104 7705/189/2104 7712/196/2155 7711/195/2155
f 7705/189/2104 7706/190/2104 7713/197/2155 7712/196/2155
f 7707/192/2155 7708/191/2155 7715/198/2156 7714/199/2156
f 7708/191/2155 7709/193/2155 7716/200/2156 7715/198/2156
f 7709/193/2155 7710/194/2155 7717/201/2156 7716/200/2156
f 7710/194/2155 7711/195/2155 7718/202/2156 7717/201/2156
f 7711/195/2155 7712/196/2155 7719/203/2156 7718/202/2156
f 7712/196/2155 7713/197/2155 7720/204/2156 7719/203/2156
f 7714/199/2156 7715/198/2156 7722/205/2157 7721/206/2157
f 7715/198/2156 7716/200/2156 7723/207/2157 7722/205/2157
f 7716/200/2156 7717/201/2156 7724/208/2157 7723/207/2157
f 7717/201/2156 7718/202/2156 7725/209/2157 7724/208/2157
f 7718/202/2156 7719/203/2156 7726/210/2157 7725/209/2157
f 7719/203/2156 7720/204/2156 7727/211/2157 7726/210/2157
f 7495/50/2086 7532/212/2086 7679/163/2152 7511/213/2101
f 7532/212/2086 7533/214/2086 7680/164/2152 7679/163/2152
f 7533/214/2086 7534/215/2086 7681/167/2152 7680/164/2152
f 7534/215/2086 7535/79/2086 7682/169/2152 7681/167/2152
f 7535/79/2086 7536/216/2086 7683/171/2152 7682/169/2152
f 7536/216/2086 7537/217/2086 7684/173/2152 7683/171/2152
f 7537/217/2086 7538/75/2086 7685/175/2152 7684/173/2152
f 7538/75/2086 7493/76/2086 7552/218/2133 7685/175/2152
f 7685/175/2152 7552/218/2133 7551/219/2132 7692/176/2153
f 7692/176/2153 7551/219/2132 7550/220/2131 7699/183/2154
f 7699/183/2154 7550/220/2131 7549/221/2104 7706/190/2104
f 7706/190/2104 7549/221/2104 7548/222/2130 7713/197/2155
f 7713/197/2155 7548/222/2130 7547/223/2129 7720/204/2156
f 7720/204/2156 7547/223/2129 7546/224/2128 7727/211/2157
f 7727/211/2157 7546/224/2128 7489/131/2084 7580/225/2084
f 7726/210/2157 7727/211/2157 7580/225/2084 7579/226/2084
f 7725/209/2157 7726/210/2157 7579/226/2084 7578/227/2084
f 7724/208/2157 7725/209/2157 7578/227/2084 7577/160/2084
f 7723/207/2157 7724/208/2157 7577/160/2084 7576/228/2084
f 7722/205/2157 7723/207/2157 7576/228/2084 7575/229/2084
f 7721/206/2157 7722/205/2157 7575/229/2084 7574/230/2084
f 7517/231/2107 7721/206/2157 7574/230/2084 7491/157/2084
f 7516/232/2106 7714/199/2156 7721/206/2157 7517/231/2107
f 7515/233/2105 7707/192/2155 7714/199/2156 7516/232/2106
f 7514/234/2104 7700/185/2104 7707/192/2155 7515/233/2105
f 7513/235/2103 7693/178/2154 7700/185/2104 7514/234/2104
f 7512/236/2102 7686/166/2153 7693/178/2154 7513/235/2103
f 7511/213/2101 7679/163/2152 7686/166/2153 7512/236/2102
f 7728/237/2158 7729/238/2158 7736/239/2159 7735/240/2159
f 7729/238/2158 7730/241/2158 7737/242/2159 7736/239/2159
f 7730/241/2158 7731/243/2158 7738/244/2159 7737/242/2159
f 7731/243/2158 7732/245/2158 7739/246/2159 7738/244/2159
f 7732/245/2158 7733/247/2158 7740/248/2159 7739/246/2159
f 7733/247/2158 7734/249/2158 7741/250/2159 7740/248/2159
f 7735/240/2159 7736/239/2159 7743/251/2160 7742/252/2160
f 7736/239/2159 7737/242/2159 7744/253/2160 7743/251/2160
f 7737/242/2159 7738/244/2159 7745/254/2160 7744/253/2160
f 7738/244/2159 7739/246/2159 7746/255/2160 7745/254/2160
f 7739/246/2159 7740/248/2159 7747/256/2160 7746/255/2160
f 7740/248/2159 7741/250/2159 7748/257/2160 7747/256/2160
f 7742/252/2160 7743/251/2160 7750/258/2111 7749/259/2111
f 7743/251/2160 7744/253/2160 7751/260/2111 7750/258/2111
f 7744/253/2160 7745/254/2160 7752/261/2111 7751/260/2111
f 7745/254/2160 7746/255/2160 7753/262/2111 7752/261/2111
f 7746/255/2160 7747/256/2160 7754/263/2111 7753/262/2111
f 7747/256/2160 7748/257/2160 7755/264/2111 7754/263/2111
f 7749/259/2111 7750/258/2111 7757/265/2161 7756/266/2161
f 7750/258/2111 7751/260/2111 7758/267/2161 7757/265/2161
f 7751/260/2111 7752/261/2111 7759/268/2161 7758/267/2161
f 7752/261/2111 7753/262/2111 7760/269/2161 7759/268/2161
f 7753/262/2111 7754/263/2111 7761/270/2161 7760/269/2161
f 7754/263/2111 7755/264/2111 7762/271/2161 7761/270/2161
f 7756/266/2161 7757/265/2161 7764/272/2162 7763/273/2162
f 7757/265/2161 7758/267/2161 7765/274/2162 7764/272/2162
f 7758/267/2161 7759/268/2161 7766/275/2162 7765/274/2162
f 7759/268/2161 7760/269/2161 7767/276/2162 7766/275/2162
f 7760/269/2161 7761/270/2161 7768/277/2162 7767/276/2162
f 7761/270/2161 7762/271/2161 7769/278/2162 7768/277/2162
f 7763/273/2162 7764/272/2162 7771/279/2163 7770/280/2163
f 7764/272/2162 7765/274/2162 7772/281/2163 7771/279/2163
f 7765/274/2162 7766/275/2162 7773/282/2163 7772/281/2163
f 7766/275/2162 7767/276/2162 7774/283/2163 7773/282/2163
f 7767/276/2162 7768/277/2162 7775/284/2163 7774/283/2163
f 7768/277/2162 7769/278/2162 7776/285/2163 7775/284/2163
f 7492/286/2085 7566/287/2085 7728/237/2158 7518/288/2108
f 7566/287/2085 7565/289/2085 7729/238/2158 7728/237/2158
f 7565/289/2085 7564/290/2085 7730/241/2158 7729/238/2158
f 7564/290/2085 7563/291/2085 7731/243/2158 7730/241/2158
f 7563/291/2085 7562/292/2085 7732/245/2158 7731/243/2158
f 7562/292/2085 7561/293/2085 7733/247/2158 7732/245/2158
f 7561/293/2085 7560/294/2085 7734/249/2158 7733/247/2158
f 7560/294/2085 7490/295/2085 7559/296/2139 7734/249/2158
f 7734/249/2158 7559/296/2139 7558/297/2138 7741/250/2159
f 7741/250/2159 7558/297/2138 7557/298/2137 7748/257/2160
f 7748/257/2160 7557/298/2137 7556/299/2111 7755/264/2111
f 7755/264/2111 7556/299/2111 7555/300/2136 7762/271/2161
f 7762/271/2161 7555/300/2136 7554/301/2135 7769/278/2162
f 7769/278/2162 7554/301/2135 7553/302/2134 7776/285/2163
f 7776/285/2163 7553/302/2134 7494/67/2087 7573/66/2087
f 7775/284/2163 7776/285/2163 7573/66/2087 7572/65/2087
f 7774/283/2163 7775/284/2163 7572/65/2087 7571/303/2087
f 7773/282/2163 7774/283/2163 7571/303/2087 7570/304/2087
f 7772/281/2163 7773/282/2163 7570/304/2087 7569/305/2087
f 7771/279/2163 7772/281/2163 7569/305/2087 7568/306/2087
f 7770/280/2163 7771/279/2163 7568/306/2087 7567/307/2087
f 7524/308/2114 7770/280/2163 7567/307/2087 7496/59/2087
f 7523/309/2113 7763/273/2162 7770/280/2163 7524/308/2114
f 7522/310/2112 7756/266/2161 7763/273/2162 7523/309/2113
f 7521/311/2111 7749/259/2111 7756/266/2161 7522/310/2112
f 7520/312/2110 7742/252/2160 7749/259/2111 7521/311/2111
f 7519/313/2109 7735/240/2159 7742/252/2160 7520/312/2110
f 7518/288/2108 7728/237/2158 7735/240/2159 7519/313/2109
f 7869/1/2220 7870/2/2221 7877/3/2221 7876/4/2220
f 7870/2/2221 7871/5/2222 7878/6/2222 7877/3/2221
f 7871/5/2222 7872/7/2198 7879/8/2198 7878/6/2222
f 7872/7/2198 7873/9/2223 7880/10/2223 7879/8/2198
f 7873/9/2223 7874/11/2224 7881/12/2224 7880/10/2223
f 7874/11/2224 7875/13/2225 7882/14/2225 7881/12/2224
f 7876/4/2220 7877/3/2221 7884/15/2221 7883/16/2220
f 7877/3/2221 7878/6/2222 7885/17/2222 7884/15/2221
f 7878/6/2222 7879/8/2198 7886/18/2198 7885/17/2222
f 7879/8/2198 7880/10/2223 7887/19/2223 7886/18/2198
f 7880/10/2223 7881/12/2224 7888/20/2224 7887/19/2223
f 7881/12/2224 7882/14/2225 7889/21/2225 7888/20/2224
f 7883/16/2220 7884/15/2221 7891/22/2221 7890/23/2220
f 7884/15/2221 7885/17/2222 7892/24/2222 7891/22/2221
f 7885/17/2222 7886/18/2198 7893/25/2198 7892/24/2222
f 7886/18/2198 7887/19/2223 7894/26/2223 7893/25/2198
f 7887/19/2223 7888/20/2224 7895/27/2224 7894/26/2223
f 7888/20/2224 7889/21/2225 7896/28/2225 7895/27/2224
f 7890/23/2220 7891/22/2221 7898/29/2221 7897/30/2220
f 7891/22/2221 7892/24/2222 7899/31/2222 7898/29/2221
f 7892/24/2222 7893/25/2198 7900/32/2198 7899/31/2222
f 7893/25/2198 7894/26/2223 7901/33/2223 7900/32/2198
f 7894/26/2223 7895/27/2224 7902/34/2224 7901/33/2223
f 7895/27/2224 7896/28/2225 7903/35/2225 7902/34/2224
f 7897/30/2220 7898/29/2221 7905/36/2221 7904/37/2220
f 7898/29/2221 7899/31/2222 7906/38/2222 7905/36/2221
f 7899/31/2222 7900/32/2198 7907/39/2198 7906/38/2222
f 7900/32/2198 7901/33/2223 7908/40/2223 7907/39/2198
f 7901/33/2223 7902/34/2224 7909/41/2224 7908/40/2223
f 7902/34/2224 7903/35/2225 7910/42/2225 7909/41/2224
f 7904/37/2220 7905/36/2221 7912/43/2221 7911/44/2220
f 7905/36/2221 7906/38/2222 7913/45/2222 7912/43/2221
f 7906/38/2222 7907/39/2198 7914/46/2198 7913/45/2222
f 7907/39/2198 7908/40/2223 7915/47/2223 7914/46/2198
f 7908/40/2223 7909/41/2224 7916/48/2224 7915/47/2223
f 7909/41/2224 7910/42/2225 7917/49/2225 7916/48/2224
f 7783/50/2166 7819/51/2201 7869/1/2220 7820/52/2166
f 7819/51/2201 7818/53/2200 7870/2/2221 7869/1/2220
f 7818/53/2200 7817/54/2199 7871/5/2222 7870/2/2221
f 7817/54/2199 7816/55/2198 7872/7/2198 7871/5/2222
f 7816/55/2198 7815/56/2197 7873/9/2223 7872/7/2198
f 7815/56/2197 7814/57/2196 7874/11/2224 7873/9/2223
f 7814/57/2196 7813/58/2195 7875/13/2225 7874/11/2224
f 7813/58/2195 7784/59/2167 7855/60/2167 7875/13/2225
f 7875/13/2225 7855/60/2167 7856/61/2167 7882/14/2225
f 7882/14/2225 7856/61/2167 7857/62/2167 7889/21/2225
f 7889/21/2225 7857/62/2167 7858/63/2167 7896/28/2225
f 7896/28/2225 7858/63/2167 7859/64/2167 7903/35/2225
f 7903/35/2225 7859/64/2167 7860/65/2167 7910/42/2225
f 7910/42/2225 7860/65/2167 7861/66/2167 7917/49/2225
f 7917/49/2225 7861/66/2167 7782/67/2167 7827/68/2202
f 7916/48/2224 7917/49/2225 7827/68/2202 7828/69/2203
f 7915/47/2223 7916/48/2224 7828/69/2203 7829/70/2204
f 7914/46/2198 7915/47/2223 7829/70/2204 7830/71/2198
f 7913/45/2222 7914/46/2198 7830/71/2198 7831/72/2205
f 7912/43/2221 7913/45/2222 7831/72/2205 7832/73/2206
f 7911/44/2220 7912/43/2221 7832/73/2206 7833/74/2207
f 7826/75/2166 7911/44/2220 7833/74/2207 7781/76/2166
f 7825/77/2166 7904/37/2220 7911/44/2220 7826/75/2166
f 7824/78/2166 7897/30/2220 7904/37/2220 7825/77/2166
f 7823/79/2166 7890/23/2220 7897/30/2220 7824/78/2166
f 7822/80/2166 7883/16/2220 7890/23/2220 7823/79/2166
f 7821/81/2166 7876/4/2220 7883/16/2220 7822/80/2166
f 7820/52/2166 7869/1/2220 7876/4/2220 7821/81/2166
f 7918/82/2226 7919/83/2227 7926/84/2227 7925/85/2226
f 7919/83/2227 7920/86/2228 7927/87/2228 7926/84/2227
f 7920/86/2228 7921/88/2171 7928/89/2171 7927/87/2228
f 7921/88/2171 7922/90/2229 7929/91/2229 7928/89/2171
f 7922/90/2229 7923/92/2230 7930/93/2230 7929/91/2229
f 7923/92/2230 7924/94/2231 7931/95/2231 7930/93/2230
f 7925/85/2226 7926/84/2227 7933/96/2227 7932/97/2226
f 7926/84/2227 7927/87/2228 7934/98/2228 7933/96/2227
f 7927/87/2228 7928/89/2171 7935/99/2171 7934/98/2228
f 7928/89/2171 7929/91/2229 7936/100/2229 7935/99/2171
f 7929/91/2229 7930/93/2230 7937/101/2230 7936/100/2229
f 7930/93/2230 7931/95/2231 7938/102/2231 7937/101/2230
f 7932/97/2226 7933/96/2227 7940/103/2227 7939/104/2226
f 7933/96/2227 7934/98/2228 7941/105/2228 7940/103/2227
f 7934/98/2228 7935/99/2171 7942/106/2171 7941/105/2228
f 7935/99/2171 7936/100/2229 7943/107/2229 7942/106/2171
f 7936/100/2229 7937/101/2230 7944/108/2230 7943/107/2229
f 7937/101/2230 7938/102/2231 7945/109/2231 7944/108/2230
f 7939/104/2226 7940/103/2227 7947/110/2227 7946/111/2226
f 7940/103/2227 7941/105/2228 7948/112/2228 7947/110/2227
f 7941/105/2228 7942/106/2171 7949/113/2171 7948/112/2228
f 7942/106/2171 7943/107/2229 7950/114/2229 7949/113/2171
f 7943/107/2229 7944/108/2230 7951/115/2230 7950/114/2229
f 7944/108/2230 7945/109/2231 7952/116/2231 7951/115/2230
f 7946/111/2226 7947/110/2227 7954/117/2227 7953/118/2226
f 7947/110/2227 7948/112/2228 7955/119/2228 7954/117/2227
f 7948/112/2228 7949/113/2171 7956/120/2171 7955/119/2228
f 7949/113/2171 7950/114/2229 7957/121/2229 7956/120/2171
f 7950/114/2229 7951/115/2230 7958/122/2230 7957/121/2229
f 7951/115/2230 7952/116/2231 7959/123/2231 7958/122/2230
f 7953/118/2226 7954/117/2227 7961/124/2227 7960/125/2226
f 7954/117/2227 7955/119/2228 7962/126/2228 7961/124/2227
f 7955/119/2228 7956/120/2171 7963/127/2171 7962/126/2228
f 7956/120/2171 7957/121/2229 7964/128/2229 7963/127/2171
f 7957/121/2229 7958/122/2230 7965/129/2230 7964/128/2229
f 7958/122/2230 7959/123/2231 7966/130/2231 7965/129/2230
f 7777/131/2164 7785/132/2168 7918/82/2226 7868/133/2164
f 7785/132/2168 7786/134/2169 7919/83/2227 7918/82/2226
f 7786/134/2169 7787/135/2170 7920/86/2228 7919/83/2227
f 7787/135/2170 7788/136/2171 7921/88/2171 7920/86/2228
f 7788/136/2171 7789/137/2172 7922/90/2229 7921/88/2171
f 7789/137/2172 7790/138/2173 7923/92/2230 7922/90/2229
f 7790/138/2173 7791/139/2174 7924/94/2231 7923/92/2230
f 7791/139/2174 7778/140/2165 7848/141/2165 7924/94/2231
f 7924/94/2231 7848/141/2165 7849/142/2165 7931/95/2231
f 7931/95/2231 7849/142/2165 7850/143/2165 7938/102/2231
f 7938/102/2231 7850/143/2165 7851/144/2165 7945/109/2231
f 7945/109/2231 7851/144/2165 7852/145/2165 7952/116/2231
f 7952/116/2231 7852/145/2165 7853/146/2165 7959/123/2231
f 7959/123/2231 7853/146/2165 7854/147/2165 7966/130/2231
f 7966/130/2231 7854/147/2165 7780/148/2165 7792/149/2175
f 7965/129/2230 7966/130/2231 7792/149/2175 7793/150/2176
f 7964/128/2229 7965/129/2230 7793/150/2176 7794/151/2177
f 7963/127/2171 7964/128/2229 7794/151/2177 7795/152/2171
f 7962/126/2228 7963/127/2171 7795/152/2171 7796/153/2178
f 7961/124/2227 7962/126/2228 7796/153/2178 7797/154/2179
f 7960/125/2226 7961/124/2227 7797/154/2179 7798/155/2180
f 7862/156/2164 7960/125/2226 7798/155/2180 7779/157/2164
f 7863/158/2164 7953/118/2226 7960/125/2226 7862/156/2164
f 7864/159/2164 7946/111/2226 7953/118/2226 7863/158/2164
f 7865/160/2164 7939/104/2226 7946/111/2226 7864/159/2164
f 7866/161/2164 7932/97/2226 7939/104/2226 7865/160/2164
f 7867/162/2164 7925/85/2226 7932/97/2226 7866/161/2164
f 7868/133/2164 7918/82/2226 7925/85/2226 7867/162/2164
f 7967/163/2232 7968/164/2232 7975/165/2233 7974/166/2233
f 7968/164/2232 7969/167/2232 7976/168/2233 7975/165/2233
f 7969/167/2232 7970/169/2232 7977/170/2233 7976/168/2233
f 7970/169/2232 7971/171/2232 7978/172/2233 7977/170/2233
f 7971/171/2232 7972/173/2232 7979/174/2233 7978/172/2233
f 7972/173/2232 7973/175/2232 7980/176/2233 7979/174/2233
f 7974/166/2233 7975/165/2233 7982/177/2234 7981/178/2234
f 7975/165/2233 7976/168/2233 7983/179/2234 7982/177/2234
f 7976/168/2233 7977/170/2233 7984/180/2234 7983/179/2234
f 7977/170/2233 7978/172/2233 7985/181/2234 7984/180/2234
f 7978/172/2233 7979/174/2233 7986/182/2234 7985/181/2234
f 7979/174/2233 7980/176/2233 7987/183/2234 7986/182/2234
f 7981/178/2234 7982/177/2234 7989/184/2184 7988/185/2184
f 7982/177/2234 7983/179/2234 7990/186/2184 7989/184/2184
f 7983/179/2234 7984/180/2234 7991/187/2184 7990/186/2184
f 7984/180/2234 7985/181/2234 7992/188/2184 7991/187/2184
f 7985/181/2234 7986/182/2234 7993/189/2184 7992/188/2184
f 7986/182/2234 7987/183/2234 7994/190/2184 7993/189/2184
f 7988/185/2184 7989/184/2184 7996/191/2235 7995/192/2235
f 7989/184/2184 7990/186/2184 7997/193/2235 7996/191/2235
f 7990/186/2184 7991/187/2184 7998/194/2235 7997/193/2235
f 7991/187/2184 7992/188/2184 7999/195/2235 7998/194/2235
f 7992/188/2184 7993/189/2184 8000/196/2235 7999/195/2235
f 7993/189/2184 7994/190/2184 8001/197/2235 8000/196/2235
f 7995/192/2235 7996/191/2235 8003/198/2236 8002/199/2236
f 7996/191/2235 7997/193/2235 8004/200/2236 8003/198/2236
f 7997/193/2235 7998/194/2235 8005/201/2236 8004/200/2236
f 7998/194/2235 7999/195/2235 8006/202/2236 8005/201/2236
f 7999/195/2235 8000/196/2235 8007/203/2236 8006/202/2236
f 8000/196/2235 8001/197/2235 8008/204/2236 8007/203/2236
f 8002/199/2236 8003/198/2236 8010/205/2237 8009/206/2237
f 8003/198/2236 8004/200/2236 8011/207/2237 8010/205/2237
f 8004/200/2236 8005/201/2236 8012/208/2237 8011/207/2237
f 8005/201/2236 8006/202/2236 8013/209/2237 8012/208/2237
f 8006/202/2236 8007/203/2236 8014/210/2237 8013/209/2237
f 8007/203/2236 8008/204/2236 8015/211/2237 8014/210/2237
f 7783/50/2166 7820/212/2166 7967/163/2232 7799/213/2181
f 7820/212/2166 7821/214/2166 7968/164/2232 7967/163/2232
f 7821/214/2166 7822/215/2166 7969/167/2232 7968/164/2232
f 7822/215/2166 7823/79/2166 7970/169/2232 7969/167/2232
f 7823/79/2166 7824/216/2166 7971/171/2232 7970/169/2232
f 7824/216/2166 7825/217/2166 7972/173/2232 7971/171/2232
f 7825/217/2166 7826/75/2166 7973/175/2232 7972/173/2232
f 7826/75/2166 7781/76/2166 7840/218/2213 7973/175/2232
f 7973/175/2232 7840/218/2213 7839/219/2212 7980/176/2233
f 7980/176/2233 7839/219/2212 7838/220/2211 7987/183/2234
f 7987/183/2234 7838/220/2211 7837/221/2184 7994/190/2184
f 7994/190/2184 7837/221/2184 7836/222/2210 8001/197/2235
f 8001/197/2235 7836/222/2210 7835/223/2209 8008/204/2236
f 8008/204/2236 7835/223/2209 7834/224/2208 8015/211/2237
f 8015/211/2237 7834/224/2208 7777/131/2164 7868/225/2164
f 8014/210/2237 8015/211/2237 7868/225/2164 7867/226/2164
f 8013/209/2237 8014/210/2237 7867/226/2164 7866/227/2164
f 8012/208/2237 8013/209/2237 7866/227/2164 7865/160/2164
f 8011/207/2237 8012/208/2237 7865/160/2164 7864/228/2164
f 8010/205/2237 8011/207/2237 7864/228/2164 7863/229/2164
f 8009/206/2237 8010/205/2237 7863/229/2164 7862/230/2164
f 7805/231/2187 8009/206/2237 7862/230/2164 7779/157/2164
f 7804/232/2186 8002/199/2236 8009/206/2237 7805/231/2187
f 7803/233/2185 7995/192/2235 8002/199/2236 7804/232/2186
f 7802/234/2184 7988/185/2184 7995/192/2235 7803/233/2185
f 7801/235/2183 7981/178/2234 7988/185/2184 7802/234/2184
f 7800/236/2182 7974/166/2233 7981/178/2234 7801/235/2183
f 7799/213/2181 7967/163/2232 7974/166/2233 7800/236/2182
f 8016/237/2238 8017/238/2238 8024/239/2239 8023/240/2239
f 8017/238/2238 8018/241/2238 8025/242/2239 8024/239/2239
f 8018/241/2238 8019/243/2238 8026/244/2239 8025/242/2239
f 8019/243/2238 8020/245/2238 8027/246/2239 8026/244/2239
f 8020/245/2238 8021/247/2238 8028/248/2239 8027/246/2239
f 8021/247/2238 8022/249/2238 8029/250/2239 8028/248/2239
f 8023/240/2239 8024/239/2239 8031/251/2240 8030/252/2240
f 8024/239/2239 8025/242/2239 8032/253/2240 8031/251/2240
f 8025/242/2239 8026/244/2239 8033/254/2240 8032/253/2240
f 8026/244/2239 8027/246/2239 8034/255/2240 8033/254/2240
f 8027/246/2239 8028/248/2239 8035/256/2240 8034/255/2240
f 8028/248/2239 8029/250/2239 8036/257/2240 8035/256/2240
f 8030/252/2240 8031/251/2240 8038/258/2191 8037/259/2191
f 8031/251/2240 8032/253/2240 8039/260/2191 8038/258/2191
f 8032/253/2240 8033/254/2240 8040/261/2191 8039/260/2191
f 8033/254/2240 8034/255/2240 8041/262/2191 8040/261/2191
f 8034/255/2240 8035/256/2240 8042/263/2191 8041/262/2191
f 8035/256/2240 8036/257/2240 8043/264/2191 8042/263/2191
f 8037/259/2191 8038/258/2191 8045/265/2241 8044/266/2241
f 8038/258/2191 8039/260/2191 8046/267/2241 8045/265/2241
f 8039/260/2191 8040/261/2191 8047/268/2241 8046/267/2241
f 8040/261/2191 8041/262/2191 8048/269/2241 8047/268/2241
f 8041/262/2191 8042/263/2191 8049/270/2241 8048/269/2241
f 8042/263/2191 8043/264/2191 8050/271/2241 8049/270/2241
f 8044/266/2241 8045/265/2241 8052/272/2242 8051/273/2242
f 8045/265/2241 8046/267/2241 8053/274/2242 8052/272/2242
f 8046/267/2241 8047/268/2241 8054/275/2242 8053/274/2242
f 8047/268/2241 8048/269/2241 8055/276/2242 8054/275/2242
f 8048/269/2241 8049/270/2241 8056/277/2242 8055/276/2242
f 8049/270/2241 8050/271/2241 8057/278/2242 8056/277/2242
f 8051/273/2242 8052/272/2242 8059/279/2243 8058/280/2243
f 8052/272/2242 8053/274/2242 8060/281/2243 8059/279/2243
f 8053/274/2242 8054/275/2242 8061/282/2243 8060/281/2243
f 8054/275/2242 8055/276/2242 8062/283/2243 8061/282/2243
f 8055/276/2242 8056/277/2242 8063/284/2243 8062/283/2243
f 8056/277/2242 8057/278/2242 8064/285/2243 8063/284/2243
f 7780/286/2165 7854/287/2165 8016/237/2238 7806/288/2188
f 7854/287/2165 7853/289/2165 8017/238/2238 8016/237/2238
f 7853/289/2165 7852/290/2165 8018/241/2238 8017/238/2238
f 7852/290/2165 7851/291/2165 8019/243/2238 8018/241/2238
f 7851/291/2165 7850/292/2165 8020/245/2238 8019/243/2238
f 7850/292/2165 7849/293/2165 8021/247/2238 8020/245/2238
f 7849/293/2165 7848/294/2165 8022/249/2238 8021/247/2238
f 7848/294/2165 7778/295/2165 7847/296/2219 8022/249/2238
f 8022/249/2238 7847/296/2219 7846/297/2218 8029/250/2239
f 8029/250/2239 7846/297/2218 7845/298/2217 8036/257/2240
f 8036/257/2240 7845/298/2217 7844/299/2191 8043/264/2191
f 8043/264/2191 7844/299/2191 7843/300/2216 8050/271/2241
f 8050/271/2241 7843/300/2216 7842/301/2215 8057/278/2242
f 8057/278/2242 7842/301/2215 7841/302/2214 8064/285/2243
f 8064/285/2243 7841/302/2214 7782/67/2167 7861/66/2167
f 8063/284/2243 8064/285/2243 7861/66/2167 7860/65/2167
f 8062/283/2243 8063/284/2243 7860/65/2167 7859/303/2167
f 8061/282/2243 8062/283/2243 7859/303/2167 7858/304/2167
f 8060/281/2243 8061/282/2243 7858/304/2167 7857/305/2167
f 8059/279/2243 8060/281/2243 7857/305/2167 7856/306/2167
f 8058/280/2243 8059/279/2243 7856/306/2167 7855/307/2167
f 7812/308/2194 8058/280/2243 7855/307/2167 7784/59/2167
f 7811/309/2193 8051/273/2242 8058/280/2243 7812/308/2194
f 7810/310/2192 8044/266/2241 8051/273/2242 7811/309/2193
f 7809/311/2191 8037/259/2191 8044/266/2241 7810/310/2192
f 7808/312/2190 8030/252/2240 8037/259/2191 7809/311/2191
f 7807/313/2189 8023/240/2239 8030/252/2240 7808/312/2190
f 7806/288/2188 8016/237/2238 8023/240/2239 7807/313/2189
f 8157/1/2300 8158/2/2301 8165/3/2301 8164/4/2300
f 8158/2/2301 8159/5/2302 8166/6/2302 8165/3/2301
f 8159/5/2302 8160/7/2278 8167/8/2278 8166/6/2302
f 8160/7/2278 8161/9/2303 8168/10/2303 8167/8/2278
f 8161/9/2303 8162/11/2304 8169/12/2304 8168/10/2303
f 8162/11/2304 8163/13/2305 8170/14/2305 8169/12/2304
f 8164/4/2300 8165/3/2301 8172/15/2301 8171/16/2300
f 8165/3/2301 8166/6/2302 8173/17/2302 8172/15/2301
f 8166/6/2302 8167/8/2278 8174/18/2278 8173/17/2302
f 8167/8/2278 8168/10/2303 8175/19/2303 8174/18/2278
f 8168/10/2303 8169/12/2304 8176/20/2304 8175/19/2303
f 8169/12/2304 8170/14/2305 8177/21/2305 8176/20/2304
f 8171/16/2300 8172/15/2301 8179/22/2301 8178/23/2300
f 8172/15/2301 8173/17/2302 8180/24/2302 8179/22/2301
f 8173/17/2302 8174/18/2278 8181/25/2278 8180/24/2302
f 8174/18/2278 8175/19/2303 8182/26/2303 8181/25/2278
f 8175/19/2303 8176/20/2304 8183/27/2304 8182/26/2303
f 8176/20/2304 8177/21/2305 8184/28/2305 8183/27/2304
f 8178/23/2300 8179/22/2301 8186/29/2301 8185/30/2300
f 8179/22/2301 8180/24/2302 8187/31/2302 8186/29/2301
f 8180/24/2302 8181/25/2278 8188/32/2278 8187/31/2302
f 8181/25/2278 8182/26/2303 8189/33/2303 8188/32/2278
f 8182/26/2303 8183/27/2304 8190/34/2304 8189/33/2303
f 8183/27/2304 8184/28/2305 8191/35/2305 8190/34/2304
f 8185/30/2300 8186/29/2301 8193/36/2301 8192/37/2300
f 8186/29/2301 8187/31/2302 8194/38/2302 8193/36/2301
f 8187/31/2302 8188/32/2278 8195/39/2278 8194/38/2302
f 8188/32/2278 8189/33/2303 8196/40/2303 8195/39/2278
f 8189/33/2303 8190/34/2304 8197/41/2304 8196/40/2303
f 8190/34/2304 8191/35/2305 8198/42/2305 8197/41/2304
f 8192/37/2300 8193/36/2301 8200/43/2301 8199/44/2300
f 8193/36/2301 8194/38/2302 8201/45/2302 8200/43/2301
f 8194/38/2302 8195/39/2278 8202/46/2278 8201/45/2302
f 8195/39/2278 8196/40/2303 8203/47/2303 8202/46/2278
f 8196/40/2303 8197/41/2304 8204/48/2304 8203/47/2303
f 8197/41/2304 8198/42/2305 8205/49/2305 8204/48/2304
f 8071/50/2246 8107/51/2281 8157/1/2300 8108/52/2246
f 8107/51/2281 8106/53/2280 8158/2/2301 8157/1/2300
f 8106/53/2280 8105/54/2279 8159/5/2302 8158/2/2301
f 8105/54/2279 8104/55/2278 8160/7/2278 8159/5/2302
f 8104/55/2278 8103/56/2277 8161/9/2303 8160/7/2278
f 8103/56/2277 8102/57/2276 8162/11/2304 8161/9/2303
f 8102/57/2276 8101/58/2275 8163/13/2305 8162/11/2304
f 8101/58/2275 8072/59/2247 8143/60/2247 8163/13/2305
f 8163/13/2305 8143/60/2247 8144/61/2247 8170/14/2305
f 8170/14/2305 8144/61/2247 8145/62/2247 8177/21/2305
f 8177/21/2305 8145/62/2247 8146/63/2247 8184/28/2305
f 8184/28/2305 8146/63/2247 8147/64/2247 8191/35/2305
f 8191/35/2305 8147/64/2247 8148/65/2247 8198/42/2305
f 8198/42/2305 8148/65/2247 8149/66/2247 8205/49/2305
f 8205/49/2305 8149/66/2247 8070/67/2247 8115/68/2282
f 8204/48/2304 8205/49/2305 8115/68/2282 8116/69/2283
f 8203/47/2303 8204/48/2304 8116/69/2283 8117/70/2284
f 8202/46/2278 8203/47/2303 8117/70/2284 8118/71/2278
f 8201/45/2302 8202/46/2278 8118/71/2278 8119/72/2285
f 8200/43/2301 8201/45/2302 8119/72/2285 8120/73/2286
f 8199/44/2300 8200/43/2301 8120/73/2286 8121/74/2287
f 8114/75/2246 8199/44/2300 8121/74/2287 8069/76/2246
f 8113/77/2246 8192/37/2300 8199/44/2300 8114/75/2246
f 8112/78/2246 8185/30/2300 8192/37/2300 8113/77/2246
f 8111/79/2246 8178/23/2300 8185/30/2300 8112/78/2246
f 8110/80/2246 8171/16/2300 8178/23/2300 8111/79/2246
f 8109/81/2246 8164/4/2300 8171/16/2300 8110/80/2246
f 8108/52/2246 8157/1/2300 8164/4/2300 8109/81/2246
f 8206/82/2306 8207/83/2307 8214/84/2307 8213/85/2306
f 8207/83/2307 8208/86/2308 8215/87/2308 8214/84/2307
f 8208/86/2308 8209/88/2251 8216/89/2251 8215/87/2308
f 8209/88/2251 8210/90/2309 8217/91/2309 8216/89/2251
f 8210/90/2309 8211/92/2310 8218/93/2310 8217/91/2309
f 8211/92/2310 8212/94/2311 8219/95/2311 8218/93/2310
f 8213/85/2306 8214/84/2307 8221/96/2307 8220/97/2306
f 8214/84/2307 8215/87/2308 8222/98/2308 8221/96/2307
f 8215/87/2308 8216/89/2251 8223/99/2251 8222/98/2308
f 8216/89/2251 8217/91/2309 8224/100/2309 8223/99/2251
f 8217/91/2309 8218/93/2310 8225/101/2310 8224/100/2309
f 8218/93/2310 8219/95/2311 8226/102/2311 8225/101/2310
f 8220/97/2306 8221/96/2307 8228/103/2307 8227/104/2306
f 8221/96/2307 8222/98/2308 8229/105/2308 8228/103/2307
f 8222/98/2308 8223/99/2251 8230/106/2251 8229/105/2308
f 8223/99/2251 8224/100/2309 8231/107/2309 8230/106/2251
f 8224/100/2309 8225/101/2310 8232/108/2310 8231/107/2309
f 8225/101/2310 8226/102/2311 8233/109/2311 8232/108/2310
f 8227/104/2306 8228/103/2307 8235/110/2307 8234/111/2306
f 8228/103/2307 8229/105/2308 8236/112/2308 8235/110/2307
f 8229/105/2308 8230/106/2251 8237/113/2251 8236/112/2308
f 8230/106/2251 8231/107/2309 8238/114/2309 8237/113/2251
f 8231/107/2309 8232/108/2310 8239/115/2310 8238/114/2309
f 8232/108/2310 8233/109/2311 8240/116/2311 8239/115/2310
f 8234/111/2306 8235/110/2307 8242/117/2307 8241/118/2306
f 8235/110/2307 8236/112/2308 8243/119/2308 8242/117/2307
f 8236/112/2308 8237/113/2251 8244/120/2251 8243/119/2308
f 8237/113/2251 8238/114/2309 8245/121/2309 8244/120/2251
f 8238/114/2309 8239/115/2310 8246/122/2310 8245/121/2309
f 8239/115/2310 8240/116/2311 8247/123/2311 8246/122/2310
f 8241/118/2306 8242/117/2307 8249/124/2307 8248/125/2306
f 8242/117/2307 8243/119/2308 8250/126/2308 8249/124/2307
f 8243/119/2308 8244/120/2251 8251/127/2251 8250/126/2308
f 8244/120/2251 8245/121/2309 8252/128/2309 8251/127/2251
f 8245/121/2309 8246/122/2310 8253/129/2310 8252/128/2309
f 8246/122/2310 8247/123/2311 8254/130/2311 8253/129/2310
f 8065/131/2244 8073/132/2248 8206/82/2306 8156/133/2244
f 8073/132/2248 8074/134/2249 8207/83/2307 8206/82/2306
f 8074/134/2249 8075/135/2250 8208/86/2308 8207/83/2307
f 8075/135/2250 8076/136/2251 8209/88/2251 8208/86/2308
f 8076/136/2251 8077/137/2252 8210/90/2309 8209/88/2251
f 8077/137/2252 8078/138/2253 8211/92/2310 8210/90/2309
f 8078/138/2253 8079/139/2254 8212/94/2311 8211/92/2310
f 8079/139/2254 8066/140/2245 8136/141/2245 8212/94/2311
f 8212/94/2311 8136/141/2245 8137/142/2245 8219/95/2311
f 8219/95/2311 8137/142/2245 8138/143/2245 8226/102/2311
f 8226/102/2311 8138/143/2245 8139/144/2245 8233/109/2311
f 8233/109/2311 8139/144/2245 8140/145/2245 8240/116/2311
f 8240/116/2311 8140/145/2245 8141/146/2245 8247/123/2311
f 8247/123/2311 8141/146/2245 8142/147/2245 8254/130/2311
f 8254/130/2311 8142/147/2245 8068/148/2245 8080/149/2255
f 8253/129/2310 8254/130/2311 8080/149/2255 8081/150/2256
f 8252/128/2309 8253/129/2310 8081/150/2256 8082/151/2257
f 8251/127/2251 8252/128/2309 8082/151/2257 8083/152/2251
f 8250/126/2308 8251/127/2251 8083/152/2251 8084/153/2258
f 8249/124/2307 8250/126/2308 8084/153/2258 8085/154/2259
f 8248/125/2306 8249/124/2307 8085/154/2259 8086/155/2260
f 8150/156/2244 8248/125/2306 8086/155/2260 8067/157/2244
f 8151/158/2244 8241/118/2306 8248/125/2306 8150/156/2244
f 8152/159/2244 8234/111/2306 8241/118/2306 8151/158/2244
f 8153/160/2244 8227/104/2306 8234/111/2306 8152/159/2244
f 8154/161/2244 8220/97/2306 8227/104/2306 8153/160/2244
f 8155/162/2244 8213/85/2306 8220/97/2306 8154/161/2244
f 8156/133/2244 8206/82/2306 8213/85/2306 8155/162/2244
f 8255/163/2312 8256/164/2312 8263/165/2313 8262/166/2313
f 8256/164/2312 8257/167/2312 8264/168/2313 8263/165/2313
f 8257/167/2312 8258/169/2312 8265/170/2313 8264/168/2313
f 8258/169/2312 8259/171/2312 8266/172/2313 8265/170/2313
f 8259/171/2312 8260/173/2312 8267/174/2313 8266/172/2313
f 8260/173/2312 8261/175/2312 8268/176/2313 8267/174/2313
f 8262/166/2313 8263/165/2313 8270/177/2314 8269/178/2314
f 8263/165/2313 8264/168/2313 8271/179/2314 8270/177/2314
f 8264/168/2313 8265/170/2313 8272/180/2314 8271/179/2314
f 8265/170/2313 8266/172/2313 8273/181/2314 8272/180/2314
f 8266/172/2313 8267/174/2313 8274/182/2314 8273/181/2314
f 8267/174/2313 8268/176/2313 8275/183/2314 8274/182/2314
f 8269/178/2314 8270/177/2314 8277/184/2264 8276/185/2264
f 8270/177/2314 8271/179/2314 8278/186/2264 8277/184/2264
f 8271/179/2314 8272/180/2314 8279/187/2264 8278/186/2264
f 8272/180/2314 8273/181/2314 8280/188/2264 8279/187/2264
f 8273/181/2314 8274/182/2314 8281/189/2264 8280/188/2264
f 8274/182/2314 8275/183/2314 8282/190/2264 8281/189/2264
f 8276/185/2264 8277/184/2264 8284/191/2315 8283/192/2315
f 8277/184/2264 8278/186/2264 8285/193/2315 8284/191/2315
f 8278/186/2264 8279/187/2264 8286/194/2315 8285/193/2315
f 8279/187/2264 8280/188/2264 8287/195/2315 8286/194/2315
f 8280/188/2264 8281/189/2264 8288/196/2315 8287/195/2315
f 8281/189/2264 8282/190/2264 8289/197/2315 8288/196/2315
f 8283/192/2315 8284/191/2315 8291/198/2316 8290/199/2316
f 8284/191/2315 8285/193/2315 8292/200/2316 8291/198/2316
f 8285/193/2315 8286/194/2315 8293/201/2316 8292/200/2316
f 8286/194/2315 8287/195/2315 8294/202/2316 8293/201/2316
f 8287/195/2315 8288/196/2315 8295/203/2316 8294/202/2316
f 8288/196/2315 8289/197/2315 8296/204/2316 8295/203/2316
f 8290/199/2316 8291/198/2316 8298/205/2317 8297/206/2317
f 8291/198/2316 8292/200/2316 8299/207/2317 8298/205/2317
f 8292/200/2316 8293/201/2316 8300/208/2317 8299/207/2317
f 8293/201/2316 8294/202/2316 8301/209/2317 8300/208/2317
f 8294/202/2316 8295/203/2316 8302/210/2317 8301/209/2317
f 8295/203/2316 8296/204/2316 8303/211/2317 8302/210/2317
f 8071/50/2246 8108/212/2246 8255/163/2312 8087/213/2261
f 8108/212/2246 8109/214/2246 8256/164/2312 8255/163/2312
f 8109/214/2246 8110/215/2246 8257/167/2312 8256/164/2312
f 8110/215/2246 8111/79/2246 8258/169/2312 8257/167/2312
f 8111/79/2246 8112/216/2246 8259/171/2312 8258/169/2312
f 8112/216/2246 8113/217/2246 8260/173/2312 8259/171/2312
f 8113/217/2246 8114/75/2246 8261/175/2312 8260/173/2312
f 8114/75/2246 8069/76/2246 8128/218/2293 8261/175/2312
f 8261/175/2312 8128/218/2293 8127/219/2292 8268/176/2313
f 8268/176/2313 8127/219/2292 8126/220/2291 8275/183/2314
f 8275/183/2314 8126/220/2291 8125/221/2264 8282/190/2264
f 8282/190/2264 8125/221/2264 8124/222/2290 8289/197/2315
f 8289/197/2315 8124/222/2290 8123/223/2289 8296/204/2316
f 8296/204/2316 8123/223/2289 8122/224/2288 8303/211/2317
f 8303/211/2317 8122/224/2288 8065/131/2244 8156/225/2244
f 8302/210/2317 8303/211/2317 8156/225/2244 8155/226/2244
f 8301/209/2317 8302/210/2317 8155/226/2244 8154/227/2244
f 8300/208/2317 8301/209/2317 8154/227/2244 8153/160/2244
f 8299/207/2317 8300/208/2317 8153/160/2244 8152/228/2244
f 8298/205/2317 8299/207/2317 8152/228/2244 8151/229/2244
f 8297/206/2317 8298/205/2317 8151/229/2244 8150/230/2244
f 8093/231/2267 8297/206/2317 8150/230/2244 8067/157/2244
f 8092/232/2266 8290/199/2316 8297/206/2317 8093/231/2267
f 8091/233/2265 8283/192/2315 8290/199/2316 8092/232/2266
f 8090/234/2264 8276/185/2264 8283/192/2315 8091/233/2265
f 8089/235/2263 8269/178/2314 8276/185/2264 8090/234/2264
f 8088/236/2262 8262/166/2313 8269/178/2314 8089/235/2263
f 8087/213/2261 8255/163/2312 8262/166/2313 8088/236/2262
f 8304/237/2318 8305/238/2318 8312/239/2319 8311/240/2319
f 8305/238/2318 8306/241/2318 8313/242/2319 8312/239/2319
f 8306/241/2318 8307/243/2318 8314/244/2319 8313/242/2319
f 8307/243/2318 8308/245/2318 8315/246/2319 8314/244/2319
f 8308/245/2318 8309/247/2318 8316/248/2319 8315/246/2319
f 8309/247/2318 8310/249/2318 8317/250/2319 8316/248/2319
f 8311/240/2319 8312/239/2319 8319/251/2320 8318/252/2320
f 8312/239/2319 8313/242/2319 8320/253/2320 8319/251/2320
f 8313/242/2319 8314/244/2319 8321/254/2320 8320/253/2320
f 8314/244/2319 8315/246/2319 8322/255/2320 8321/254/2320
f 8315/246/2319 8316/248/2319 8323/256/2320 8322/255/2320
f 8316/248/2319 8317/250/2319 8324/257/2320 8323/256/2320
f 8318/252/2320 8319/251/2320 8326/258/2271 8325/259/2271
f 8319/251/2320 8320/253/2320 8327/260/2271 8326/258/2271
f 8320/253/2320 8321/254/2320 8328/261/2271 8327/260/2271
f 8321/254/2320 8322/255/2320 8329/262/2271 8328/261/2271
f 8322/255/2320 8323/256/2320 8330/263/2271 8329/262/2271
f 8323/256/2320 8324/257/2320 8331/264/2271 8330/263/2271
f 8325/259/2271 8326/258/2271 8333/265/2321 8332/266/2321
f 8326/258/2271 8327/260/2271 8334/267/2321 8333/265/2321
f 8327/260/2271 8328/261/2271 8335/268/2321 8334/267/2321
f 8328/261/2271 8329/262/2271 8336/269/2321 8335/268/2321
f 8329/262/2271 8330/263/2271 8337/270/2321 8336/269/2321
f 8330/263/2271 8331/264/2271 8338/271/2321 8337/270/2321
f 8332/266/2321 8333/265/2321 8340/272/2322 8339/273/2322
f 8333/265/2321 8334/267/2321 8341/274/2322 8340/272/2322
f 8334/267/2321 8335/268/2321 8342/275/2322 8341/274/2322
f 8335/268/2321 8336/269/2321 8343/276/2322 8342/275/2322
f 8336/269/2321 8337/270/2321 8344/277/2322 8343/276/2322
f 8337/270/2321 8338/271/2321 8345/278/2322 8344/277/2322
f 8339/273/2322 8340/272/2322 8347/279/2323 8346/280/2323
f 8340/272/2322 8341/274/2322 8348/281/2323 8347/279/2323
f 8341/274/2322 8342/275/2322 8349/282/2323 8348/281/2323
f 8342/275/2322 8343/276/2322 8350/283/2323 8349/282/2323
f 8343/276/2322 8344/277/2322 8351/284/2323 8350/283/2323
f 8344/277/2322 8345/278/2322 8352/285/2323 8351/284/2323
f 8068/286/2245 8142/287/2245 8304/237/2318 8094/288/2268
f 8142/287/2245 8141/289/2245 8305/238/2318 8304/237/2318
f 8141/289/2245 8140/290/2245 8306/241/2318 8305/238/2318
f 8140/290/2245 8139/291/2245 8307/243/2318 8306/241/2318
f 8139/291/2245 8138/292/2245 8308/245/2318 8307/243/2318
f 8138/292/2245 8137/293/2245 8309/247/2318 8308/245/2318
f 8137/293/2245 8136/294/2245 8310/249/2318 8309/247/2318
f 8136/294/2245 8066/295/2245 8135/296/2299 8310/249/2318
f 8310/249/2318 8135/296/2299 8134/297/2298 8317/250/2319
f 8317/250/2319 8134/297/2298 8133/298/2297 8324/257/2320
f 8324/257/2320 8133/298/2297 8132/299/2271 8331/264/2271
f 8331/264/2271 8132/299/2271 8131/300/2296 8338/271/2321
f 8338/271/2321 8131/300/2296 8130/301/2295 8345/278/2322
f 8345/278/2322 8130/301/2295 8129/302/2294 8352/285/2323
f 8352/285/2323 8129/302/2294 8070/67/2247 8149/66/2247
f 8351/284/2323 8352/285/2323 8149/66/2247 8148/65/2247
f 8350/283/2323 8351/284/2323 8148/65/2247 8147/303/2247
f 8349/282/2323 8350/283/2323 8147/303/2247 8146/304/2247
f 8348/281/2323 8349/282/2323 8146/304/2247 8145/305/2247
f 8347/279/2323 8348/281/2323 8145/305/2247 8144/306/2247
f 8346/280/2323 8347/279/2323 8144/306/2247 8143/307/2247
f 8100/308/2274 8346/280/2323 8143/307/2247 8072/59/2247
f 8099/309/2273 8339/273/2322 8346/280/2323 8100/308/2274
f 8098/310/2272 8332/266/2321 8339/273/2322 8099/309/2273
f 8097/311/2271 8325/259/2271 8332/266/2321 8098/310/2272
f 8096/312/2270 8318/252/2320 8325/259/2271 8097/311/2271
f 8095/313/2269 8311/240/2319 8318/252/2320 8096/312/2270
f 8094/288/2268 8304/237/2318 8311/240/2319 8095/313/2269
f 8445/1/2380 8446/2/2381 8453/3/2381 8452/4/2380
f 8446/2/2381 8447/5/2382 8454/6/2382 8453/3/2381
f 8447/5/2382 8448/7/2358 8455/8/2358 8454/6/2382
f 8448/7/2358 8449/9/2383 8456/10/2383 8455/8/2358
f 8449/9/2383 8450/11/2384 8457/12/2384 8456/10/2383
f 8450/11/2384 8451/13/2385 8458/14/2385 8457/12/2384
f 8452/4/2380 8453/3/2381 8460/15/2381 8459/16/2380
f 8453/3/2381 8454/6/2382 8461/17/2382 8460/15/2381
f 8454/6/2382 8455/8/2358 8462/18/2358 8461/17/2382
f 8455/8/2358 8456/10/2383 8463/19/2383 8462/18/2358
f 8456/10/2383 8457/12/2384 8464/20/2384 8463/19/2383
f 8457/12/2384 8458/14/2385 8465/21/2385 8464/20/2384
f 8459/16/2380 8460/15/2381 8467/22/2381 8466/23/2380
f 8460/15/2381 8461/17/2382 8468/24/2382 8467/22/2381
f 8461/17/2382 8462/18/2358 8469/25/2358 8468/24/2382
f 8462/18/2358 8463/19/2383 8470/26/2383 8469/25/2358
f 8463/19/2383 8464/20/2384 8471/27/2384 8470/26/2383
f 8464/20/2384 8465/21/2385 8472/28/2385 8471/27/2384
f 8466/23/2380 8467/22/2381 8474/29/2381 8473/30/2380
f 8467/22/2381 8468/24/2382 8475/31/2382 8474/29/2381
f 8468/24/2382 8469/25/2358 8476/32/2358 8475/31/2382
f 8469/25/2358 8470/26/2383 8477/33/2383 8476/32/2358
f 8470/26/2383 8471/27/2384 8478/34/2384 8477/33/2383
f 8471/27/2384 8472/28/2385 8479/35/2385 8478/34/2384
f 8473/30/2380 8474/29/2381 8481/36/2381 8480/37/2380
f 8474/29/2381 8475/31/2382 8482/38/2382 8481/36/2381
f 8475/31/2382 8476/32/2358 8483/39/2358 8482/38/2382
f 8476/32/2358 8477/33/2383 8484/40/2383 8483/39/2358
f 8477/33/2383 8478/34/2384 8485/41/2384 8484/40/2383
f 8478/34/2384 8479/35/2385 8486/42/2385 8485/41/2384
f 8480/37/2380 8481/36/2381 8488/43/2381 8487/44/2380
f 8481/36/2381 8482/38/2382 8489/45/2382 8488/43/2381
f 8482/38/2382 8483/39/2358 8490/46/2358 8489/45/2382
f 8483/39/2358 8484/40/2383 8491/47/2383 8490/46/2358
f 8484/40/2383 8485/41/2384 8492/48/2384 8491/47/2383
f 8485/41/2384 8486/42/2385 8493/49/2385 8492/48/2384
f 8359/50/2326 8395/51/2361 8445/1/2380 8396/52/2326
f 8395/51/2361 8394/53/2360 8446/2/2381 8445/1/2380
f 8394/53/2360 8393/54/2359 8447/5/2382 8446/2/2381
f 8393/54/2359 8392/55/2358 8448/7/2358 8447/5/2382
f 8392/55/2358 8391/56/2357 8449/9/2383 8448/7/2358
f 8391/56/2357 8390/57/2356 8450/11/2384 8449/9/2383
f 8390/57/2356 8389/58/2355 8451/13/2385 8450/11/2384
f 8389/58/2355 8360/59/2327 8431/60/2327 8451/13/2385
f 8451/13/2385 8431/60/2327 8432/61/2327 8458/14/2385
f 8458/14/2385 8432/61/2327 8433/62/2327 8465/21/2385
f 8465/21/2385 8433/62/2327 8434/63/2327 8472/28/2385
f 8472/28/2385 8434/63/2327 8435/64/2327 8479/35/2385
f 8479/35/2385 8435/64/2327 8436/65/2327 8486/42/2385
f 8486/42/2385 8436/65/2327 8437/66/2327 8493/49/2385
f 8493/49/2385 8437/66/2327 8358/67/2327 8403/68/2362
f 8492/48/2384 8493/49/2385 8403/68/2362 8404/69/2363
f 8491/47/2383 8492/48/2384 8404/69/2363 8405/70/2364
f 8490/46/2358 8491/47/2383 8405/70/2364 8406/71/2358
f 8489/45/2382 8490/46/2358 8406/71/2358 8407/72/2365
f 8488/43/2381 8489/45/2382 8407/72/2365 8408/73/2366
f 8487/44/2380 8488/43/2381 8408/73/2366 8409/74/2367
f 8402/75/2326 8487/44/2380 8409/74/2367 8357/76/2326
f 8401/77/2326 8480/37/2380 8487/44/2380 8402/75/2326
f 8400/78/2326 8473/30/2380 8480/37/2380 8401/77/2326
f 8399/79/2326 8466/23/2380 8473/30/2380 8400/78/2326
f 8398/80/2326 8459/16/2380 8466/23/2380 8399/79/2326
f 8397/81/2326 8452/4/2380 8459/16/2380 8398/80/2326
f 8396/52/2326 8445/1/2380 8452/4/2380 8397/81/2326
f 8494/82/2386 8495/83/2387 8502/84/2387 8501/85/2386
f 8495/83/2387 8496/86/2388 8503/87/2388 8502/84/2387
f 8496/86/2388 8497/88/2331 8504/89/2331 8503/87/2388
f 8497/88/2331 8498/90/2389 8505/91/2389 8504/89/2331
f 8498/90/2389 8499/92/2390 8506/93/2390 8505/91/2389
f 8499/92/2390 8500/94/2391 8507/95/2391 8506/93/2390
f 8501/85/2386 8502/84/2387 8509/96/2387 8508/97/2386
f 8502/84/2387 8503/87/2388 8510/98/2388 8509/96/2387
f 8503/87/2388 8504/89/2331 8511/99/2331 8510/98/2388
f 8504/89/2331 8505/91/2389 8512/100/2389 8511/99/2331
f 8505/91/2389 8506/93/2390 8513/101/2390 8512/100/2389
f 8506/93/2390 8507/95/2391 8514/102/2391 8513/101/2390
f 8508/97/2386 8509/96/2387 8516/103/2387 8515/104/2386
f 8509/96/2387 8510/98/2388 8517/105/2388 8516/103/2387
f 8510/98/2388 8511/99/2331 8518/106/2331 8517/105/2388
f 8511/99/2331 8512/100/2389 8519/107/2389 8518/106/2331
f 8512/100/2389 8513/101/2390 8520/108/2390 8519/107/2389
f 8513/101/2390 8514/102/2391 8521/109/2391 8520/108/2390
f 8515/104/2386 8516/103/2387 8523/110/2387 8522/111/2386
f 8516/103/2387 8517/105/2388 8524/112/2388 8523/110/2387
f 8517/105/2388 8518/106/2331 8525/113/2331 8524/112/2388
f 8518/106/2331 8519/107/2389 8526/114/2389 8525/113/2331
f 8519/107/2389 8520/108/2390 8527/115/2390 8526/114/2389
f 8520/108/2390 8521/109/2391 8528/116/2391 8527/115/2390
f 8522/111/2386 8523/110/2387 8530/117/2387 8529/118/2386
f 8523/110/2387 8524/112/2388 8531/119/2388 8530/117/2387
f 8524/112/2388 8525/113/2331 8532/120/2331 8531/119/2388
f 8525/113/2331 8526/114/2389 8533/121/2389 8532/120/2331
f 8526/114/2389 8527/115/2390 8534/122/2390 8533/121/2389
f 8527/115/2390 8528/116/2391 8535/123/2391 8534/122/2390
f 8529/118/2386 8530/117/2387 8537/124/2387 8536/125/2386
f 8530/117/2387 8531/119/2388 8538/126/2388 8537/124/2387
f 8531/119/2388 8532/120/2331 8539/127/2331 8538/126/2388
f 8532/120/2331 8533/121/2389 8540/128/2389 8539/127/2331
f 8533/121/2389 8534/122/2390 8541/129/2390 8540/128/2389
f 8534/122/2390 8535/123/2391 8542/130/2391 8541/129/2390
f 8353/131/2324 8361/132/2328 8494/82/2386 8444/133/2324
f 8361/132/2328 8362/134/2329 8495/83/2387 8494/82/2386
f 8362/134/2329 8363/135/2330 8496/86/2388 8495/83/2387
f 8363/135/2330 8364/136/2331 8497/88/2331 8496/86/2388
f 8364/136/2331 8365/137/2332 8498/90/2389 8497/88/2331
f 8365/137/2332 8366/138/2333 8499/92/2390 8498/90/2389
f 8366/138/2333 8367/139/2334 8500/94/2391 8499/92/2390
f 8367/139/2334 8354/140/2325 8424/141/2325 8500/94/2391
f 8500/94/2391 8424/141/2325 8425/142/2325 8507/95/2391
f 8507/95/2391 8425/142/2325 8426/143/2325 8514/102/2391
f 8514/102/2391 8426/143/2325 8427/144/2325 8521/109/2391
f 8521/109/2391 8427/144/2325 8428/145/2325 8528/116/2391
f 8528/116/2391 8428/145/2325 8429/146/2325 8535/123/2391
f 8535/123/2391 8429/146/2325 8430/147/2325 8542/130/2391
f 8542/130/2391 8430/147/2325 8356/148/2325 8368/149/2335
f 8541/129/2390 8542/130/2391 8368/149/2335 8369/150/2336
f 8540/128/2389 8541/129/2390 8369/150/2336 8370/151/2337
f 8539/127/2331 8540/128/2389 8370/151/2337 8371/152/2331
f 8538/126/2388 8539/127/2331 8371/152/2331 8372/153/2338
f 8537/124/2387 8538/126/2388 8372/153/2338 8373/154/2339
f 8536/125/2386 8537/124/2387 8373/154/2339 8374/155/2340
f 8438/156/2324 8536/125/2386 8374/155/2340 8355/157/2324
f 8439/158/2324 8529/118/2386 8536/125/2386 8438/156/2324
f 8440/159/2324 8522/111/2386 8529/118/2386 8439/158/2324
f 8441/160/2324 8515/104/2386 8522/111/2386 8440/159/2324
f 8442/161/2324 8508/97/2386 8515/104/2386 8441/160/2324
f 8443/162/2324 8501/85/2386 8508/97/2386 8442/161/2324
f 8444/133/2324 8494/82/2386 8501/85/2386 8443/162/2324
f 8543/163/2392 8544/164/2392 8551/165/2393 8550/166/2393
f 8544/164/2392 8545/167/2392 8552/168/2393 8551/165/2393
f 8545/167/2392 8546/169/2392 8553/170/2393 8552/168/2393
f 8546/169/2392 8547/171/2392 8554/172/2393 8553/170/2393
f 8547/171/2392 8548/173/2392 8555/174/2393 8554/172/2393
f 8548/173/2392 8549/175/2392 8556/176/2393 8555/174/2393
f 8550/166/2393 8551/165/2393 8558/177/2394 8557/178/2394
f 8551/165/2393 8552/168/2393 8559/179/2394 8558/177/2394
f 8552/168/2393 8553/170/2393 8560/180/2394 8559/179/2394
f 8553/170/2393 8554/172/2393 8561/181/2394 8560/180/2394
f 8554/172/2393 8555/174/2393 8562/182/2394 8561/181/2394
f 8555/174/2393 8556/176/2393 8563/183/2394 8562/182/2394
f 8557/178/2394 8558/177/2394 8565/184/2344 8564/185/2344
f 8558/177/2394 8559/179/2394 8566/186/2344 8565/184/2344
f 8559/179/2394 8560/180/2394 8567/187/2344 8566/186/2344
f 8560/180/2394 8561/181/2394 8568/188/2344 8567/187/2344
f 8561/181/2394 8562/182/2394 8569/189/2344 8568/188/2344
f 8562/182/2394 8563/183/2394 8570/190/2344 8569/189/2344
f 8564/185/2344 8565/184/2344 8572/191/2395 8571/192/2395
f 8565/184/2344 8566/186/2344 8573/193/2395 8572/191/2395
f 8566/186/2344 8567/187/2344 8574/194/2395 8573/193/2395
f 8567/187/2344 8568/188/2344 8575/195/2395 8574/194/2395
f 8568/188/2344 8569/189/2344 8576/196/2395 8575/195/2395
f 8569/189/2344 8570/190/2344 8577/197/2395 8576/196/2395
f 8571/192/2395 8572/191/2395 8579/198/2396 8578/199/2396
f 8572/191/2395 8573/193/2395 8580/200/2396 8579/198/2396
f 8573/193/2395 8574/194/2395 8581/201/2396 8580/200/2396
f 8574/194/2395 8575/195/2395 8582/202/2396 8581/201/2396
f 8575/195/2395 8576/196/2395 8583/203/2396 8582/202/2396
f 8576/196/2395 8577/197/2395 8584/204/2396 8583/203/2396
f 8578/199/2396 8579/198/2396 8586/205/2397 8585/206/2397
f 8579/198/2396 8580/200/2396 8587/207/2397 8586/205/2397
f 8580/200/2396 8581/201/2396 8588/208/2397 8587/207/2397
f 8581/201/2396 8582/202/2396 8589/209/2397 8588/208/2397
f 8582/202/2396 8583/203/2396 8590/210/2397 8589/209/2397
f 8583/203/2396 8584/204/2396 8591/211/2397 8590/210/2397
f 8359/50/2326 8396/212/2326 8543/163/2392 8375/213/2341
f 8396/212/2326 8397/214/2326 8544/164/2392 8543/163/2392
f 8397/214/2326 8398/215/2326 8545/167/2392 8544/164/2392
f 8398/215/2326 8399/79/2326 8546/169/2392 8545/167/2392
f 8399/79/2326 8400/216/2326 8547/171/2392 8546/169/2392
f 8400/216/2326 8401/217/2326 8548/173/2392 8547/171/2392
f 8401/217/2326 8402/75/2326 8549/175/2392 8548/173/2392
f 8402/75/2326 8357/76/2326 8416/218/2373 8549/175/2392
f 8549/175/2392 8416/218/2373 8415/219/2372 8556/176/2393
f 8556/176/2393 8415/219/2372 8414/220/2371 8563/183/2394
f 8563/183/2394 8414/220/2371 8413/221/2344 8570/190/2344
f 8570/190/2344 8413/221/2344 8412/222/2370 8577/197/2395
f 8577/197/2395 8412/222/2370 8411/223/2369 8584/204/2396
f 8584/204/2396 8411/223/2369 8410/224/2368 8591/211/2397
f 8591/211/2397 8410/224/2368 8353/131/2324 8444/225/2324
f 8590/210/2397 8591/211/2397 8444/225/2324 8443/226/2324
f 8589/209/2397 8590/210/2397 8443/226/2324 8442/227/2324
f 8588/208/2397 8589/209/2397 8442/227/2324 8441/160/2324
f 8587/207/2397 8588/208/2397 8441/160/2324 8440/228/2324
f 8586/205/2397 8587/207/2397 8440/228/2324 8439/229/2324
f 8585/206/2397 8586/205/2397 8439/229/2324 8438/230/2324
f 8381/231/2347 8585/206/2397 8438/230/2324 8355/157/2324
f 8380/232/2346 8578/199/2396 8585/206/2397 8381/231/2347
f 8379/233/2345 8571/192/2395 8578/199/2396 8380/232/2346
f 8378/234/2344 8564/185/2344 8571/192/2395 8379/233/2345
f 8377/235/2343 8557/178/2394 8564/185/2344 8378/234/2344
f 8376/236/2342 8550/166/2393 8557/178/2394 8377/235/2343
f 8375/213/2341 8543/163/2392 8550/166/2393 8376/236/2342
f 8592/237/2398 8593/238/2398 8600/239/2399 8599/240/2399
f 8593/238/2398 8594/241/2398 8601/242/2399 8600/239/2399
f 8594/241/2398 8595/243/2398 8602/244/2399 8601/242/2399
f 8595/243/2398 8596/245/2398 8603/246/2399 8602/244/2399
f 8596/245/2398 8597/247/2398 8604/248/2399 8603/246/2399
f 8597/247/2398 8598/249/2398 8605/250/2399 8604/248/2399
f 8599/240/2399 8600/239/2399 8607/251/2400 8606/252/2400
f 8600/239/2399 8601/242/2399 8608/253/2400 8607/251/2400
f 8601/242/2399 8602/244/2399 8609/254/2400 8608/253/2400
f 8602/244/2399 8603/246/2399 8610/255/2400 8609/254/2400
f 8603/246/2399 8604/248/2399 8611/256/2400 8610/255/2400
f 8604/248/2399 8605/250/2399 8612/257/2400 8611/256/2400
f 8606/252/2400 8607/251/2400 8614/258/2351 8613/259/2351
f 8607/251/2400 8608/253/2400 8615/260/2351 8614/258/2351
f 8608/253/2400 8609/254/2400 8616/261/2351 8615/260/2351
f 8609/254/2400 8610/255/2400 8617/262/2351 8616/261/2351
f 8610/255/2400 8611/256/2400 8618/263/2351 8617/262/2351
f 8611/256/2400 8612/257/2400 8619/264/2351 8618/263/2351
f 8613/259/2351 8614/258/2351 8621/265/2401 8620/266/2401
f 8614/258/2351 8615/260/2351 8622/267/2401 8621/265/2401
f 8615/260/2351 8616/261/2351 8623/268/2401 8622/267/2401
f 8616/261/2351 8617/262/2351 8624/269/2401 8623/268/2401
f 8617/262/2351 8618/263/2351 8625/270/2401 8624/269/2401
f 8618/263/2351 8619/264/2351 8626/271/2401 8625/270/2401
f 8620/266/2401 8621/265/2401 8628/272/2402 8627/273/2402
f 8621/265/2401 8622/267/2401 8629/274/2402 8628/272/2402
f 8622/267/2401 8623/268/2401 8630/275/2402 8629/274/2402
f 8623/268/2401 8624/269/2401 8631/276/2402 8630/275/2402
f 8624/269/2401 8625/270/2401 8632/277/2402 8631/276/2402
f 8625/270/2401 8626/271/2401 8633/278/2402 8632/277/2402
f 8627/273/2402 8628/272/2402 8635/279/2403 8634/280/2403
f 8628/272/2402 8629/274/2402 8636/281/2403 8635/279/2403
f 8629/274/2402 8630/275/2402 8637/282/2403 8636/281/2403
f 8630/275/2402 8631/276/2402 8638/283/2403 8637/282/2403
f 8631/276/2402 8632/277/2402 8639/284/2403 8638/283/2403
f 8632/277/2402 8633/278/2402 8640/285/2403 8639/284/2403
f 8356/286/2325 8430/287/2325 8592/237/2398 8382/288/2348
f 8430/287/2325 8429/289/2325 8593/238/2398 8592/237/2398
f 8429/289/2325 8428/290/2325 8594/241/2398 8593/238/2398
f 8428/290/2325 8427/291/2325 8595/243/2398 8594/241/2398
f 8427/291/2325 8426/292/2325 8596/245/2398 8595/243/2398
f 8426/292/2325 8425/293/2325 8597/247/2398 8596/245/2398
f 8425/293/2325 8424/294/2325 8598/249/2398 8597/247/2398
f 8424/294/2325 8354/295/2325 8423/296/2379 8598/249/2398
f 8598/249/2398 8423/296/2379 8422/297/2378 8605/250/2399
f 8605/250/2399 8422/297/2378 8421/298/2377 8612/257/2400
f 8612/257/2400 8421/298/2377 8420/299/2351 8619/264/2351
f 8619/264/2351 8420/299/2351 8419/300/2376 8626/271/2401
f 8626/271/2401 8419/300/2376 8418/301/2375 8633/278/2402
f 8633/278/2402 8418/301/2375 8417/302/2374 8640/285/2403
f 8640/285/2403 8417/302/2374 8358/67/2327 8437/66/2327
f 8639/284/2403 8640/285/2403 8437/66/2327 8436/65/2327
f 8638/283/2403 8639/284/2403 8436/65/2327 8435/303/2327
f 8637/282/2403 8638/283/2403 8435/303/2327 8434/304/2327
f 8636/281/2403 8637/282/2403 8434/304/2327 8433/305/2327
f 8635/279/2403 8636/281/2403 8433/305/2327 8432/306/2327
f 8634/280/2403 8635/279/2403 8432/306/2327 8431/307/2327
f 8388/308/2354 8634/280/2403 8431/307/2327 8360/59/2327
f 8387/309/2353 8627/273/2402 8634/280/2403 8388/308/2354
f 8386/310/2352 8620/266/2401 8627/273/2402 8387/309/2353
f 8385/311/2351 8613/259/2351 8620/266/2401 8386/310/2352
f 8384/312/2350 8606/252/2400 8613/259/2351 8385/311/2351
f 8383/313/2349 8599/240/2399 8606/252/2400 8384/312/2350
f 8382/288/2348 8592/237/2398 8599/240/2399 8383/313/2349
f 8733/1/2460 8734/2/2461 8741/3/2461 8740/4/2460
f 8734/2/2461 8735/5/2462 8742/6/2462 8741/3/2461
f 8735/5/2462 8736/7/2438 8743/8/2438 8742/6/2462
f 8736/7/2438 8737/9/2463 8744/10/2463 8743/8/2438
f 8737/9/2463 8738/11/2464 8745/12/2464 8744/10/2463
f 8738/11/2464 8739/13/2465 8746/14/2465 8745/12/2464
f 8740/4/2460 8741/3/2461 8748/15/2461 8747/16/2460
f 8741/3/2461 8742/6/2462 8749/17/2462 8748/15/2461
f 8742/6/2462 8743/8/2438 8750/18/2438 8749/17/2462
f 8743/8/2438 8744/10/2463 8751/19/2463 8750/18/2438
f 8744/10/2463 8745/12/2464 8752/20/2464 8751/19/2463
f 8745/12/2464 8746/14/2465 8753/21/2465 8752/20/2464
f 8747/16/2460 8748/15/2461 8755/22/2461 8754/23/2460
f 8748/15/2461 8749/17/2462 8756/24/2462 8755/22/2461
f 8749/17/2462 8750/18/2438 8757/25/2438 8756/24/2462
f 8750/18/2438 8751/19/2463 8758/26/2463 8757/25/2438
f 8751/19/2463 8752/20/2464 8759/27/2464 8758/26/2463
f 8752/20/2464 8753/21/2465 8760/28/2465 8759/27/2464
f 8754/23/2460 8755/22/2461 8762/29/2461 8761/30/2460
f 8755/22/2461 8756/24/2462 8763/31/2462 8762/29/2461
f 8756/24/2462 8757/25/2438 8764/32/2438 8763/31/2462
f 8757/25/2438 8758/26/2463 8765/33/2463 8764/32/2438
f 8758/26/2463 8759/27/2464 8766/34/2464 8765/33/2463
f 8759/27/2464 8760/28/2465 8767/35/2465 8766/34/2464
f 8761/30/2460 8762/29/2461 8769/36/2461 8768/37/2460
f 8762/29/2461 8763/31/2462 8770/38/2462 8769/36/2461
f 8763/31/2462 8764/32/2438 8771/39/2438 8770/38/2462
f 8764/32/2438 8765/33/2463 8772/40/2463 8771/39/2438
f 8765/33/2463 8766/34/2464 8773/41/2464 8772/40/2463
f 8766/34/2464 8767/35/2465 8774/42/2465 8773/41/2464
f 8768/37/2460 8769/36/2461 8776/43/2461 8775/44/2460
f 8769/36/2461 8770/38/2462 8777/45/2462 8776/43/2461
f 8770/38/2462 8771/39/2438 8778/46/2438 8777/45/2462
f 8771/39/2438 8772/40/2463 8779/47/2463 8778/46/2438
f 8772/40/2463 8773/41/2464 8780/48/2464 8779/47/2463
f 8773/41/2464 8774/42/2465 8781/49/2465 8780/48/2464
f 8647/50/2406 8683/51/2441 8733/1/2460 8684/52/2406
f 8683/51/2441 8682/53/2440 8734/2/2461 8733/1/2460
f 8682/53/2440 8681/54/2439 8735/5/2462 8734/2/2461
f 8681/54/2439 8680/55/2438 8736/7/2438 8735/5/2462
f 8680/55/2438 8679/56/2437 8737/9/2463 8736/7/2438
f 8679/56/2437 8678/57/2436 8738/11/2464 8737/9/2463
f 8678/57/2436 8677/58/2435 8739/13/2465 8738/11/2464
f 8677/58/2435 8648/59/2407 8719/60/2407 8739/13/2465
f 8739/13/2465 8719/60/2407 8720/61/2407 8746/14/2465
f 8746/14/2465 8720/61/2407 8721/62/2407 8753/21/2465
f 8753/21/2465 8721/62/2407 8722/63/2407 8760/28/2465
f 8760/28/2465 8722/63/2407 8723/64/2407 8767/35/2465
f 8767/35/2465 8723/64/2407 8724/65/2407 8774/42/2465
f 8774/42/2465 8724/65/2407 8725/66/2407 8781/49/2465
f 8781/49/2465 8725/66/2407 8646/67/2407 8691/68/2442
f 8780/48/2464 8781/49/2465 8691/68/2442 8692/69/2443
f 8779/47/2463 8780/48/2464 8692/69/2443 8693/70/2444
f 8778/46/2438 8779/47/2463 8693/70/2444 8694/71/2438
f 8777/45/2462 8778/46/2438 8694/71/2438 8695/72/2445
f 8776/43/2461 8777/45/2462 8695/72/2445 8696/73/2446
f 8775/44/2460 8776/43/2461 8696/73/2446 8697/74/2447
f 8690/75/2406 8775/44/2460 8697/74/2447 8645/76/2406
f 8689/77/2406 8768/37/2460 8775/44/2460 8690/75/2406
f 8688/78/2406 8761/30/2460 8768/37/2460 8689/77/2406
f 8687/79/2406 8754/23/2460 8761/30/2460 8688/78/2406
f 8686/80/2406 8747/16/2460 8754/23/2460 8687/79/2406
f 8685/81/2406 8740/4/2460 8747/16/2460 8686/80/2406
f 8684/52/2406 8733/1/2460 8740/4/2460 8685/81/2406
f 8782/82/2466 8783/83/2467 8790/84/2467 8789/85/2466
f 8783/83/2467 8784/86/2468 8791/87/2468 8790/84/2467
f 8784/86/2468 8785/88/2411 8792/89/2411 8791/87/2468
f 8785/88/2411 8786/90/2469 8793/91/2469 8792/89/2411
f 8786/90/2469 8787/92/2470 8794/93/2470 8793/91/2469
f 8787/92/2470 8788/94/2471 8795/95/2471 8794/93/2470
f 8789/85/2466 8790/84/2467 8797/96/2467 8796/97/2466
f 8790/84/2467 8791/87/2468 8798/98/2468 8797/96/2467
f 8791/87/2468 8792/89/2411 8799/99/2411 8798/98/2468
f 8792/89/2411 8793/91/2469 8800/100/2469 8799/99/2411
f 8793/91/2469 8794/93/2470 8801/101/2470 8800/100/2469
f 8794/93/2470 8795/95/2471 8802/102/2471 8801/101/2470
f 8796/97/2466 8797/96/2467 8804/103/2467 8803/104/2466
f 8797/96/2467 8798/98/2468 8805/105/2468 8804/103/2467
f 8798/98/2468 8799/99/2411 8806/106/2411 8805/105/2468
f 8799/99/2411 8800/100/2469 8807/107/2469 8806/106/2411
f 8800/100/2469 8801/101/2470 8808/108/2470 8807/107/2469
f 8801/101/2470 8802/102/2471 8809/109/2471 8808/108/2470
f 8803/104/2466 8804/103/2467 8811/110/2467 8810/111/2466
f 8804/103/2467 8805/105/2468 8812/112/2468 8811/110/2467
f 8805/105/2468 8806/106/2411 8813/113/2411 8812/112/2468
f 8806/106/2411 8807/107/2469 8814/114/2469 8813/113/2411
f 8807/107/2469 8808/108/2470 8815/115/2470 8814/114/2469
f 8808/108/2470 8809/109/2471 8816/116/2471 8815/115/2470
f 8810/111/2466 8811/110/2467 8818/117/2467 8817/118/2466
f 8811/110/2467 8812/112/2468 8819/119/2468 8818/117/2467
f 8812/112/2468 8813/113/2411 8820/120/2411 8819/119/2468
f 8813/113/2411 8814/114/2469 8821/121/2469 8820/120/2411
f 8814/114/2469 8815/115/2470 8822/122/2470 8821/121/2469
f 8815/115/2470 8816/116/2471 8823/123/2471 8822/122/2470
f 8817/118/2466 8818/117/2467 8825/124/2467 8824/125/2466
f 8818/117/2467 8819/119/2468 8826/126/2468 8825/124/2467
f 8819/119/2468 8820/120/2411 8827/127/2411 8826/126/2468
f 8820/120/2411 8821/121/2469 8828/128/2469 8827/127/2411
f 8821/121/2469 8822/122/2470 8829/129/2470 8828/128/2469
f 8822/122/2470 8823/123/2471 8830/130/2471 8829/129/2470
f 8641/131/2404 8649/132/2408 8782/82/2466 8732/133/2404
f 8649/132/2408 8650/134/2409 8783/83/2467 8782/82/2466
f 8650/134/2409 8651/135/2410 8784/86/2468 8783/83/2467
f 8651/135/2410 8652/136/2411 8785/88/2411 8784/86/2468
f 8652/136/2411 8653/137/2412 8786/90/2469 8785/88/2411
f 8653/137/2412 8654/138/2413 8787/92/2470 8786/90/2469
f 8654/138/2413 8655/139/2414 8788/94/2471 8787/92/2470
f 8655/139/2414 8642/140/2405 8712/141/2405 8788/94/2471
f 8788/94/2471 8712/141/2405 8713/142/2405 8795/95/2471
f 8795/95/2471 8713/142/2405 8714/143/2405 8802/102/2471
f 8802/102/2471 8714/143/2405 8715/144/2405 8809/109/2471
f 8809/109/2471 8715/144/2405 8716/145/2405 8816/116/2471
f 8816/116/2471 8716/145/2405 8717/146/2405 8823/123/2471
f 8823/123/2471 8717/146/2405 8718/147/2405 8830/130/2471
f 8830/130/2471 8718/147/2405 8644/148/2405 8656/149/2415
f 8829/129/2470 8830/130/2471 8656/149/2415 8657/150/2416
f 8828/128/2469 8829/129/2470 8657/150/2416 8658/151/2417
f 8827/127/2411 8828/128/2469 8658/151/2417 8659/152/2411
f 8826/126/2468 8827/127/2411 8659/152/2411 8660/153/2418
f 8825/124/2467 8826/126/2468 8660/153/2418 8661/154/2419
f 8824/125/2466 8825/124/2467 8661/154/2419 8662/155/2420
f 8726/156/2404 8824/125/2466 8662/155/2420 8643/157/2404
f 8727/158/2404 8817/118/2466 8824/125/2466 8726/156/2404
f 8728/159/2404 8810/111/2466 8817/118/2466 8727/158/2404
f 8729/160/2404 8803/104/2466 8810/111/2466 8728/159/2404
f 8730/161/2404 8796/97/2466 8803/104/2466 8729/160/2404
f 8731/162/2404 8789/85/2466 8796/97/2466 8730/161/2404
f 8732/133/2404 8782/82/2466 8789/85/2466 8731/162/2404
f 8831/163/2472 8832/164/2472 8839/165/2473 8838/166/2473
f 8832/164/2472 8833/167/2472 8840/168/2473 8839/165/2473
f 8833/167/2472 8834/169/2472 8841/170/2473 8840/168/2473
f 8834/169/2472 8835/171/2472 8842/172/2473 8841/170/2473
f 8835/171/2472 8836/173/2472 8843/174/2473 8842/172/2473
f 8836/173/2472 8837/175/2472 8844/176/2473 8843/174/2473
f 8838/166/2473 8839/165/2473 8846/177/2474 8845/178/2474
f 8839/165/2473 8840/168/2473 8847/179/2474 8846/177/2474
f 8840/168/2473 8841/170/2473 8848/180/2474 8847/179/2474
f 8841/170/2473 8842/172/2473 8849/181/2474 8848/180/2474
f 8842/172/2473 8843/174/2473 8850/182/2474 8849/181/2474
f 8843/174/2473 8844/176/2473 8851/183/2474 8850/182/2474
f 8845/178/2474 8846/177/2474 8853/184/2424 8852/185/2424
f 8846/177/2474 8847/179/2474 8854/186/2424 8853/184/2424
f 8847/179/2474 8848/180/2474 8855/187/2424 8854/186/2424
f 8848/180/2474 8849/181/2474 8856/188/2424 8855/187/2424
f 8849/181/2474 8850/182/2474 8857/189/2424 8856/188/2424
f 8850/182/2474 8851/183/2474 8858/190/2424 8857/189/2424
f 8852/185/2424 8853/184/2424 8860/191/2475 8859/192/2475
f 8853/184/2424 8854/186/2424 8861/193/2475 8860/191/2475
f 8854/186/2424 8855/187/2424 8862/194/2475 8861/193/2475
f 8855/187/2424 8856/188/2424 8863/195/2475 8862/194/2475
f 8856/188/2424 8857/189/2424 8864/196/2475 8863/195/2475
f 8857/189/2424 8858/190/2424 8865/197/2475 8864/196/2475
f 8859/192/2475 8860/191/2475 8867/198/2476 8866/199/2476
f 8860/191/2475 8861/193/2475 8868/200/2476 8867/198/2476
f 8861/193/2475 8862/194/2475 8869/201/2476 8868/200/2476
f 8862/194/2475 8863/195/2475 8870/202/2476 8869/201/2476
f 8863/195/2475 8864/196/2475 8871/203/2476 8870/202/2476
f 8864/196/2475 8865/197/2475 8872/204/2476 8871/203/2476
f 8866/199/2476 8867/198/2476 8874/205/2477 8873/206/2477
f 8867/198/2476 8868/200/2476 8875/207/2477 8874/205/2477
f 8868/200/2476 8869/201/2476 8876/208/2477 8875/207/2477
f 8869/201/2476 8870/202/2476 8877/209/2477 8876/208/2477
f 8870/202/2476 8871/203/2476 8878/210/2477 8877/209/2477
f 8871/203/2476 8872/204/2476 8879/211/2477 8878/210/2477
f 8647/50/2406 8684/212/2406 8831/163/2472 8663/213/2421
f 8684/212/2406 8685/214/2406 8832/164/2472 8831/163/2472
f 8685/214/2406 8686/215/2406 8833/167/2472 8832/164/2472
f 8686/215/2406 8687/79/2406 8834/169/2472 8833/167/2472
f 8687/79/2406 8688/216/2406 8835/171/2472 8834/169/2472
f 8688/216/2406 8689/217/2406 8836/173/2472 8835/171/2472
f 8689/217/2406 8690/75/2406 8837/175/2472 8836/173/2472
f 8690/75/2406 8645/76/2406 8704/218/2453 8837/175/2472
f 8837/175/2472 8704/218/2453 8703/219/2452 8844/176/2473
f 8844/176/2473 8703/219/2452 8702/220/2451 8851/183/2474
f 8851/183/2474 8702/220/2451 8701/221/2424 8858/190/2424
f 8858/190/2424 8701/221/2424 8700/222/2450 8865/197/2475
f 8865/197/2475 8700/222/2450 8699/223/2449 8872/204/2476
f 8872/204/2476 8699/223/2449 8698/224/2448 8879/211/2477
f 8879/211/2477 8698/224/2448 8641/131/2404 8732/225/2404
f 8878/210/2477 8879/211/2477 8732/225/2404 8731/226/2404
f 8877/209/2477 8878/210/2477 8731/226/2404 8730/227/2404
f 8876/208/2477 8877/209/2477 8730/227/2404 8729/160/2404
f 8875/207/2477 8876/208/2477 8729/160/2404 8728/228/2404
f 8874/205/2477 8875/207/2477 8728/228/2404 8727/229/2404
f 8873/206/2477 8874/205/2477 8727/229/2404 8726/230/2404
f 8669/231/2427 8873/206/2477 8726/230/2404 8643/157/2404
f 8668/232/2426 8866/199/2476 8873/206/2477 8669/231/2427
f 8667/233/2425 8859/192/2475 8866/199/2476 8668/232/2426
f 8666/234/2424 8852/185/2424 8859/192/2475 8667/233/2425
f 8665/235/2423 8845/178/2474 8852/185/2424 8666/234/2424
f 8664/236/2422 8838/166/2473 8845/178/2474 8665/235/2423
f 8663/213/2421 8831/163/2472 8838/166/2473 8664/236/2422
f 8880/237/2478 8881/238/2478 8888/239/2479 8887/240/2479
f 8881/238/2478 8882/241/2478 8889/242/2479 8888/239/2479
f 8882/241/2478 8883/243/2478 8890/244/2479 8889/242/2479
f 8883/243/2478 8884/245/2478 8891/246/2479 8890/244/2479
f 8884/245/2478 8885/247/2478 8892/248/2479 8891/246/2479
f 8885/247/2478 8886/249/2478 8893/250/2479 8892/248/2479
f 8887/240/2479 8888/239/2479 8895/251/2480 8894/252/2480
f 8888/239/2479 8889/242/2479 8896/253/2480 8895/251/2480
f 8889/242/2479 8890/244/2479 8897/254/2480 8896/253/2480
f 8890/244/2479 8891/246/2479 8898/255/2480 8897/254/2480
f 8891/246/2479 8892/248/2479 8899/256/2480 8898/255/2480
f 8892/248/2479 8893/250/2479 8900/257/2480 8899/256/2480
f 8894/252/2480 8895/251/2480 8902/258/2431 8901/259/2431
f 8895/251/2480 8896/253/2480 8903/260/2431 8902/258/2431
f 8896/253/2480 8897/254/2480 8904/261/2431 8903/260/2431
f 8897/254/2480 8898/255/2480 8905/262/2431 8904/261/2431
f 8898/255/2480 8899/256/2480 8906/263/2431 8905/262/2431
f 8899/256/2480 8900/257/2480 8907/264/2431 8906/263/2431
f 8901/259/2431 8902/258/2431 8909/265/2481 8908/266/2481
f 8902/258/2431 8903/260/2431 8910/267/2481 8909/265/2481
f 8903/260/2431 8904/261/2431 8911/268/2481 8910/267/2481
f 8904/261/2431 8905/262/2431 8912/269/2481 8911/268/2481
f 8905/262/2431 8906/263/2431 8913/270/2481 8912/269/2481
f 8906/263/2431 8907/264/2431 8914/271/2481 8913/270/2481
f 8908/266/2481 8909/265/2481 8916/272/2482 8915/273/2482
f 8909/265/2481 8910/267/2481 8917/274/2482 8916/272/2482
f 8910/267/2481 8911/268/2481 8918/275/2482 8917/274/2482
f 8911/268/2481 8912/269/2481 8919/276/2482 8918/275/2482
f 8912/269/2481 8913/270/2481 8920/277/2482 8919/276/2482
f 8913/270/2481 8914/271/2481 8921/278/2482 8920/277/2482
f 8915/273/2482 8916/272/2482 8923/279/2483 8922/280/2483
f 8916/272/2482 8917/274/2482 8924/281/2483 8923/279/2483
f 8917/274/2482 8918/275/2482 8925/282/2483 8924/281/2483
f 8918/275/2482 8919/276/2482 8926/283/2483 8925/282/2483
f 8919/276/2482 8920/277/2482 8927/284/2483 8926/283/2483
f 8920/277/2482 8921/278/2482 8928/285/2483 8927/284/2483
f 8644/286/2405 8718/287/2405 8880/237/2478 8670/288/2428
f 8718/287/2405 8717/289/2405 8881/238/2478 8880/237/2478
f 8717/289/2405 8716/290/2405 8882/241/2478 8881/238/2478
f 8716/290/2405 8715/291/2405 8883/243/2478 8882/241/2478
f 8715/291/2405 8714/292/2405 8884/245/2478 8883/243/2478
f 8714/292/2405 8713/293/2405 8885/247/2478 8884/245/2478
f 8713/293/2405 8712/294/2405 8886/249/2478 8885/247/2478
f 8712/294/2405 8642/295/2405 8711/296/2459 8886/249/2478
f 8886/249/2478 8711/296/2459 8710/297/2458 8893/250/2479
f 8893/250/2479 8710/297/2458 8709/298/2457 8900/257/2480
f 8900/257/2480 8709/298/2457 8708/299/2431 8907/264/2431
f 8907/264/2431 8708/299/2431 8707/300/2456 8914/271/2481
f 8914/271/2481 8707/300/2456 8706/301/2455 8921/278/2482
f 8921/278/2482 8706/301/2455 8705/302/2454 8928/285/2483
f 8928/285/2483 8705/302/2454 8646/67/2407 8725/66/2407
f 8927/284/2483 8928/285/2483 8725/66/2407 8724/65/2407
f 8926/283/2483 8927/284/2483 8724/65/2407 8723/303/2407
f 8925/282/2483 8926/283/2483 8723/303/2407 8722/304/2407
f 8924/281/2483 8925/282/2483 8722/304/2407 8721/305/2407
f 8923/279/2483 8924/281/2483 8721/305/2407 8720/306/2407
f 8922/280/2483 8923/279/2483 8720/306/2407 8719/307/2407
f 8676/308/2434 8922/280/2483 8719/307/2407 8648/59/2407
f 8675/309/2433 8915/273/2482 8922/280/2483 8676/308/2434
f 8674/310/2432 8908/266/2481 8915/273/2482 8675/309/2433
f 8673/311/2431 8901/259/2431 8908/266/2481 8674/310/2432
f 8672/312/2430 8894/252/2480 8901/259/2431 8673/311/2431
f 8671/313/2429 8887/240/2479 8894/252/2480 8672/312/2430
f 8670/288/2428 8880/237/2478 8887/240/2479 8671/313/2429
